complex,mutstr,num_muts,ddG,ddG_pred,fold
1SBB_A_B,LB20T,1,-0.09132687747478485,-0.13578158617019653,0
1SBB_A_B,VB26Y,1,-1.4554979801177979,-1.589318037033081,0
1SBB_A_B,YB91V,1,0.07911093533039093,-0.3201722502708435,0
1JCK_A_B,TB20A,1,1.654841661453247,1.2902846336364746,0
1JCK_A_B,YB26A,1,1.774827480316162,2.6334011554718018,0
1JCK_A_B,NB60A,1,1.6426256895065308,0.3001159429550171,0
1JCK_A_B,YB90A,1,2.5961403846740723,1.4259190559387207,0
1JCK_A_B,VB91A,1,2.232905387878418,2.0494167804718018,0
1JCK_A_B,KB103A,1,0.6766378879547119,1.2315824031829834,0
1JCK_A_B,FB176A,1,2.1339337825775146,1.2757877111434937,0
1SBB_A_B,LB20T,1,-0.10801676660776138,-0.13578158617019653,0
1SBB_A_B,VB26Y,1,-0.9060932397842407,-1.589318037033081,0
1SBB_A_B,YB91V,1,0.09132687747478485,-0.3201722502708435,0
1SBB_A_B,"LB20T,VB26Y,YB91V",3,0.13220183551311493,-0.9194807410240173,0
1JCK_A_B,TB20A,1,1.3232961893081665,1.2902846336364746,0
1JCK_A_B,NB23A,1,2.077467203140259,0.6192094683647156,0
1JCK_A_B,YB26A,1,1.747893214225769,2.6334011554718018,0
1JCK_A_B,NB60A,1,1.0159357786178589,0.3001159429550171,0
1JCK_A_B,YB90A,1,2.077467203140259,1.4259190559387207,0
1JCK_A_B,VB91A,1,1.9302657842636108,2.0494167804718018,0
1JCK_A_B,GB102A,1,0.013021446764469147,0.3625245988368988,0
1JCK_A_B,KB103A,1,0.1295628547668457,1.2315824031829834,0
1JCK_A_B,FB176A,1,1.787848949432373,1.2757877111434937,0
1JCK_A_B,QB210A,1,2.077467203140259,1.1293768882751465,0
2I26_N_L,AN29V,1,0.030388813465833664,-0.2983366847038269,0
2I26_N_L,SN60R,1,-0.6264405846595764,-0.4328061044216156,0
1AHW_AB_C,"TC110A,KC111A",2,0.6391429305076599,0.3866705298423767,0
1AHW_AB_C,"KC138A,DC139A",2,1.1820012331008911,0.6328837275505066,0
1AHW_AB_C,"IC141Q,TC143I,YC145T",3,3.977485179901123,1.396409511566162,0
1AHW_AB_C,YC145A,1,3.8070473670959473,1.006124496459961,0
1AHW_AB_C,YC146A,1,-1.8898556232452393,0.5485624074935913,0
1AHW_AB_C,"KC154A,KC155A",2,-1.3303074836730957,2.2195284366607666,0
1AHW_AB_C,TC156A,1,-0.07415315508842468,0.7945547699928284,0
1AHW_AB_C,"KC158A,NC160A,NC162A",3,4.074826717376709,1.841200351715088,0
1AHW_AB_C,TC159A,1,1.1062660217285156,0.04592268913984299,0
1AHW_AB_C,LC165A,1,0.9873782992362976,0.09376483410596848,0
1AHW_AB_C,DC167A,1,-0.4848095774650574,-0.029126733541488647,0
1AHW_AB_C,"SC184A,RC185A",2,4.018360137939453,1.2198923826217651,0
1AHW_AB_C,TC186A,1,1.346484661102295,0.18630987405776978,0
1AHW_AB_C,VC187A,1,-0.3143717646598816,-0.10640277713537216,0
1AHW_AB_C,NC188A,1,1.0787051916122437,0.11450441926717758,0
1AHW_AB_C,"RC189A,KC190A",2,4.018360137939453,1.663353681564331,0
1UUZ_A_D,HA62Q,1,1.5196093320846558,0.3162575960159302,0
1UUZ_A_D,HA62N,1,1.5196093320846558,-0.40775349736213684,0
1UUZ_A_D,HA62D,1,3.3792171478271484,-0.07833277434110641,0
1UUZ_A_D,HA62A,1,1.774827480316162,0.1268620789051056,0
1UUZ_A_D,CA64A,1,0.6508750319480896,2.609888792037964,0
1DVF_AB_CD,HA30A,1,1.6501208543777466,0.14085868000984192,0
1DVF_AB_CD,YA32A,1,2.031278610229492,0.9605568051338196,0
1DVF_AB_CD,YA49A,1,1.629451870918274,1.1550010442733765,0
1DVF_AB_CD,YA50A,1,0.6880815625190735,1.455399751663208,0
1DVF_AB_CD,WA92A,1,0.34087562561035156,3.2456471920013428,0
1DVF_AB_CD,SA93A,1,1.162959337234497,0.47563600540161133,0
1DVF_AB_CD,TB30A,1,0.9079189896583557,0.3091939091682434,0
1DVF_AB_CD,YB32A,1,1.832290768623352,1.454731822013855,0
1DVF_AB_CD,WB52A,1,4.134849548339844,1.3798320293426514,0
1DVF_AB_CD,DB54A,1,4.283173084259033,2.4240200519561768,0
1DVF_AB_CD,NB56A,1,1.162959337234497,2.2988405227661133,0
1DVF_AB_CD,DB58A,1,1.6007212400436401,0.9550543427467346,0
1DVF_AB_CD,EB98A,1,4.188523769378662,1.3788524866104126,0
1DVF_AB_CD,RB99A,1,1.875484585762024,0.3341067433357239,0
1DVF_AB_CD,DB100A,1,2.7907631397247314,2.163299322128296,0
1DVF_AB_CD,YB101F,1,2.0132148265838623,-0.9148527979850769,0
1DVF_AB_CD,EB98A,1,4.188523769378662,1.3788524866104126,0
1DVF_AB_CD,DB54A,1,4.283173084259033,2.4240200519561768,0
1DVF_AB_CD,DB58A,1,1.6007212400436401,0.9550543427467346,0
1DVF_AB_CD,YA49A,1,1.729231834411621,1.1550010442733765,0
1DVF_AB_CD,YA32A,1,2.031278610229492,0.9605568051338196,0
1DVF_AB_CD,NB56A,1,1.162959337234497,2.2988405227661133,0
1DVF_AB_CD,WB52A,1,4.134849548339844,1.3798320293426514,0
1DVF_AB_CD,DB100A,1,2.7907631397247314,2.163299322128296,0
1DVF_AB_CD,YD102A,1,4.7415571212768555,1.8628220558166504,0
1DVF_AB_CD,YC49A,1,1.8614336252212524,2.3704185485839844,0
1DVF_AB_CD,QD104A,1,1.629451870918274,1.4055836200714111,0
1DVF_AB_CD,ND55A,1,1.8614336252212524,1.5115735530853271,0
1DVF_AB_CD,RD106A,1,4.092513084411621,1.5707874298095703,0
1DVF_AB_CD,KD30A,1,1.0039665699005127,-0.17885753512382507,0
1DVF_AB_CD,HD33A,1,1.8614336252212524,1.6540803909301758,0
1DVF_AB_CD,DD52A,1,1.683043360710144,1.1945903301239014,0
1DVF_AB_CD,ID101A,1,2.682746410369873,0.7193843722343445,0
1DVF_AB_CD,"EB98A,YD102A",2,4.635371685028076,2.9216558933258057,0
1DVF_AB_CD,"DB54A,YC49A",2,4.4948835372924805,3.466939926147461,0
1DVF_AB_CD,"DB58A,QD104A",2,1.4648281335830688,3.2129666805267334,0
1DVF_AB_CD,"YA49A,ND55A",2,2.031278610229492,2.680405378341675,0
1DVF_AB_CD,"YA32A,RD106A",2,4.652670860290527,2.9911305904388428,0
1DVF_AB_CD,"NB56A,QD104A",2,1.48753023147583,2.2848691940307617,0
1DVF_AB_CD,"WB52A,QD104A",2,4.164727210998535,2.3658697605133057,0
1DVF_AB_CD,"DB100A,HD33A",2,4.14997673034668,2.6806552410125732,0
1DVF_AB_CD,"DB100A,DD52A",2,4.321657657623291,2.719525098800659,0
1DVF_AB_CD,"YA49A,HD33A",2,2.626220464706421,3.1803805828094482,0
1DVF_AB_CD,"DB100A,ND55A",2,4.092513084411621,2.9895122051239014,0
1DVF_AB_CD,"NB56A,ND55A",2,2.3021233081817627,2.952387571334839,0
1DVF_AB_CD,"NB56A,HD33A",2,2.527130603790283,2.5459253787994385,0
1VFB_AB_C,HA30A,1,0.8452608585357666,-0.5885025262832642,0
1VFB_AB_C,YA32A,1,1.3399860858917236,1.8593456745147705,0
1VFB_AB_C,YA49A,1,0.7978987097740173,1.536877155303955,0
1VFB_AB_C,YA50A,1,0.38801220059394836,2.2996726036071777,0
1VFB_AB_C,WA92A,1,2.728342294692993,2.6240851879119873,0
1VFB_AB_C,SA93A,1,0.34327760338783264,0.027180425822734833,0
1VFB_AB_C,TB30A,1,-0.055874548852443695,-0.10261092334985733,0
1VFB_AB_C,YB32A,1,0.46035218238830566,2.2051000595092773,0
1VFB_AB_C,WB52A,1,0.36446794867515564,0.723061740398407,0
1VFB_AB_C,DB54A,1,0.6389058828353882,1.5647984743118286,0
1VFB_AB_C,NB56A,1,0.17779755592346191,0.14029738306999207,0
1VFB_AB_C,DB58A,1,-0.20709602534770966,0.7376347780227661,0
1VFB_AB_C,EB98A,1,1.157075047492981,1.6254973411560059,0
1VFB_AB_C,RB99A,1,-0.09977996349334717,0.30839842557907104,0
1VFB_AB_C,DB100A,1,3.071619749069214,2.6380615234375,0
1VFB_AB_C,YB101F,1,0.9535146951675415,-0.5206504464149475,0
1VFB_AB_C,SB28N,1,0.14401189982891083,0.08260301500558853,0
1VFB_AB_C,SB28Q,1,0.07811605930328369,0.27889785170555115,0
1VFB_AB_C,SB28D,1,0.0,-0.36992231011390686,0
1VFB_AB_C,SB28E,1,-0.10405386239290237,0.057069145143032074,0
1VFB_AB_C,GB31A,1,0.3066025674343109,0.9740777015686035,0
1VFB_AB_C,GB31E,1,-0.5099895000457764,0.4522894620895386,0
1VFB_AB_C,GB31W,1,0.003962904214859009,0.32120245695114136,0
1VFB_AB_C,YB32E,1,1.903039813041687,1.4592260122299194,0
1VFB_AB_C,DB58N,1,-0.12823893129825592,0.23761069774627686,0
1VFB_AB_C,DB58E,1,0.07811605930328369,0.152739018201828,0
1VFB_AB_C,RB99Y,1,1.2359321117401123,-0.16930925846099854,0
1VFB_AB_C,RB99W,1,0.7052898406982422,-1.4221289157867432,0
1VFB_AB_C,NA31W,1,0.1744007170200348,-2.057457208633423,0
1VFB_AB_C,YA32W,1,5.63108491897583,-1.7445851564407349,0
1VFB_AB_C,LA46D,1,5.63108491897583,1.557251214981079,0
1VFB_AB_C,LA46E,1,5.63108491897583,1.7661052942276,0
1VFB_AB_C,YA50R,1,0.8447021245956421,1.0862467288970947,0
1VFB_AB_C,YA50K,1,1.716369390487671,-0.10702096670866013,0
1VFB_AB_C,TA52F,1,0.4710860252380371,-0.12356013804674149,0
1VFB_AB_C,TA53R,1,1.6465885639190674,0.9713767170906067,0
2VIS_AB_C,IC89T,1,-4.913825988769531,0.8618696331977844,0
2VIR_AB_C,SC115L,1,3.681856870651245,1.6948113441467285,0
2VIR_AB_C,TC89I,1,4.913825988769531,-0.9220766425132751,0
1KIQ_AB_C,FB101Y,1,-2.4960761070251465,0.41684406995773315,0
1KIP_AB_C,AB32Y,1,-0.8009516596794128,-1.8318003416061401,0
1KIR_AB_C,SA50Y,1,-1.3877153396606445,-1.7483856678009033,0
2JEL_LH_P,FP2Y,1,0.0,0.4552907943725586,0
2JEL_LH_P,FP2W,1,2.6203253269195557,-0.5702082514762878,0
2JEL_LH_P,QP3K,1,4.092513084411621,-0.6933478116989136,0
2JEL_LH_P,QP4K,1,1.3641711473464966,-1.1386535167694092,0
2JEL_LH_P,EP5D,1,0.4106564223766327,-0.4906648099422455,0
2JEL_LH_P,EP5Q,1,0.7132960557937622,0.5911818146705627,0
2JEL_LH_P,VP6F,1,0.0,-1.322824239730835,0
2JEL_LH_P,TP7N,1,0.4106564223766327,0.023866675794124603,0
2JEL_LH_P,TP7S,1,0.0,-0.16208121180534363,0
2JEL_LH_P,PP11E,1,0.0,0.14997875690460205,0
2JEL_LH_P,NP12D,1,0.0,-0.008979901671409607,0
2JEL_LH_P,RP17G,1,0.0,0.028948023915290833,0
2JEL_LH_P,RP17K,1,0.0,0.025631114840507507,0
2JEL_LH_P,KP24E,1,0.0,0.006240285933017731,0
2JEL_LH_P,KP27E,1,0.0,0.04937029629945755,0
2JEL_LH_P,TP34N,1,6.820855617523193,0.2689010202884674,0
2JEL_LH_P,TP34Q,1,0.0,-0.014082767069339752,0
2JEL_LH_P,TP36Q,1,0.4106564223766327,-0.4378844201564789,0
2JEL_LH_P,NP38T,1,0.0,-0.03177259862422943,0
2JEL_LH_P,SP41C,1,1.496372938156128,-0.987919270992279,0
2JEL_LH_P,SP43C,1,0.0,-0.3863849937915802,0
2JEL_LH_P,SP46C,1,0.0,0.13958954811096191,0
2JEL_LH_P,QP57E,1,-0.4106564223766327,0.1675294041633606,0
2JEL_LH_P,TP62N,1,0.0,1.0022258758544922,0
2JEL_LH_P,TP62A,1,0.0,0.19550754129886627,0
2JEL_LH_P,SP64T,1,4.092513084411621,0.36751511693000793,0
2JEL_LH_P,EP66K,1,4.092513084411621,-0.3776584565639496,0
2JEL_LH_P,EP68A,1,0.4106564223766327,0.2686213552951813,0
2JEL_LH_P,DP69E,1,0.9535146951675415,0.10450292378664017,0
2JEL_LH_P,EP70K,1,4.092513084411621,0.24484726786613464,0
2JEL_LH_P,EP70A,1,2.728342294692993,0.9326196312904358,0
2JEL_LH_P,QP71E,1,2.728342294692993,-0.29297104477882385,0
2JEL_LH_P,KP72R,1,0.0,0.04976733773946762,0
2JEL_LH_P,KP72E,1,0.4106564223766327,1.058939814567566,0
2JEL_LH_P,EP75R,1,2.728342294692993,1.596946358680725,0
2JEL_LH_P,HP76D,1,-0.6508750319480896,0.09099260717630386,0
2JEL_LH_P,HP76A,1,-0.4106564223766327,0.2638119161128998,0
2JEL_LH_P,KP79E,1,0.4106564223766327,0.32599076628685,0
2JEL_LH_P,AP82S,1,0.0,0.12005829066038132,0
2JEL_LH_P,EP83A,1,0.0,-0.12431303411722183,0
2JEL_LH_P,EP85Q,1,0.0,0.05161353200674057,0
2JEL_LH_P,EP85D,1,0.0,-0.003252774477005005,0
2JEL_LH_P,EP85A,1,0.0,0.028144367039203644,0
2JEL_LH_P,EP85K,1,0.0,0.024490244686603546,0
1NCA_N_LH,NH31Q,1,0.0,0.36427220702171326,0
1NCA_N_LH,EH100D,1,0.4106564223766327,0.44342461228370667,0
1NCA_N_LH,DH101K,1,0.7144798040390015,0.2733803391456604,0
1NCA_N_LH,NH102Q,1,0.5428582429885864,-0.15392372012138367,0
1EAW_A_B,QA23A,1,-0.5189116597175598,-0.0485340878367424,0
1EAW_A_B,IA26A,1,-0.8225061297416687,0.6815057992935181,0
1EAW_A_B,IA45A,1,-0.19435805082321167,1.4479272365570068,0
1EAW_A_B,DA46A,1,-0.1716310679912567,0.3272072970867157,0
1EAW_A_B,DA47A,1,1.5027753114700317,0.8048983216285706,0
1EAW_A_B,RA48A,1,0.5876145362854004,1.011454701423645,0
1EAW_A_B,FA50A,1,-0.4288126528263092,0.5642561316490173,0
1EAW_A_B,RA51A,1,0.23100829124450684,-0.054085396230220795,0
1EAW_A_B,YA52A,1,-0.07894066721200943,1.2337181568145752,0
1EAW_A_B,RA82A,1,-0.14974381029605865,0.4938734769821167,0
1EAW_A_B,FA89A,1,0.7285935878753662,0.5130628347396851,0
1EAW_A_B,NA90A,1,0.3080978989601135,0.40287941694259644,0
1EAW_A_B,DA91A,1,0.6544404625892639,0.07307448983192444,0
1EAW_A_B,FA92A,1,0.892020046710968,0.412792831659317,0
1EAW_A_B,TA93A,1,0.25474119186401367,-0.02473202347755432,0
1EAW_A_B,HA138A,1,-0.014480198733508587,0.7324737906455994,0
1EAW_A_B,QA140A,1,0.306678831577301,0.12529711425304413,0
1EAW_A_B,YA141A,1,0.5021535754203796,1.342441439628601,0
1EAW_A_B,TA144A,1,0.08945067971944809,0.9221241474151611,0
1EAW_A_B,LA147A,1,0.5021535754203796,0.08940965682268143,0
1EAW_A_B,EA163A,1,0.7036820650100708,0.2467312216758728,0
1EAW_A_B,QA168A,1,0.5650851130485535,-0.023595713078975677,0
1EAW_A_B,QA169A,1,-0.13309656083583832,-0.24076718091964722,0
1EAW_A_B,DA214A,1,2.2291338443756104,0.9154866337776184,0
1EAW_A_B,QA218A,1,0.1442377269268036,0.4506586492061615,0
1EAW_A_B,RA219A,1,-0.08855192363262177,0.24143439531326294,0
1EAW_A_B,KA221A,1,0.47605013847351074,-0.32937192916870117,0
3BN9_B_CD,QB23A,1,-0.41549280285835266,0.30525651574134827,0
3BN9_B_CD,IB26A,1,0.0,0.06122808903455734,0
3BN9_B_CD,IB45A,1,0.8355894684791565,1.9228994846343994,0
3BN9_B_CD,DB46A,1,0.4225773811340332,0.8002482056617737,0
3BN9_B_CD,DB47A,1,0.3112468421459198,0.4421105980873108,0
3BN9_B_CD,RB48A,1,-0.04501800239086151,0.8280877470970154,0
3BN9_B_CD,FB50A,1,-0.04501800239086151,0.7149906754493713,0
3BN9_B_CD,RB51A,1,-0.07158980518579483,0.3707271218299866,0
3BN9_B_CD,YB52A,1,0.018960081040859222,1.1809598207473755,0
3BN9_B_CD,RB82A,1,-0.1593041568994522,0.5547082424163818,0
3BN9_B_CD,FB89A,1,0.6395281553268433,1.103635549545288,0
3BN9_B_CD,NB90A,1,0.7736906409263611,0.29428985714912415,0
3BN9_B_CD,DB91A,1,6.698209762573242,0.6448271870613098,0
3BN9_B_CD,FB92A,1,6.698209762573242,2.6879475116729736,0
3BN9_B_CD,TB93A,1,1.1325596570968628,0.7214282155036926,0
3BN9_B_CD,HB138A,1,0.0851014032959938,0.40245312452316284,0
3BN9_B_CD,QB140A,1,0.1331643909215927,0.08088366687297821,0
3BN9_B_CD,YB141A,1,1.085138201713562,0.8085900545120239,0
3BN9_B_CD,TB144A,1,0.29096534848213196,-0.057240135967731476,0
3BN9_B_CD,LB147A,1,0.3363426923751831,0.18195301294326782,0
3BN9_B_CD,EB163A,1,0.3733830153942108,0.2561962902545929,0
3BN9_B_CD,QB168A,1,-0.0347142294049263,0.6923219561576843,0
3BN9_B_CD,QB169A,1,2.510108232498169,1.1882679462432861,0
3BN9_B_CD,DB214A,1,0.5664650201797485,1.6203782558441162,0
3BN9_B_CD,QB218A,1,0.7060266137123108,0.7198691964149475,0
3BN9_B_CD,RB219A,1,-0.09374012798070908,0.30059006810188293,0
3BN9_B_CD,KB221A,1,0.7853204011917114,0.3814311623573303,0
3BN9_B_CD,TD28R,1,0.33305492997169495,0.024192966520786285,0
3BN9_B_CD,SD30G,1,1.1866379976272583,0.3253553807735443,0
3BN9_B_CD,SD30N,1,1.1460179090499878,0.6712060570716858,0
3BN9_B_CD,TD102Q,1,-0.021546082571148872,-1.2538679838180542,0
3BN9_B_CD,TD102R,1,-0.058321017771959305,-0.4775935113430023,0
3BN9_B_CD,YD103S,1,0.4588911235332489,0.15192937850952148,0
3BN9_B_CD,PD104H,1,2.4283416271209717,1.1643190383911133,0
3BN9_B_CD,QD105V,1,1.2246508598327637,0.01862458884716034,0
3NPS_A_BC,QA23A,1,0.02633553557097912,0.09616405516862869,0
3NPS_A_BC,IA26A,1,0.641829788684845,-0.39301779866218567,0
3NPS_A_BC,IA45A,1,-0.3319664001464844,1.3159308433532715,0
3NPS_A_BC,DA46A,1,0.34013882279396057,1.5913715362548828,0
3NPS_A_BC,DA47A,1,1.0679484605789185,0.7288132309913635,0
3NPS_A_BC,RA48A,1,-1.0632169246673584,0.5297883749008179,0
3NPS_A_BC,FA50A,1,0.21966907382011414,0.8049084544181824,0
3NPS_A_BC,RA51A,1,0.13823023438453674,0.08040469139814377,0
3NPS_A_BC,YA52A,1,0.45209214091300964,1.2421900033950806,0
3NPS_A_BC,RA82A,1,-0.15166330337524414,0.6727449297904968,0
3NPS_A_BC,FA89A,1,1.5721080303192139,0.5796312093734741,0
3NPS_A_BC,NA90A,1,0.2535327076911926,0.2710699141025543,0
3NPS_A_BC,DA91A,1,1.5077089071273804,1.8161795139312744,0
3NPS_A_BC,FA92A,1,0.4637473225593567,1.17145836353302,0
3NPS_A_BC,TA93A,1,0.724136471748352,0.8073964715003967,0
3NPS_A_BC,HA138A,1,1.8759315013885498,0.7728374600410461,0
3NPS_A_BC,QA140A,1,0.2958686947822571,0.04399601370096207,0
3NPS_A_BC,YA141A,1,1.7756685018539429,2.3564186096191406,0
3NPS_A_BC,TA144A,1,0.175048366189003,1.077704668045044,0
3NPS_A_BC,LA147A,1,0.2958686947822571,0.23328697681427002,0
3NPS_A_BC,EA163A,1,0.6156237125396729,0.4489167034626007,0
3NPS_A_BC,QA168A,1,-0.0592503547668457,-0.11392941325902939,0
3NPS_A_BC,QA169A,1,0.7412393689155579,-0.7691939473152161,0
3NPS_A_BC,DA214A,1,1.4673998355865479,2.516512155532837,0
3NPS_A_BC,QA218A,1,-0.040935076773166656,0.9971453547477722,0
3NPS_A_BC,RA219A,1,-0.08393942564725876,0.4225408136844635,0
3NPS_A_BC,KA221A,1,-0.10365678369998932,0.026481129229068756,0
1DQJ_AB_C,YC20A,1,3.287179470062256,1.9281178712844849,0
1DQJ_AB_C,RC21A,1,1.1690744161605835,1.536083698272705,0
1DQJ_AB_C,WC63A,1,1.3468719720840454,3.133251905441284,0
1DQJ_AB_C,KC97A,1,3.5212817192077637,2.3532180786132812,0
1DQJ_AB_C,DC101A,1,1.4530574083328247,1.2360541820526123,0
1DQJ_AB_C,YC20A,1,3.287179470062256,1.9281178712844849,0
1DQJ_AB_C,RC21A,1,1.259554386138916,1.536083698272705,0
1DQJ_AB_C,WC62A,1,0.7584180235862732,1.9757294654846191,0
1DQJ_AB_C,WC63A,1,1.3468719720840454,3.133251905441284,0
1DQJ_AB_C,LC75A,1,1.4530574083328247,1.720616340637207,0
1DQJ_AB_C,TC89A,1,0.8412202596664429,0.8060359358787537,0
1DQJ_AB_C,NC93A,1,0.6501642465591431,0.8701484799385071,0
1DQJ_AB_C,KC96A,1,6.158576488494873,0.8972518444061279,0
1DQJ_AB_C,KC97A,1,3.5212817192077637,2.3532180786132812,0
1DQJ_AB_C,SC100A,1,0.7759302258491516,0.5890071988105774,0
1DQJ_AB_C,DC101A,1,1.3012763261795044,1.2360541820526123,0
1DQJ_AB_C,NA31A,1,2.0143353939056396,-0.015812121331691742,0
1DQJ_AB_C,NA32A,1,4.092513084411621,1.19184148311615,0
1DQJ_AB_C,YA50A,1,2.6794981956481934,1.747572660446167,0
1DQJ_AB_C,SA91A,1,1.4325294494628906,0.4740235507488251,0
1DQJ_AB_C,YA96A,1,1.1355592012405396,0.04593993350863457,0
1DQJ_AB_C,DB32A,1,2.0143353939056396,0.7476029992103577,0
1DQJ_AB_C,YB33A,1,5.526938438415527,1.2462249994277954,0
1DQJ_AB_C,YB50A,1,6.891109943389893,1.8006761074066162,0
1DQJ_AB_C,YB53A,1,1.1808065176010132,1.4555422067642212,0
1DQJ_AB_C,WB98A,1,4.9337334632873535,4.597110271453857,0
1DQJ_AB_C,"NA32A,KC96A",2,5.804446220397949,1.904973030090332,0
1DQJ_AB_C,"SA91A,RC21A",2,3.172151565551758,2.1202800273895264,0
1DQJ_AB_C,"SA91A,YC20A",2,3.5746920108795166,3.724665880203247,0
1DQJ_AB_C,"YA96A,RC21A",2,3.486760139465332,1.8320319652557373,0
1DQJ_AB_C,"YA96A,SC100A",2,0.9138562679290771,0.9541038274765015,0
1DQJ_AB_C,"DB32A,KC97A",2,1.1228859424591064,2.536839008331299,0
1DQJ_AB_C,"YB53A,WC62A",2,1.286884069442749,2.981318235397339,0
1DQJ_AB_C,"YB53A,WC63A",2,2.2002170085906982,3.3167307376861572,0
1DQJ_AB_C,"YB53A,LC75A",2,1.2174066305160522,2.8600857257843018,0
1DQJ_AB_C,"YB53A,DC101A",2,2.728342294692993,1.2662858963012695,0
1DQJ_AB_C,"WB98A,SC100A",2,5.364646911621094,4.81010103225708,0
1DQJ_AB_C,"WB98A,KC97A",2,6.6630682945251465,5.021498203277588,0
1DQJ_AB_C,"WB98A,YC20A",2,5.114386558532715,4.821265697479248,0
2FTL_E_I,TI11A,1,4.092513084411621,0.1568397879600525,0
2FTL_E_I,GI12A,1,4.392778396606445,1.5115602016448975,0
2FTL_E_I,PI13A,1,4.092513084411621,0.900676429271698,0
2FTL_E_I,KI15A,1,10.159197807312012,1.2916992902755737,0
2FTL_E_I,RI17A,1,4.092513084411621,-0.34554922580718994,0
2FTL_E_I,II18A,1,5.021842956542969,1.6627663373947144,0
2FTL_E_I,II19A,1,4.092513084411621,0.43977856636047363,0
2FTL_E_I,RI20A,1,4.092513084411621,0.7095310091972351,0
2FTL_E_I,FI33A,1,4.092513084411621,1.6353659629821777,0
2FTL_E_I,VI34A,1,4.092513084411621,1.2497007846832275,0
2FTL_E_I,YI35A,1,4.092513084411621,2.4261574745178223,0
2FTL_E_I,GI36A,1,4.942731857299805,1.456022024154663,0
2FTL_E_I,GI37A,1,4.092513084411621,1.9054090976715088,0
2FTL_E_I,RI39A,1,4.092513084411621,0.4227878153324127,0
2FTL_E_I,KI46A,1,4.092513084411621,-0.11432867497205734,0
1CBW_FGH_I,TI11A,1,0.19993937015533447,0.14818139374256134,0
1CBW_FGH_I,GI12A,1,0.6015963554382324,1.8786817789077759,0
1CBW_FGH_I,PI13A,1,-0.09973058849573135,0.9940257668495178,0
1CBW_FGH_I,KI15A,1,2.0023953914642334,1.948614478111267,0
1CBW_FGH_I,RI17A,1,0.5013869404792786,2.2554805278778076,0
1CBW_FGH_I,II19A,1,0.09961305558681488,-0.13683176040649414,0
1CBW_FGH_I,RI20A,1,0.3009684085845947,1.5789775848388672,0
1CBW_FGH_I,VI34A,1,0.0,0.8604021072387695,0
1CBW_FGH_I,YI35A,1,0.8011558651924133,2.009068489074707,0
1CBW_FGH_I,GI36A,1,0.9012055397033691,0.6071903109550476,0
1CBW_FGH_I,GI37A,1,0.8011558651924133,1.1527897119522095,0
1CBW_FGH_I,RI39A,1,0.19993937015533447,0.6787292957305908,0
1CBW_FGH_I,KI46A,1,0.09961305558681488,-0.18835872411727905,0
1CBW_FGH_I,TI11A,1,0.22198787331581116,0.14818139374256134,0
1CBW_FGH_I,GI12A,1,0.6857352256774902,1.8786817789077759,0
1CBW_FGH_I,PI13A,1,-0.05646670609712601,0.9940257668495178,0
1CBW_FGH_I,KI15A,1,2.0150461196899414,1.948614478111267,0
1CBW_FGH_I,RI17A,1,0.5535333752632141,2.2554805278778076,0
1CBW_FGH_I,II18A,1,1.4157211780548096,0.3502267301082611,0
1CBW_FGH_I,II19A,1,0.14287693798542023,-0.13683176040649414,0
1CBW_FGH_I,RI20A,1,0.3541897237300873,1.5789775848388672,0
1CBW_FGH_I,FI33A,1,0.14287693798542023,1.2164547443389893,0
1CBW_FGH_I,VI34A,1,0.051550064235925674,0.8604021072387695,0
1CBW_FGH_I,YI35A,1,0.8850788474082947,2.009068489074707,0
1CBW_FGH_I,GI36A,1,0.9641897678375244,0.6071903109550476,0
1CBW_FGH_I,GI37A,1,0.8213128447532654,1.1527897119522095,0
1CBW_FGH_I,RI39A,1,0.22198787331581116,0.6787292957305908,0
1CBW_FGH_I,KI46A,1,0.14287693798542023,-0.18835872411727905,0
1CBW_FGH_I,KI15G,1,4.156491279602051,1.8296136856079102,0
1CBW_FGH_I,KI15A,1,2.2109150886535645,1.948614478111267,0
1CBW_FGH_I,KI15S,1,3.4258387088775635,0.9691641926765442,0
1CBW_FGH_I,KI15V,1,2.1575517654418945,0.5007383227348328,0
1CBW_FGH_I,KI15T,1,2.107856035232544,-0.18602287769317627,0
1CBW_FGH_I,KI15D,1,5.2708024978637695,1.682955026626587,0
1CBW_FGH_I,KI15N,1,1.337599277496338,0.2885769009590149,0
1CBW_FGH_I,KI15M,1,-1.4417990446090698,-1.1451606750488281,0
1CBW_FGH_I,KI15I,1,2.9615907669067383,0.2127026915550232,0
1CBW_FGH_I,KI15L,1,-1.5974150896072388,-2.291832208633423,0
1CBW_FGH_I,KI15E,1,3.9066314697265625,3.6463630199432373,0
1CBW_FGH_I,KI15Q,1,0.3088434040546417,0.853376567363739,0
1CBW_FGH_I,KI15H,1,0.1001696065068245,-1.3655638694763184,0
1CBW_FGH_I,KI15R,1,-0.6204861998558044,-1.3475329875946045,0
1CBW_FGH_I,KI15F,1,-1.9846572875976562,-3.7946109771728516,0
1CBW_FGH_I,KI15Y,1,-2.641486644744873,-4.107851028442383,0
1CBW_FGH_I,KI15W,1,-2.4610352516174316,-3.9853923320770264,0
2FTL_E_I,KI15G,1,12.352226257324219,2.158027172088623,0
2FTL_E_I,KI15A,1,10.638931274414062,1.2916992902755737,0
2FTL_E_I,KI15S,1,7.723918437957764,1.5599265098571777,0
2FTL_E_I,KI15V,1,11.756443977355957,0.7370653748512268,0
2FTL_E_I,KI15T,1,10.59748363494873,0.9691533446311951,0
2FTL_E_I,KI15D,1,11.502717971801758,2.666548490524292,0
2FTL_E_I,KI15N,1,8.03310489654541,1.172661304473877,0
2FTL_E_I,KI15M,1,7.692373275756836,-0.5431883931159973,0
2FTL_E_I,KI15I,1,11.171451568603516,0.4426482021808624,0
2FTL_E_I,KI15L,1,8.864103317260742,-1.7333546876907349,0
2FTL_E_I,KI15E,1,9.424007415771484,3.4941842555999756,0
2FTL_E_I,KI15Q,1,9.370643615722656,1.5564501285552979,0
2FTL_E_I,KI15H,1,8.781781196594238,-0.11388456076383591,0
2FTL_E_I,KI15R,1,-0.5824391841888428,0.09543456137180328,0
2FTL_E_I,KI15F,1,7.027210712432861,-2.8885719776153564,0
2FTL_E_I,KI15Y,1,6.8570098876953125,-2.8881943225860596,0
2FTL_E_I,KI15W,1,8.664118766784668,-2.898780107498169,0
1GC1_G_C,KC1A,1,0.0624210461974144,0.07699967175722122,0
1GC1_G_C,KC2A,1,-0.01668989285826683,-0.00858684629201889,0
1GC1_G_C,KC7A,1,0.9978901147842407,0.25460880994796753,0
1GC1_G_C,KC8A,1,0.10526756942272186,0.03679530322551727,0
1GC1_G_C,DC10A,1,0.0,0.31685227155685425,0
1GC1_G_C,TC11A,1,0.0,0.08191126585006714,0
1GC1_G_C,TC15A,1,0.3220660388469696,-0.3782227337360382,0
1GC1_G_C,TC17A,1,-0.12810181081295013,0.2633908987045288,0
1GC1_G_C,SC19A,1,0.0,-0.0826401636004448,0
1GC1_G_C,QC20A,1,-0.01668989285826683,-0.011124849319458008,0
1GC1_G_C,KC21A,1,-0.12810181081295013,0.2520090341567993,0
1GC1_G_C,KC22A,1,0.2402186095714569,0.1963304579257965,0
1GC1_G_C,SC23A,1,0.2926822304725647,-0.11441116780042648,0
1GC1_G_C,QC25A,1,0.032032232731580734,0.10488038510084152,0
1GC1_G_C,HC27A,1,0.28255462646484375,0.9275341033935547,0
1GC1_G_C,KC29A,1,0.5362386107444763,2.2812552452087402,0
1GC1_G_C,NC30A,1,0.17043781280517578,0.032852135598659515,0
1GC1_G_C,SC31A,1,0.10526756942272186,0.24232453107833862,0
1GC1_G_C,NC32A,1,0.1826537549495697,0.09158341586589813,0
1GC1_G_C,QC33A,1,0.10526756942272186,0.7935336232185364,0
1GC1_G_C,KC35A,1,0.3220660388469696,1.349461317062378,0
1GC1_G_C,NC39A,1,0.465625137090683,1.3380472660064697,0
1GC1_G_C,QC40A,1,-0.4106564223766327,0.6410845518112183,0
1GC1_G_C,SC42A,1,0.0,1.009589433670044,0
1GC1_G_C,LC44A,1,1.0560202598571777,0.5483400225639343,0
1GC1_G_C,TC45A,1,-0.14889173209667206,0.665143609046936,0
1GC1_G_C,KC46A,1,1.4310189485549927,1.2182135581970215,0
1GC1_G_C,SC49A,1,0.6111744046211243,0.20241346955299377,0
1GC1_G_C,KC50A,1,0.04742145910859108,-0.048983581364154816,0
1GC1_G_C,LC51A,1,1.234022855758667,0.9233586192131042,0
1GC1_G_C,NC52A,1,0.7083382606506348,0.2164088785648346,0
1GC1_G_C,DC53A,1,0.3026396632194519,0.9978321194648743,0
1GC1_G_C,DC56A,1,-0.06978079676628113,1.415691614151001,0
1GC1_G_C,RC58A,1,0.13220183551311493,0.2126380205154419,0
1GC1_G_C,RC59A,1,1.1759138107299805,3.398432731628418,0
1GC1_G_C,SC60A,1,-0.08859037607908249,-0.3320769965648651,0
1GC1_G_C,DC63A,1,-0.31932955980300903,0.14970093965530396,0
1GC1_G_C,QC64A,1,0.44268864393234253,0.23774045705795288,0
1GC1_G_C,NC66A,1,-0.033863615244627,-0.15654069185256958,0
1GC1_G_C,KC72A,1,-0.01668989285826683,0.14451217651367188,0
1GC1_G_C,NC73A,1,-0.10801676660776138,-0.022379979491233826,0
1GC1_G_C,KC75A,1,0.15796467661857605,-0.36545589566230774,0
1GC1_G_C,EC77A,1,0.5622846484184265,0.32065895199775696,0
1GC1_G_C,YC82A,1,1.2906758785247803,1.8579192161560059,0
1GC1_G_C,EC85A,1,1.3232961893081665,0.843481719493866,0
1GC1_G_C,VC86A,1,-0.06978079676628113,0.10462185740470886,0
1GC1_G_C,EC87A,1,0.21785926818847656,-0.0081954225897789,0
1GC1_G_C,DC88A,1,-0.06978079676628113,0.24266844987869263,0
1GC1_G_C,QC89A,1,0.17043781280517578,-0.11778337508440018,0
1GC1_G_C,KC90A,1,0.04742145910859108,0.2422133982181549,0
1GC1_G_C,EC91A,1,-0.12810181081295013,-0.33594900369644165,0
1GC1_G_C,EC92A,1,0.016232576221227646,0.2525966465473175,0
1GC1_G_C,QC94A,1,-0.10801676660776138,0.22552704811096191,0
1GC1_G_C,QC89L,1,-0.31092584133148193,-0.3508327007293701,0
1GC1_G_C,"QC40A,DC63A",2,-0.4992468059062958,0.5414138436317444,0
1GC1_G_C,"QC40A,DC63A,QC89L",3,-0.8482471108436584,0.353628933429718,0
1NMB_N_LH,DH57N,1,2.9549508094787598,1.7123334407806396,0
1NMB_N_LH,DH57E,1,2.9549508094787598,0.5843405723571777,0
1NMB_N_LH,YH103A,1,2.141578435897827,0.6947590708732605,0
1NMB_N_LH,YH105F,1,1.4200456142425537,-0.6555898785591125,0
1NMB_N_LH,YL32F,1,0.466530978679657,0.8751493096351624,0
1NMB_N_LH,TL93F,1,-0.02391386404633522,-0.5844245553016663,0
1NMB_N_LH,TL93W,1,0.18427251279354095,-1.4570975303649902,0
1NMB_N_LH,LL94V,1,0.9004237651824951,1.0899568796157837,0
1VFB_AB_C,DC18A,1,0.3402828872203827,0.64593905210495,0
1VFB_AB_C,NC19A,1,0.3962641656398773,0.842714786529541,0
1VFB_AB_C,YC23A,1,0.4106564223766327,3.0249040126800537,0
1VFB_AB_C,SC24A,1,0.8513460755348206,0.8886163830757141,0
1VFB_AB_C,KC116A,1,0.7137698531150818,2.4634995460510254,0
1VFB_AB_C,TC118A,1,0.7654383182525635,0.6976702809333801,0
1VFB_AB_C,DC119A,1,0.9535146951675415,1.3407114744186401,0
1VFB_AB_C,VC120A,1,0.9173604846000671,0.9715649485588074,0
1VFB_AB_C,QC121A,1,2.878286361694336,0.8868709206581116,0
1VFB_AB_C,IC124A,1,1.2319692373275757,-0.4788489043712616,0
1VFB_AB_C,RC125A,1,1.8377223014831543,1.0719196796417236,0
1VFB_AB_C,LC129A,1,0.17162153124809265,0.04149068892002106,0
1VFB_AB_C,YA32A,1,1.7176494598388672,1.8593456745147705,0
1VFB_AB_C,YA50A,1,0.5245682597160339,2.2996726036071777,0
1VFB_AB_C,WA92A,1,3.350074291229248,2.6240851879119873,0
1VFB_AB_C,YB32A,1,1.1237155199050903,2.2051000595092773,0
1VFB_AB_C,WB52A,1,0.9173604846000671,0.723061740398407,0
1VFB_AB_C,DB54A,1,0.9920468330383301,1.5647984743118286,0
1VFB_AB_C,DB100A,1,2.941075086593628,2.6380615234375,0
1VFB_AB_C,YB101F,1,1.586751103401184,-0.5206504464149475,0
1VFB_AB_C,"YA32A,QC121A",2,1.586751103401184,2.406780958175659,0
1VFB_AB_C,"YA32A,IC124A",2,2.9070167541503906,2.071108341217041,0
1VFB_AB_C,"YA50A,DC18A",2,1.2664908170700073,3.284454584121704,0
1VFB_AB_C,"YA50A,DC119A",2,1.2319692373275757,4.083085060119629,0
1VFB_AB_C,"WA92A,QC121A",2,3.520512104034424,3.021329402923584,0
1VFB_AB_C,"WA92A,IC124A",2,3.852057695388794,1.954174518585205,0
1VFB_AB_C,"WA92A,RC125A",2,3.3948090076446533,3.69758677482605,0
1VFB_AB_C,"WA92A,LC129A",2,3.3088436126708984,3.0691330432891846,0
1VFB_AB_C,"YB32A,KC116A",2,1.586751103401184,3.0353214740753174,0
1VFB_AB_C,"WB52A,DC119A",2,2.2483787536621094,1.8847005367279053,0
1VFB_AB_C,"DB54A,TC118A",2,1.2552056312561035,1.6351447105407715,0
1VFB_AB_C,"DB100A,SC24A",2,3.371264696121216,3.045149564743042,0
1VFB_AB_C,"YB101F,DC119A",2,2.737746477127075,0.22943156957626343,0
1VFB_AB_C,"YB101F,VC120A",2,2.53961443901062,0.5947331190109253,0
3HFM_HL_Y,YY20A,1,4.878217697143555,1.8079357147216797,0
3HFM_HL_Y,NL32A,1,5.109632968902588,-0.18276014924049377,0
3HFM_HL_Y,KY96A,1,6.991293430328369,1.3059840202331543,0
3HFM_HL_Y,NL31A,1,5.216465950012207,0.6757001280784607,0
3HFM_HL_Y,"NL31A,KY96A",2,7.471730709075928,1.4954657554626465,0
3HFM_HL_Y,NL31D,1,1.3440860509872437,0.15558728575706482,0
3HFM_HL_Y,NL31E,1,5.709924697875977,0.4994199573993683,0
3HFM_HL_Y,YL50A,1,4.55963659286499,1.5982657670974731,0
3HFM_HL_Y,YL50L,1,4.395153045654297,0.8686097264289856,0
3HFM_HL_Y,YL50F,1,2.355921745300293,0.8155105113983154,0
3HFM_HL_Y,"YL50A,RY21A",2,6.369324207305908,2.844701051712036,0
3HFM_HL_Y,"YL50F,RY21A",2,4.3327317237854,2.1355090141296387,0
3HFM_HL_Y,"YL50F,YY20A",2,6.226447105407715,2.134420394897461,0
3HFM_HL_Y,"YL50A,KY96A",2,7.733495235443115,3.1610894203186035,0
3HFM_HL_Y,"YL50A,KY97A",2,7.32283878326416,2.7176971435546875,0
3HFM_HL_Y,KY97A,1,6.169980525970459,1.8145350217819214,0
3HFM_HL_Y,YH33A,1,6.037778854370117,1.4036531448364258,0
3HFM_HL_Y,"YH33A,KY97A",2,7.231512069702148,2.9991819858551025,0
3HFM_HL_Y,WH98F,1,3.2470154762268066,3.225691556930542,0
3HFM_HL_Y,"WH98F,YY20A",2,6.231808662414551,3.708207368850708,0
3HFM_HL_Y,WH98A,1,5.513151168823242,3.754420280456543,0
3HFM_HL_Y,"WH98A,KY96A",2,7.733495235443115,4.2250542640686035,0
3HFM_HL_Y,DH32A,1,1.8990768194198608,-0.18900805711746216,0
3HFM_HL_Y,"DH32A,KY97A",2,4.594496726989746,1.4656518697738647,0
3HFM_HL_Y,"DH32N,KY97A",2,4.893741130828857,1.6805317401885986,0
3HFM_HL_Y,DH32N,1,0.17043781280517578,-0.35410627722740173,0
3HFM_HL_Y,"DH32A,KY97M",2,1.1239525079727173,0.8396849036216736,0
3HFM_HL_Y,"DH32N,KY97M",2,0.3026396632194519,1.1885708570480347,0
3HFM_HL_Y,KY97M,1,1.0935636758804321,1.7865362167358398,0
3HFM_HL_Y,RY21A,1,1.0276678800582886,1.7116591930389404,0
3HFM_HL_Y,SH31A,1,0.17043781280517578,-0.014735274016857147,0
3HFM_HL_Y,YH50A,1,7.32283878326416,1.5914760828018188,0
3HFM_HL_Y,"YH50A,RY21A",2,7.944808006286621,3.4043471813201904,0
3HFM_HL_Y,QL53A,1,0.9535146951675415,1.6831941604614258,0
3HFM_HL_Y,YL96A,1,2.7082571983337402,-0.615098774433136,0
3HFM_HL_Y,"YL96A,RY21A",2,5.759324073791504,1.2232149839401245,0
3HFM_HL_Y,"YL96F,RY21A",2,4.183840274810791,1.2137978076934814,0
3HFM_HL_Y,YL96F,1,1.4024070501327515,-0.4134046733379364,0
3HFM_HL_Y,YH53W,1,0.6948397159576416,-0.025950290262699127,0
3HFM_HL_Y,YH53F,1,0.6105332374572754,0.08960119634866714,0
3HFM_HL_Y,YH53L,1,0.7939297556877136,-0.7560896873474121,0
3HFM_HL_Y,YH53A,1,3.1981747150421143,0.8037661910057068,0
3HFM_HL_Y,YH33W,1,1.7214642763137817,-0.28468775749206543,0
3HFM_HL_Y,YH33F,1,1.05401611328125,0.222889244556427,0
3HFM_HL_Y,YH33L,1,1.974704384803772,0.3228898346424103,0
3HFM_HL_Y,YH50F,1,1.5841330289840698,0.33437061309814453,0
3HFM_HL_Y,YH50L,1,2.8030807971954346,0.052885718643665314,0
3HFM_HL_Y,YH58F,1,0.35729318857192993,0.013356365263462067,0
3HFM_HL_Y,YH58L,1,1.4893616437911987,-0.26286718249320984,0
3HFM_HL_Y,YH58A,1,1.649124264717102,0.45906707644462585,0
3HFM_HL_Y,DY101G,1,0.19934363663196564,0.8865335583686829,0
3HFM_HL_Y,DY101A,1,1.2087328433990479,0.6097095012664795,0
3HFM_HL_Y,DY101N,1,1.3409347534179688,0.0013906881213188171,0
3HFM_HL_Y,DY101S,1,1.7124065160751343,0.21839147806167603,0
3HFM_HL_Y,DY101Q,1,1.9302657842636108,-0.18802431225776672,0
3HFM_HL_Y,DY101R,1,2.1230628490448,0.7132008075714111,0
3HFM_HL_Y,DY101E,1,1.9741711616516113,0.42742180824279785,0
3HFM_HL_Y,DY101F,1,2.1704843044281006,-0.6375933289527893,0
3HFM_HL_Y,DY101K,1,1.9741711616516113,0.008462540805339813,0
3HFM_HL_Y,RY21W,1,1.9741711616516113,-0.8486098051071167,0
3HFM_HL_Y,RY21Q,1,2.241950750350952,0.8289912939071655,0
3HFM_HL_Y,RY21E,1,2.2935006618499756,1.0438151359558105,0
3HFM_HL_Y,RY21G,1,2.2702643871307373,1.1145241260528564,0
3HFM_HL_Y,RY21N,1,2.1704843044281006,0.7353705763816833,0
3HFM_HL_Y,RY21H,1,2.0150461196899414,0.682748019695282,0
3HFM_HL_Y,RY21K,1,1.619389295578003,0.05329743027687073,0
3HFM_HL_Y,NY19K,1,0.2402186095714569,-0.4288981854915619,0
3HFM_HL_Y,NY19Q,1,-0.04250481724739075,0.13689643144607544,0
3HFM_HL_Y,NY19D,1,0.4106564223766327,0.14019399881362915,0
3HFM_HL_Y,GY102V,1,0.2402186095714569,1.220219612121582,0
3HFM_HL_Y,RY21G,1,2.5760552883148193,1.1145241260528564,0
3HFM_HL_Y,RY21A,1,0.8213128447532654,1.7116591930389404,0
3HFM_HL_Y,RY21N,1,2.488123655319214,0.7353705763816833,0
3HFM_HL_Y,RY21E,1,2.6155667304992676,1.0438151359558105,0
3HFM_HL_Y,RY21Q,1,2.555265426635742,0.8289912939071655,0
3HFM_HL_Y,RY21H,1,2.325532913208008,0.682748019695282,0
3HFM_HL_Y,RY21M,1,2.0508084297180176,1.5212557315826416,0
3HFM_HL_Y,RY21K,1,1.9148765802383423,0.05329743027687073,0
3HFM_HL_Y,RY21W,1,2.2935006618499756,-0.8486098051071167,0
3HFM_HL_Y,KY97G,1,6.433435440063477,1.4749505519866943,0
3HFM_HL_Y,KY97A,1,5.55808162689209,1.8145350217819214,0
3HFM_HL_Y,KY97D,1,6.771455764770508,0.7767936587333679,0
3HFM_HL_Y,KY97E,1,3.606121778488159,1.6372401714324951,0
3HFM_HL_Y,KY97M,1,0.8012278079986572,1.7865362167358398,0
3HFM_HL_Y,KY97R,1,3.054218292236328,1.1670658588409424,0
3HFM_HL_Y,DY101G,1,0.5186731815338135,0.8865335583686829,0
3HFM_HL_Y,DY101A,1,1.5346089601516724,0.6097095012664795,0
3HFM_HL_Y,DY101S,1,2.0280675888061523,0.21839147806167603,0
3HFM_HL_Y,DY101N,1,1.6426256895065308,0.0013906881213188171,0
3HFM_HL_Y,DY101E,1,2.2935006618499756,0.42742180824279785,0
3HFM_HL_Y,DY101Q,1,2.241950750350952,-0.18802431225776672,0
3HFM_HL_Y,DY101K,1,2.276810884475708,0.008462540805339813,0
3HFM_HL_Y,DY101F,1,2.488123655319214,-0.6375933289527893,0
3HFM_HL_Y,DY101R,1,2.4387240409851074,0.7132008075714111,0
3HFM_HL_Y,YY20F,1,-0.5046222805976868,0.45899179577827454,0
3HFM_HL_Y,KY96M,1,6.779980659484863,1.5059890747070312,0
3HFM_HL_Y,GY102V,1,0.5507054328918457,1.220219612121582,0
3HFM_HL_Y,HY15A,1,-0.44551658630371094,-0.06690055876970291,0
3HFM_HL_Y,YY20A,1,4.2734375,1.8079357147216797,0
3HFM_HL_Y,RY21A,1,0.8621878027915955,1.7116591930389404,0
3HFM_HL_Y,WY63A,1,0.31932955980300903,1.6469969749450684,0
3HFM_HL_Y,RY73A,1,-0.33154547214508057,0.7781485319137573,0
3HFM_HL_Y,LY75A,1,0.7047714591026306,0.5074161291122437,0
3HFM_HL_Y,TY89A,1,0.0,0.511813759803772,0
3HFM_HL_Y,NY93A,1,0.21131277084350586,0.2544955313205719,0
3HFM_HL_Y,KY96A,1,6.489310264587402,1.3059840202331543,0
3HFM_HL_Y,IY98A,1,0.0,1.124950885772705,0
3HFM_HL_Y,SY100A,1,0.26777946949005127,0.3141179084777832,0
3HFM_HL_Y,DY101A,1,0.9535146951675415,0.6097095012664795,0
3HFM_HL_Y,YY20F,1,-0.4637473225593567,0.45899179577827454,0
3HFM_HL_Y,YY20L,1,2.185483932495117,1.151008129119873,0
3HFM_HL_Y,KY96R,1,5.355400085449219,0.26453691720962524,0
1SMF_E_I,EI8A,1,1.0128092765808105,-0.3698404133319855,0
1SMF_E_I,SI4A,1,1.899971604347229,0.045870743691921234,0
1SMF_E_I,TI2A,1,2.0460517406463623,0.9429740309715271,0
1SMF_E_I,II5A,1,3.5114190578460693,1.20162034034729,0
1SMF_E_I,KI3A,1,5.689055919647217,-0.1538453996181488,0
1FY8_E_I,DE168N,1,0.17043781280517578,-0.006524890661239624,0
1FY8_E_I,QE128K,1,1.171373963356018,-0.038565702736377716,0
3TGK_E_I,NE170D,1,-0.17043781280517578,0.21988680958747864,0
1F5R_A_I,KA129Q,1,-1.171373963356018,0.15449845790863037,0
3BTD_E_I,DI13K,1,-11.502717971801758,-2.2523930072784424,0
3BTE_E_I,EI13K,1,-9.424007415771484,-1.390455961227417,0
3BTF_E_I,FI13K,1,-7.027210712432861,3.873706102371216,0
3BTG_E_I,GI13K,1,-12.352226257324219,0.6185450553894043,0
3BTH_E_I,HI13K,1,-8.781781196594238,0.6352121829986572,0
3BTM_E_I,MI13K,1,-7.692373275756836,1.250617265701294,0
3BTQ_E_I,QI13K,1,-9.370643615722656,-1.150641679763794,0
3BTW_E_I,WI13K,1,-8.664118766784668,3.7223401069641113,0
3BTT_E_I,TI13K,1,-10.59748363494873,-0.6723867058753967,0
2VLR_ABC_DE,AE95S,1,0.035205524414777756,-0.09441428631544113,0
1OGA_ABC_DE,DE28A,1,1.5732008218765259,1.4471280574798584,0
1OGA_ABC_DE,DE28S,1,2.162247657775879,0.9747275710105896,0
1OGA_ABC_DE,QE48A,1,2.162247657775879,0.6631324291229248,0
1OGA_ABC_DE,QE48E,1,2.162247657775879,-1.9296610355377197,0
1OGA_ABC_DE,IE49A,1,2.162247657775879,1.673201084136963,0
1OGA_ABC_DE,IE49G,1,2.162247657775879,-0.6766621470451355,0
1OGA_ABC_DE,IE49N,1,2.162247657775879,0.31176093220710754,0
1OGA_ABC_DE,IE49V,1,0.20096902549266815,0.5705095529556274,0
1OGA_ABC_DE,IE49L,1,1.418562650680542,-0.1711997091770172,0
1OGA_ABC_DE,NE51A,1,1.129621982574463,0.8408729434013367,0
1OGA_ABC_DE,NE51D,1,0.49543678760528564,0.4575035572052002,0
1OGA_ABC_DE,DE52A,1,0.13220183551311493,0.33533352613449097,0
1OGA_ABC_DE,QE54A,1,0.49543678760528564,0.9756353497505188,0
1OGA_ABC_DE,QE54E,1,0.0,0.41672900319099426,0
1OGA_ABC_DE,RE94A,1,2.162247657775879,1.100499153137207,0
1OGA_ABC_DE,RE94H,1,2.162247657775879,0.1945582628250122,0
1OGA_ABC_DE,SE95A,1,-0.035205524414777756,0.2595483362674713,0
1OGA_ABC_DE,YE97A,1,0.2325739562511444,0.3454062342643738,0
1OGA_ABC_DE,YE97F,1,0.49543678760528564,-1.2533454895019531,0
1OGA_ABC_DE,SD29A,1,0.6276386380195618,0.5614676475524902,0
1OGA_ABC_DE,SD30A,1,1.038295030593872,0.6975153088569641,0
1OGA_ABC_DE,QD32A,1,0.9758740067481995,-0.10301796346902847,0
2VLR_ABC_DE,AE95S,1,0.0,-0.09441428631544113,0
1OGA_ABC_DE,IE49V,1,0.20047320425510406,0.5705095529556274,0
1OGA_ABC_DE,NE51A,1,1.100896954536438,0.8408729434013367,0
1OGA_ABC_DE,DE52A,1,0.10062168538570404,0.33533352613449097,0
1OGA_ABC_DE,QE54A,1,0.5006897449493408,0.9756353497505188,0
1OGA_ABC_DE,QE54E,1,0.0,0.41672900319099426,0
1OGA_ABC_DE,SE95A,1,0.0,0.2595483362674713,0
1OGA_ABC_DE,YE97A,1,0.20047320425510406,0.3454062342643738,0
1OGA_ABC_DE,YE97F,1,0.5006897449493408,-1.2533454895019531,0
1OGA_ABC_DE,SD30A,1,1.001283884048462,0.6975153088569641,0
1OGA_ABC_DE,QD32A,1,1.001283884048462,-0.10301796346902847,0
2P5E_ABC_DE,"TD52P,PD53F,AE49S,IE50V,QE51G,TE52M,LD96T,LD97S,DD98G,TD100S,LE94V",11,1.962705135345459,3.3809173107147217,0
2P5E_ABC_DE,"TD52Q,PD53S,WD54S,AE49G,IE50A,QE51G",6,4.409873008728027,2.4329311847686768,0
2P5E_ABC_DE,"TD52Q,PD53S,WD54S,AE49G,IE50A,QE51G,TE52I,LD96T,LD97S,DD98G,TD100S,LE94V",12,7.9558820724487305,3.9371235370635986,0
2P5E_ABC_DE,"YD32D,TD52Q,PD53S,WD54S,AE49G,IE50A,QE51G,TE52I,LD96T,LD97S,DD98G,TD100S,LE94V",13,7.778084754943848,4.846485614776611,0
2P5E_ABC_DE,YD32D,1,7.607646942138672,2.366485834121704,0
2PYE_ABC_DE,"QD52T,SD53P,SD54W,GE50A,AE51I,GE52Q",6,-4.409873008728027,0.758877158164978,0
2PYE_ABC_DE,"QD52P,SD53F,SD54W,GE50S,AE51V,TE53M,LD96T,LD97S,DD98G,TD100S,LE95V",11,-2.4471678733825684,1.83101224899292,0
2PYE_ABC_DE,"TE53I,LD96T,LD97S,DD98G,TD100S,LE95V",6,3.5460093021392822,2.4806699752807617,0
2PYE_ABC_DE,"YD32D,TE53I,LD96T,LD97S,DD98G,TD100S,LE95V",7,3.368211507797241,3.918423652648926,0
2PYE_ABC_DE,"YD32D,QD52T,SD53P,SD54W,GE50A,AE51I,GE52Q",7,3.1977736949920654,3.201777219772339,0
3QDG_ABC_DE,DD26W,1,-1.562268853187561,0.1540171504020691,0
3QDG_ABC_DE,DD26Y,1,-1.7938382625579834,0.6088020205497742,0
3QDG_ABC_DE,RD27W,1,0.5964834690093994,-0.8236674666404724,0
3QDG_ABC_DE,LE95W,1,-0.70299232006073,-1.059253454208374,0
3QDG_ABC_DE,FE97W,1,0.9345039129257202,-1.8746240139007568,0
3QDG_ABC_DE,TE99F,1,-0.03865187615156174,1.6930792331695557,0
3QDG_ABC_DE,GD28I,1,0.8663308620452881,0.5178325176239014,0
3QDG_ABC_DE,GD28L,1,1.3886055946350098,0.6961019039154053,0
3QDG_ABC_DE,GD28Y,1,1.5025767087936401,-0.48794451355934143,0
3QDG_ABC_DE,RD27P,1,0.13840557634830475,-0.5955299735069275,0
3QDG_ABC_DE,GD28P,1,1.091920256614685,0.2538728415966034,0
3QDG_ABC_DE,AE52P,1,-0.06589584797620773,-1.3743247985839844,0
3QDG_ABC_DE,GD28N,1,0.8517016768455505,0.8701781630516052,0
3QDG_ABC_DE,FE97Y,1,1.3945599794387817,0.3862673342227936,0
3QDG_ABC_DE,"DD26W,LE95W",2,-3.354782819747925,-0.6214073300361633,0
3QDG_ABC_DE,"DD26Y,LE95W",2,-3.5434513092041016,-0.40743017196655273,0
3QDJ_ABC_DE,DD26W,1,-2.1718637943267822,-0.05893620103597641,0
3QDJ_ABC_DE,DD26Y,1,-1.3372368812561035,0.37925687432289124,0
3QDJ_ABC_DE,RD27W,1,0.21679848432540894,-0.9150037169456482,0
3QDJ_ABC_DE,LE95W,1,-0.8076926469802856,-1.09759521484375,0
3QDJ_ABC_DE,FE97W,1,0.38962042331695557,-2.3146910667419434,0
3QDJ_ABC_DE,TE99F,1,-0.27570536732673645,2.7838947772979736,0
3QDJ_ABC_DE,GD28I,1,-0.10526756942272186,0.6707571744918823,0
3QDJ_ABC_DE,GD28L,1,0.6554499864578247,0.5153881311416626,0
3QDJ_ABC_DE,GD28Y,1,0.5564784407615662,-0.5799826383590698,0
3QDJ_ABC_DE,RD27P,1,0.03995572030544281,-0.7737152576446533,0
3QDJ_ABC_DE,GD28P,1,1.2250399589538574,0.5930756330490112,0
3QDJ_ABC_DE,AE52P,1,0.20716489851474762,-0.9972335696220398,0
3QDJ_ABC_DE,GD28N,1,0.4106564223766327,1.0436854362487793,0
3QDJ_ABC_DE,FE97Y,1,0.7784663438796997,0.040577419102191925,0
3QDJ_ABC_DE,"DD26W,LE95W",2,-2.5309700965881348,-1.546486496925354,0
3QDJ_ABC_DE,"DD26Y,LE95W",2,-1.9139586687088013,-1.264596700668335,0
4L3E_ABC_DE,"YD26D,WE95L",2,3.5434513092041016,1.6192688941955566,0
4L3E_ABC_DE,RA65A,1,1.3017500638961792,2.784327745437622,0
4L3E_ABC_DE,YE48A,1,2.228330373764038,2.181828737258911,0
4L3E_ABC_DE,"RA65A,YE48A",2,3.809299945831299,3.454925298690796,0
4L3E_ABC_DE,"RA65A,YD26A",2,4.440748691558838,3.7667949199676514,0
4L3E_ABC_DE,YD26A,1,2.784808874130249,0.7534942030906677,0
4L3E_ABC_DE,"YD26A,RA65A",2,4.370967864990234,3.7667949199676514,0
4L3E_ABC_DE,YD50A,1,0.4679982364177704,3.633384943008423,0
4L3E_ABC_DE,QA155A,1,1.2590373754501343,1.7481411695480347,0
4L3E_ABC_DE,"YD50A,QA155A",2,1.0905137062072754,4.183995246887207,0
4L3E_ABC_DE,ND52A,1,-0.45974576473236084,1.5271235704421997,0
4L3E_ABC_DE,EA166A,1,1.2175184488296509,0.7495474815368652,0
4L3E_ABC_DE,"ND52A,EA166A",2,1.0916823148727417,2.3315377235412598,0
1BD2_ABC_DE,EE28A,1,2.8351387977600098,1.169614553451538,0
1BD2_ABC_DE,YC8A,1,2.7603745460510254,3.6308207511901855,0
1BD2_ABC_DE,"EE28A,YC8A",2,3.966677188873291,5.419652462005615,0
1BD2_ABC_DE,ED93A,1,1.3156907558441162,0.12164966017007828,0
1BD2_ABC_DE,RA65A,1,2.4992330074310303,2.4791386127471924,0
1BD2_ABC_DE,"ED93A,RA65A",2,3.1152541637420654,2.2389659881591797,0
1BD2_ABC_DE,DD30N,1,1.9193298816680908,-0.22281992435455322,0
1BD2_ABC_DE,YC5A,1,3.4075310230255127,2.7269632816314697,0
1BD2_ABC_DE,"DD30N,YC5A",2,1.4770017862319946,3.363342046737671,0
1BD2_ABC_DE,DD30N,1,1.9555097818374634,-0.22281992435455322,0
1BD2_ABC_DE,YC5F,1,0.7336106896400452,-1.1610405445098877,0
1BD2_ABC_DE,"DD30N,YC5F",2,2.499720573425293,-0.6112833619117737,0
1BD2_ABC_DE,YE99A,1,0.2170730084180832,1.4288581609725952,0
1BD2_ABC_DE,YC5F,1,0.5563236474990845,-1.1610405445098877,0
1BD2_ABC_DE,"YE99A,YC5F",2,0.8948648571968079,0.8170991539955139,0
1BD2_ABC_DE,YE99A,1,0.2357640564441681,1.4288581609725952,0
1BD2_ABC_DE,YC5A,1,3.2765021324157715,2.7269632816314697,0
1BD2_ABC_DE,"YE99A,YC5A",2,2.6869916915893555,2.6052067279815674,0
1AO7_ABC_DE,DD26A,1,0.9790003895759583,1.156315565109253,0
1AO7_ABC_DE,EA58A,1,-0.7198425531387329,0.08848799020051956,0
1AO7_ABC_DE,"DD26A,EA58A",2,0.749596118927002,0.47347041964530945,0
1AO7_ABC_DE,RD27A,1,0.5465116500854492,0.780290961265564,0
1AO7_ABC_DE,RD27A,1,0.4344104528427124,0.780290961265564,0
1AO7_ABC_DE,RA170A,1,-0.26356273889541626,0.6173562407493591,0
1AO7_ABC_DE,"RD27A,RA170A",2,1.1865081787109375,0.45830684900283813,0
1AO7_ABC_DE,QD30L,1,1.8337008953094482,-0.14428484439849854,0
1AO7_ABC_DE,LC1A,1,0.701011061668396,2.2191569805145264,0
1AO7_ABC_DE,"QD30L,LC1A",2,2.7626969814300537,2.905244827270508,0
1AO7_ABC_DE,QD30L,1,1.5372130870819092,-0.14428484439849854,0
1AO7_ABC_DE,LC1A,1,1.4165904521942139,2.2191569805145264,0
1AO7_ABC_DE,"QD30L,LC1A",2,3.0241568088531494,2.905244827270508,0
1AO7_ABC_DE,QD30V,1,-0.166723370552063,-0.9307605624198914,0
1AO7_ABC_DE,LC1A,1,0.6994990706443787,2.2191569805145264,0
1AO7_ABC_DE,"QD30V,LC1A",2,0.7237116098403931,2.803349256515503,0
1AO7_ABC_DE,QD30V,1,-0.01751217059791088,-0.9307605624198914,0
1AO7_ABC_DE,YA159A,1,3.245335340499878,2.288546562194824,0
1AO7_ABC_DE,"QD30V,YA159A",2,3.3302760124206543,2.1803414821624756,0
1AO7_ABC_DE,"EA63Q,QD30V",2,-0.006822939030826092,0.8136193156242371,0
1AO7_ABC_DE,"EA63Q,KA66A",2,1.3316361904144287,2.445723295211792,0
1AO7_ABC_DE,"EA63Q,QD30V,KA66A",3,1.8550679683685303,2.531019926071167,0
1AO7_ABC_DE,SD31A,1,1.0230309963226318,1.0147405862808228,0
1AO7_ABC_DE,YC5A,1,1.532821774482727,3.734426736831665,0
1AO7_ABC_DE,"SD31A,YC5A",2,1.70949125289917,4.106281757354736,0
1AO7_ABC_DE,SD31A,1,0.9827497601509094,1.0147405862808228,0
1AO7_ABC_DE,YC5F,1,-0.12532611191272736,-0.5562911629676819,0
1AO7_ABC_DE,"SD31A,YC5F",2,-0.04054573178291321,0.10988345742225647,0
1AO7_ABC_DE,YD50A,1,0.4984462559223175,1.4601554870605469,0
1AO7_ABC_DE,QA155A,1,0.4116840958595276,0.9454981684684753,0
1AO7_ABC_DE,"YD50A,QA155A",2,0.27613577246665955,3.235668897628784,0
1AO7_ABC_DE,YD50A,1,0.48383235931396484,1.4601554870605469,0
1AO7_ABC_DE,QA155A,1,-0.10445237159729004,0.9454981684684753,0
1AO7_ABC_DE,"YD50A,QA155A",2,-0.11211679875850677,3.235668897628784,0
1AO7_ABC_DE,ND52A,1,0.3549194037914276,0.540987491607666,0
1AO7_ABC_DE,EA166A,1,3.86672043800354,0.8782516121864319,0
1AO7_ABC_DE,"ND52A,EA166A",2,3.1431562900543213,1.6305011510849,0
1AO7_ABC_DE,KD66A,1,1.292189598083496,1.9589149951934814,0
1AO7_ABC_DE,TA163A,1,0.48929646611213684,0.9185451865196228,0
1AO7_ABC_DE,"KD66A,TA163A",2,0.9781012535095215,2.2858376502990723,0
4FTV_ABC_DE,KD66A,1,-1.5795713663101196,1.80854070186615,0
4FTV_ABC_DE,TA163A,1,0.3611190617084503,0.7660806775093079,0
4FTV_ABC_DE,"KD66A,TA163A",2,-2.1304590702056885,2.412997007369995,0
1AO7_ABC_DE,KD66A,1,1.1308817863464355,1.9589149951934814,0
1AO7_ABC_DE,EA166A,1,2.6047894954681396,0.8782516121864319,0
1AO7_ABC_DE,"KD66A,EA166A",2,3.0337634086608887,3.396827459335327,0
1AO7_ABC_DE,TD91A,1,0.9576147198677063,1.0836220979690552,0
1AO7_ABC_DE,YC5A,1,1.7602497339248657,3.734426736831665,0
1AO7_ABC_DE,"TD91A,YC5A",2,3.0309817790985107,4.220911502838135,0
1AO7_ABC_DE,TD92A,1,1.9466557502746582,0.40164074301719666,0
1AO7_ABC_DE,RA65A,1,3.229688882827759,1.742274522781372,0
1AO7_ABC_DE,"TD92A,RA65A",2,2.423471212387085,2.332695484161377,0
4FTV_ABC_DE,DD93A,1,1.014264464378357,1.1399693489074707,0
4FTV_ABC_DE,RA65A,1,3.8267173767089844,1.6937980651855469,0
4FTV_ABC_DE,"DD93A,RA65A",2,1.4018852710723877,2.8997318744659424,0
4FTV_ABC_DE,DD93A,1,0.7796263694763184,1.1399693489074707,0
4FTV_ABC_DE,RA65A,1,3.188480854034424,1.6937980651855469,0
4FTV_ABC_DE,"DD93A,RA65A",2,0.9260520935058594,2.8997318744659424,0
1AO7_ABC_DE,DD93N,1,2.4595212936401367,0.8030775189399719,0
1AO7_ABC_DE,RA65A,1,3.107842445373535,1.742274522781372,0
1AO7_ABC_DE,"DD93N,RA65A",2,3.084350109100342,2.4106554985046387,0
4FTV_ABC_DE,"EA63Q,DD93A",2,-0.0045398841612041,1.4022482633590698,0
4FTV_ABC_DE,"EA63Q,KA66A",2,1.3316361904144287,2.8367319107055664,0
4FTV_ABC_DE,"EA63Q,DD93A,KA66A",3,1.8550679683685303,2.1138463020324707,0
1AO7_ABC_DE,SD94A,1,-0.47518959641456604,0.6167147755622864,0
1AO7_ABC_DE,YC5A,1,1.633864164352417,3.734426736831665,0
1AO7_ABC_DE,"SD94A,YC5A",2,1.8610118627548218,3.971113443374634,0
1AO7_ABC_DE,WD95A,1,2.224470615386963,2.500654458999634,0
1AO7_ABC_DE,AA69G,1,1.1818314790725708,-0.9094700217247009,0
1AO7_ABC_DE,"WD95A,AA69G",2,2.905458688735962,2.771505355834961,0
1AO7_ABC_DE,EE28A,1,2.022149085998535,1.062876582145691,0
1AO7_ABC_DE,YC8A,1,3.1675331592559814,3.7773211002349854,0
1AO7_ABC_DE,"EE28A,YC8A",2,3.425438165664673,5.094991207122803,0
3D3V_ABC_DE,EE30A,1,2.1146318912506104,1.8260269165039062,0
3D3V_ABC_DE,YC8A,1,3.413588047027588,3.08642840385437,0
3D3V_ABC_DE,"EE30A,YC8A",2,3.9009265899658203,5.144269943237305,0
3D3V_ABC_DE,EE30A,1,3.2307486534118652,1.8260269165039062,0
3D3V_ABC_DE,YC8F,1,0.9274752736091614,-0.3899783194065094,0
3D3V_ABC_DE,"EE30A,YC8F",2,2.573496103286743,1.5321537256240845,0
1AO7_ABC_DE,RE92A,1,0.45314955711364746,1.7845001220703125,0
1AO7_ABC_DE,YC5A,1,1.6349810361862183,3.734426736831665,0
1AO7_ABC_DE,"RE92A,YC5A",2,2.019083261489868,4.317392349243164,0
1AO7_ABC_DE,RE92A,1,0.20430143177509308,1.7845001220703125,0
1AO7_ABC_DE,YC5A,1,1.2211077213287354,3.734426736831665,0
1AO7_ABC_DE,"RE92A,YC5A",2,1.0463039875030518,4.317392349243164,0
1AO7_ABC_DE,RE92A,1,0.48315757513046265,1.7845001220703125,0
1AO7_ABC_DE,YC5A,1,1.562010407447815,3.734426736831665,0
1AO7_ABC_DE,"RE92A,YC5A",2,1.7197613716125488,4.317392349243164,0
1AO7_ABC_DE,RE92A,1,0.4193563163280487,1.7845001220703125,0
1AO7_ABC_DE,YC5F,1,0.1695607602596283,-0.5562911629676819,0
1AO7_ABC_DE,"RE92A,YC5F",2,0.6059800386428833,-0.3316408097743988,0
3D3V_ABC_DE,LE97A,1,2.617166519165039,2.009202003479004,0
3D3V_ABC_DE,YC8A,1,3.413588047027588,3.08642840385437,0
3D3V_ABC_DE,"LE97A,YC8A",2,4.390338897705078,3.767336845397949,0
1AO7_ABC_DE,PE100A,1,1.149296522140503,2.105725049972534,0
1AO7_ABC_DE,YC5A,1,1.746180534362793,3.734426736831665,0
1AO7_ABC_DE,"PE100A,YC5A",2,2.406045913696289,3.6317663192749023,0
1AO7_ABC_DE,PE100A,1,1.124916672706604,2.105725049972534,0
1AO7_ABC_DE,YC5A,1,1.3831615447998047,3.734426736831665,0
1AO7_ABC_DE,"PE100A,YC5A",2,1.9248974323272705,3.6317663192749023,0
1AO7_ABC_DE,PE100A,1,1.1977499723434448,2.105725049972534,0
1AO7_ABC_DE,YC5A,1,1.6319506168365479,3.734426736831665,0
1AO7_ABC_DE,"PE100A,YC5A",2,2.4474644660949707,3.6317663192749023,0
1AO7_ABC_DE,PE100A,1,1.159019112586975,2.105725049972534,0
1AO7_ABC_DE,QA155A,1,0.4208890199661255,0.9454981684684753,0
1AO7_ABC_DE,"PE100A,QA155A",2,0.9303608536720276,1.911271095275879,0
1AO7_ABC_DE,DD93A,1,0.7796263694763184,2.0804190635681152,0
1AO7_ABC_DE,QA72A,1,0.35666170716285706,-0.06420474499464035,0
1AO7_ABC_DE,"DD93A,QA72A",2,1.0608429908752441,2.5147578716278076,0
1AO7_ABC_DE,RE99A,1,0.0646953359246254,0.5764583945274353,0
1AO7_ABC_DE,YC5A,1,1.745092511177063,3.734426736831665,0
1AO7_ABC_DE,"RE99A,YC5A",2,1.8859434127807617,4.474935054779053,0
5E9D_AB_CDE,GD27E,1,-0.4793570935726166,0.6729505658149719,0
5E9D_AB_CDE,TD90Q,1,-0.5739302635192871,-0.8761945366859436,0
5E9D_AB_CDE,VE49D,1,-0.43268319964408875,0.4520542323589325,0
5E9D_AB_CDE,AE98Y,1,-0.8998063206672668,-0.16581028699874878,0
5E9D_AB_CDE,YD49W,1,-0.34910088777542114,0.2158716320991516,0
5E9D_AB_CDE,NE27G,1,0.27520233392715454,-0.19537922739982605,0
5E9D_AB_CDE,SD50G,1,-0.0356469601392746,-0.6885964870452881,0
5E9D_AB_CDE,KD96Q,1,0.18748797476291656,1.4138197898864746,0
5E9D_AB_CDE,"GD27E,TD90Q",2,-1.5506813526153564,1.0169309377670288,0
5E9D_AB_CDE,"GD27E,VE49D",2,-1.2024459838867188,1.286419153213501,0
5E9D_AB_CDE,"GD27E,AE98Y",2,-1.3104627132415771,0.07643792778253555,0
5E9D_AB_CDE,"TD90Q,AE98Y",2,-1.2722268104553223,-0.6674599051475525,0
5E9D_AB_CDE,"GD27E,TD90Q,AE98Y",3,-2.475290298461914,0.4595087170600891,0
5E9D_AB_CDE,"GD27R,TD90Q,VE49E,AE98D",4,-3.1261651515960693,0.31161773204803467,0
5E9D_AB_CDE,"GD27E,TD90Q,VE49D,AE98E",4,-2.6363978385925293,0.9701640605926514,0
5E9D_AB_CDE,"GD27R,TD90Q,VE49E,AE98V",4,-2.7594141960144043,0.26044267416000366,0
1AO7_ABC_DE,AE96M,1,-0.3088434040546417,-0.06150249391794205,0
1AO7_ABC_DE,GE97S,1,-0.34087562561035156,0.15347272157669067,0
1AO7_ABC_DE,"GE97S,GE98A,RE99E",3,-3.454111337661743,1.401627779006958,0
1AO7_ABC_DE,"AE96M,GE97S,GE98A,RE99E",4,-3.9038448333740234,1.5170787572860718,0
1AO7_ABC_DE,"AE96M,GE97S,GE98A",3,-3.549654960632324,0.6855044960975647,0
1AO7_ABC_DE,"AE96M,GE97S,GE98A,RE99Q",4,-3.9603114128112793,0.9119462370872498,0
4FTV_ABC_DE,"ME98A,SE99G,AE100G,QE101R",4,3.9603114128112793,1.6653544902801514,0
4FTV_ABC_DE,"SE99G,AE100G,QE101R",3,3.65146803855896,1.866896629333496,0
4FTV_ABC_DE,"ME98A,AE100G,QE101R",3,3.6194357872009277,1.2797508239746094,0
4FTV_ABC_DE,"ME98A,QE101E",2,0.5062000751495361,0.7937974333763123,0
4FTV_ABC_DE,QE101E,1,0.05646670609712601,0.8877939581871033,0
4FTV_ABC_DE,QE101R,1,0.4106564223766327,-0.23188257217407227,0
1AO7_ABC_DE,YC5F,1,0.17043781280517578,-0.5562911629676819,0
3QFJ_ABC_DE,FC5Y,1,-0.17043781280517578,0.9144617319107056,0
4JFF_ABC_DE,EC1A,1,7.32283878326416,0.8655927181243896,0
4JFF_ABC_DE,GC4A,1,6.518215656280518,0.5787222981452942,0
4JFF_ABC_DE,GC6A,1,6.595266342163086,1.9065685272216797,0
4JFF_ABC_DE,IC7A,1,6.429625511169434,1.8648617267608643,0
4JFF_ABC_DE,LC8A,1,6.198886394500732,1.7232725620269775,0
4JFF_ABC_DE,TC9A,1,6.534448623657227,0.7899079322814941,0
4JFD_ABC_DE,AC4G,1,-6.518215656280518,0.5141313672065735,0
4JFD_ABC_DE,"AC4G,EC1A",2,0.8046229481697083,1.116868257522583,0
4JFD_ABC_DE,"AC4G,GC6A",2,0.07705023139715195,2.755370855331421,0
4JFD_ABC_DE,"AC4G,IC7A",2,-0.08859037607908249,2.7658441066741943,0
4JFD_ABC_DE,"AC4G,LC8A",2,-0.31932955980300903,2.428388833999634,0
4JFD_ABC_DE,"AC4G,TC9A",2,0.016232576221227646,1.4218006134033203,0
4JFE_ABC_DE,AC7I,1,-6.429625511169434,-2.158818483352661,0
4JFE_ABC_DE,"AC7I,EC1A",2,0.8932133316993713,-2.760042428970337,0
4JFE_ABC_DE,"AC7I,GC4A",2,0.08859037607908249,-1.183868169784546,0
4JFE_ABC_DE,"AC7I,GC6A",2,0.16564060747623444,-0.30966997146606445,0
4JFE_ABC_DE,"AC7I,LC8A",2,-0.23073917627334595,1.4752209186553955,0
4JFE_ABC_DE,"AC7I,TC9A",2,0.10482294857501984,-1.3776288032531738,0
3QDJ_ABC_DE,AC2L,1,2.299999237060547,-0.5724292397499084,0
3PWP_ABC_DE,GC2L,1,-0.6341851353645325,0.8577672839164734,0
3PWP_ABC_DE,"GC2L,IC9V",2,-0.38579463958740234,-0.314753919839859,0
1AO7_ABC_DE,AA150P,1,1.0039665699005127,-0.4038066565990448,0
3H9S_ABC_DE,AA150P,1,0.16316837072372437,-0.3179035782814026,0
1BD2_ABC_DE,YC5F,1,0.930243194103241,-1.1610405445098877,0
1BD2_ABC_DE,YC5W,1,1.9285753965377808,-2.328662633895874,0
1BD2_ABC_DE,YE99A,1,0.471099317073822,1.4288581609725952,0
1AO7_ABC_DE,YC5F,1,0.13273294270038605,-0.5562911629676819,0
1AO7_ABC_DE,YC5A,1,1.5963654518127441,3.734426736831665,0
1AO7_ABC_DE,YC5W,1,0.8890236616134644,-0.4943179190158844,0
1AO7_ABC_DE,SD31A,1,0.5326756834983826,1.0147405862808228,0
1LP9_ABC_EF,TA163A,1,-0.40431997179985046,1.07979416847229,0
1LP9_ABC_EF,WA167A,1,0.29880499839782715,2.55812668800354,0
1LP9_ABC_EF,KA66A,1,0.7283912301063538,1.4211301803588867,0
2UWE_ABC_EF,AA163T,1,0.40431997179985046,-0.5099514126777649,0
2JCC_ABC_EF,AA167W,1,-0.29880499839782715,-2.216036558151245,0
2J8U_ABC_EF,AA66K,1,-0.7283912301063538,0.4281527101993561,0
1LP9_ABC_EF,KA66A,1,1.1528583765029907,1.4211301803588867,0
2J8U_ABC_EF,AA66K,1,-1.1528583765029907,0.4281527101993561,0
1AO7_ABC_DE,"EA63Q,KA66A",2,0.929108202457428,2.445723295211792,0
1AO7_ABC_DE,KA66A,1,2.9348535537719727,2.5484061241149902,0
1BD2_ABC_DE,"EA63Q,KA66A",2,1.9614979028701782,2.6470346450805664,0
1AO7_ABC_DE,VC7R,1,1.225422739982605,3.0777878761291504,0
1QSE_ABC_DE,RC7V,1,-1.225422739982605,0.738927960395813,0
1MI5_ABC_DE,SD23A,1,0.10006427019834518,0.18478447198867798,0
1MI5_ABC_DE,TD24A,1,0.2604089677333832,0.39613327383995056,0
1MI5_ABC_DE,SD26A,1,-0.039184655994176865,1.0163618326187134,0
1MI5_ABC_DE,TD28A,1,0.5875756144523621,1.3838284015655518,0
1MI5_ABC_DE,DD29A,1,1.2319692373275757,1.395009994506836,0
1MI5_ABC_DE,YD30A,1,0.4496324956417084,1.3041274547576904,0
1MI5_ABC_DE,HD32A,1,1.2319692373275757,0.4774148464202881,0
1MI5_ABC_DE,HD47A,1,1.1172796487808228,0.286888062953949,0
1MI5_ABC_DE,LD49A,1,1.2319692373275757,2.095325469970703,0
1MI5_ABC_DE,TD50A,1,-0.5584657788276672,1.0300731658935547,0
1MI5_ABC_DE,SD51A,1,0.4820149838924408,-0.2227860689163208,0
1MI5_ABC_DE,ND52A,1,-0.019268428906798363,-0.04365924745798111,0
1MI5_ABC_DE,PD89A,1,1.2319692373275757,1.3143970966339111,0
1MI5_ABC_DE,LD90A,1,1.2319692373275757,0.6627760529518127,0
1MI5_ABC_DE,AD91G,1,0.6083049178123474,-1.2010101079940796,0
1MI5_ABC_DE,GD92A,1,0.7641347646713257,1.043772578239441,0
1MI5_ABC_DE,GD93A,1,1.2319692373275757,1.7604188919067383,0
1MI5_ABC_DE,TD94A,1,0.9429946541786194,0.8835079073905945,0
1MI5_ABC_DE,SD95A,1,0.8272079229354858,0.8759036064147949,0
1MI5_ABC_DE,YD96A,1,1.2319692373275757,1.065085768699646,0
1MI5_ABC_DE,GD97A,1,1.2319692373275757,1.7266948223114014,0
1MI5_ABC_DE,KD98A,1,1.2319692373275757,0.3063783645629883,0
1MI5_ABC_DE,SE25A,1,0.03228163346648216,0.029260732233524323,0
1MI5_ABC_DE,GE26A,1,-0.2893606722354889,0.6943976283073425,0
1MI5_ABC_DE,VE28A,1,0.2930837571620941,1.6544604301452637,0
1MI5_ABC_DE,SE29A,1,1.0638965368270874,0.2371523082256317,0
1MI5_ABC_DE,QE48A,1,-0.0703735426068306,0.5980953574180603,0
1MI5_ABC_DE,NE49A,1,-0.43286994099617004,-0.06412146240472794,0
1MI5_ABC_DE,EE50A,1,0.8189382553100586,0.6949553489685059,0
1MI5_ABC_DE,SE92A,1,0.3016909658908844,-0.07355532795190811,0
1MI5_ABC_DE,SE93A,1,-0.6118989586830139,0.8920814394950867,0
1MI5_ABC_DE,LE94A,1,0.11586392670869827,0.7815581560134888,0
1MI5_ABC_DE,GE95A,1,1.2319692373275757,1.3282740116119385,0
1MI5_ABC_DE,QE96A,1,1.2319692373275757,0.48453816771507263,0
1MI5_ABC_DE,AE97G,1,1.2319692373275757,-0.08848016709089279,0
1MI5_ABC_DE,YE98A,1,1.2319692373275757,-0.19377121329307556,0
1MI5_ABC_DE,EE99A,1,0.11974887549877167,0.4603026807308197,0
1MI5_ABC_DE,QE100A,1,1.2319692373275757,0.3573075234889984,0
1MI5_ABC_DE,YE101A,1,0.2604089677333832,-0.6972894072532654,0
2AK4_ABC_DE,TD30A,1,-0.1266832798719406,0.6962903141975403,0
2AK4_ABC_DE,YD32A,1,0.09897152334451675,2.50885009765625,0
2AK4_ABC_DE,ND51A,1,1.4039890766143799,0.24969863891601562,0
2AK4_ABC_DE,SD94A,1,1.4039890766143799,0.4007001221179962,0
2AK4_ABC_DE,YD97A,1,1.4039890766143799,1.1685750484466553,0
2AK4_ABC_DE,ND98A,1,1.4039890766143799,-0.060056351125240326,0
2AK4_ABC_DE,NE26A,1,0.20877279341220856,0.2516365349292755,0
2AK4_ABC_DE,NE28A,1,0.822894811630249,0.3856549561023712,0
2AK4_ABC_DE,SE29G,1,1.4039890766143799,-1.2985187768936157,0
2AK4_ABC_DE,SE49A,1,-0.3143717646598816,1.0953454971313477,0
2AK4_ABC_DE,NE63A,1,-0.04268813133239746,-0.058414630591869354,0
2AK4_ABC_DE,LE94A,1,0.8384865522384644,1.9955873489379883,0
2AK4_ABC_DE,EE97A,1,0.04863874614238739,-0.1804768145084381,0
2AK4_ABC_DE,QA65A,1,-0.2579050660133362,0.1808185875415802,0
2AK4_ABC_DE,TA69A,1,-0.34193262457847595,1.7271146774291992,0
2AK4_ABC_DE,QA72A,1,0.23916159570217133,-0.372251957654953,0
2AK4_ABC_DE,RA151A,1,1.3673309087753296,0.15919214487075806,0
2AK4_ABC_DE,EA154A,1,0.2349146157503128,0.3019455671310425,0
2AK4_ABC_DE,QA155A,1,0.929593563079834,0.32946324348449707,0
2AK4_ABC_DE,RA157A,1,1.4039890766143799,1.2255914211273193,0
2AK4_ABC_DE,AA158G,1,0.873588502407074,-0.6357877850532532,0
2AK4_ABC_DE,EA161A,1,0.4651035666465759,0.6322627663612366,0
2AK4_ABC_DE,LA163A,1,0.14038239419460297,0.9316238760948181,0
2AK4_ABC_DE,PC4A,1,1.0963916778564453,0.5123353600502014,0
2AK4_ABC_DE,LC5A,1,1.4039890766143799,2.335134267807007,0
2AK4_ABC_DE,PC6A,1,1.4039890766143799,2.681103467941284,0
2AK4_ABC_DE,QC7A,1,1.4039890766143799,0.4644792377948761,0
2AK4_ABC_DE,QC9A,1,0.06589584797620773,-0.0674741193652153,0
2AK4_ABC_DE,LC10A,1,0.513635516166687,2.008423328399658,0
1AO7_ABC_DE,RA65A,1,2.6809208393096924,1.742274522781372,0
1AO7_ABC_DE,KA66A,1,1.7908841371536255,2.5484061241149902,0
1AO7_ABC_DE,AA69G,1,1.3958605527877808,-0.9094700217247009,0
1AO7_ABC_DE,TA163A,1,0.7261759638786316,0.9185451865196228,0
1AO7_ABC_DE,EA166A,1,0.8771873712539673,0.8782516121864319,0
1AO7_ABC_DE,WA167A,1,1.2002081871032715,2.92726469039917,0
2BNR_ABC_DE,QA43A,1,0.08280224353075027,0.07346736639738083,0
2BNR_ABC_DE,EA58A,1,0.0,0.09052092581987381,0
2BNR_ABC_DE,DA61A,1,-0.08978603780269623,0.44489482045173645,0
2BNR_ABC_DE,EA63A,1,0.33471086621284485,1.293211817741394,0
2BNR_ABC_DE,TA64A,1,0.2714707851409912,2.1436939239501953,0
2BNR_ABC_DE,RA65A,1,1.8063724040985107,3.4099199771881104,0
2BNR_ABC_DE,KA66A,1,1.6893346309661865,0.10885552316904068,0
2BNR_ABC_DE,VA67A,1,0.3928016424179077,1.1751893758773804,0
2BNR_ABC_DE,KA68A,1,0.005528363399207592,0.8484296202659607,0
2BNR_ABC_DE,AA69G,1,1.8552099466323853,0.1559048891067505,0
2BNR_ABC_DE,HA70A,1,1.6957166194915771,2.2257750034332275,0
2BNR_ABC_DE,QA72A,1,-0.0962846651673317,0.31783539056777954,0
2BNR_ABC_DE,TA73A,1,1.285060167312622,1.6584701538085938,0
2BNR_ABC_DE,HA74A,1,0.9753251671791077,2.114109516143799,0
2BNR_ABC_DE,RA75A,1,0.5308891534805298,1.3275882005691528,0
2BNR_ABC_DE,VA76A,1,0.6720904111862183,1.4913074970245361,0
2BNR_ABC_DE,TA80A,1,0.5354059338569641,0.9400804042816162,0
2BNR_ABC_DE,KA146A,1,0.6243711709976196,0.6848326325416565,0
2BNR_ABC_DE,AA149G,1,0.018230730667710304,0.17257040739059448,0
2BNR_ABC_DE,AA150G,1,0.7368884086608887,0.9781621098518372,0
2BNR_ABC_DE,HA151A,1,0.5331518650054932,0.1567203402519226,0
2BNR_ABC_DE,VA152A,1,0.9033095836639404,1.4433135986328125,0
2BNR_ABC_DE,EA154A,1,0.018230730667710304,0.9512733817100525,0
2BNR_ABC_DE,QA155A,1,0.2327662855386734,0.6678459048271179,0
2BNR_ABC_DE,TA163A,1,0.4586472809314728,0.6884905099868774,0
1AO7_ABC_DE,QA43A,1,0.028905829414725304,-0.05578029900789261,0
1AO7_ABC_DE,EA55A,1,0.8556438088417053,0.268790066242218,0
1AO7_ABC_DE,EA58A,1,-0.2552182078361511,0.08848799020051956,0
1AO7_ABC_DE,DA61A,1,0.3795585036277771,0.5215276479721069,0
1AO7_ABC_DE,EA63A,1,0.1585373729467392,1.2260162830352783,0
1AO7_ABC_DE,TA64A,1,-0.07604122906923294,0.9475172162055969,0
1AO7_ABC_DE,RA65A,1,3.155595064163208,1.742274522781372,0
1AO7_ABC_DE,KA66A,1,3.155595064163208,2.5484061241149902,0
1AO7_ABC_DE,VA67A,1,-0.5582032203674316,0.741033136844635,0
1AO7_ABC_DE,KA68A,1,0.19354471564292908,0.8198291659355164,0
1AO7_ABC_DE,AA69G,1,1.522708535194397,-0.9094700217247009,0
1AO7_ABC_DE,HA70A,1,3.155595064163208,1.254237174987793,0
1AO7_ABC_DE,QA72A,1,0.017250660806894302,-0.06420474499464035,0
1AO7_ABC_DE,TA73A,1,0.7666946649551392,-0.5291258692741394,0
1AO7_ABC_DE,HA74A,1,1.6043896675109863,1.3425588607788086,0
1AO7_ABC_DE,RA75A,1,0.5347237586975098,0.7192754745483398,0
1AO7_ABC_DE,VA76A,1,0.5968717336654663,1.0381535291671753,0
1AO7_ABC_DE,TA80A,1,0.07573513686656952,1.1113067865371704,0
1AO7_ABC_DE,KA146A,1,0.46220648288726807,0.379603773355484,0
1AO7_ABC_DE,AA149G,1,-0.1544964462518692,-0.11110921949148178,0
1AO7_ABC_DE,AA150G,1,0.06194959208369255,0.6056560277938843,0
1AO7_ABC_DE,HA151A,1,-0.3026396632194519,0.03168009966611862,0
1AO7_ABC_DE,VA152A,1,-0.1942489743232727,1.6918470859527588,0
1AO7_ABC_DE,EA154A,1,0.3615494668483734,0.10679567605257034,0
1AO7_ABC_DE,QA155A,1,0.19838109612464905,0.9454981684684753,0
1AO7_ABC_DE,AA158G,1,0.3119908273220062,0.04073897749185562,0
1AO7_ABC_DE,TA163A,1,0.5292381048202515,0.9185451865196228,0
1AO7_ABC_DE,EA166A,1,1.4516383409500122,0.8782516121864319,0
1AO7_ABC_DE,WA167A,1,1.426120638847351,2.92726469039917,0
1AO7_ABC_DE,RA170A,1,0.11025666445493698,0.6173562407493591,0
1OGA_ABC_DE,QA43A,1,-0.023952234536409378,-0.034565411508083344,0
1OGA_ABC_DE,EA58A,1,0.11265619844198227,0.36319947242736816,0
1OGA_ABC_DE,DA61A,1,0.11817597597837448,0.6868167519569397,0
1OGA_ABC_DE,EA63A,1,-0.018160870298743248,1.9683339595794678,0
1OGA_ABC_DE,TA64A,1,0.18642865121364594,1.6806137561798096,0
1OGA_ABC_DE,RA65A,1,-0.3654748499393463,1.6656758785247803,0
1OGA_ABC_DE,KA66A,1,-0.023952234536409378,-0.03177134692668915,0
1OGA_ABC_DE,VA67A,1,-0.13922981917858124,0.2307274043560028,0
1OGA_ABC_DE,KA68A,1,0.24835985898971558,0.1898144781589508,0
1OGA_ABC_DE,AA69G,1,0.4271910488605499,-0.40665048360824585,0
1OGA_ABC_DE,HA70A,1,0.5177409052848816,1.2342255115509033,0
1OGA_ABC_DE,QA72A,1,-0.4595701992511749,-0.698336660861969,0
1OGA_ABC_DE,TA73A,1,0.8486196398735046,0.6727398633956909,0
1OGA_ABC_DE,HA74A,1,0.6043843626976013,0.8199502825737,0
1OGA_ABC_DE,RA75A,1,0.7110561728477478,1.3605380058288574,0
1OGA_ABC_DE,VA76A,1,0.8721638321876526,1.4585715532302856,0
1OGA_ABC_DE,TA80A,1,0.19533786177635193,1.2800114154815674,0
1OGA_ABC_DE,KA146A,1,1.9311250448226929,0.5765039324760437,0
1OGA_ABC_DE,AA149G,1,0.12273682653903961,0.16273991763591766,0
1OGA_ABC_DE,AA150G,1,0.448542982339859,1.1712379455566406,0
1OGA_ABC_DE,HA151A,1,0.0,0.4647027254104614,0
1OGA_ABC_DE,VA152A,1,1.3936090469360352,1.8319342136383057,0
1OGA_ABC_DE,EA154A,1,0.6123905777931213,0.5424108505249023,0
1OGA_ABC_DE,QA155A,1,0.48906829953193665,0.8495704531669617,0
1OGA_ABC_DE,AA158G,1,0.13264881074428558,-0.8676560521125793,0
1OGA_ABC_DE,TA163A,1,0.3215610086917877,0.537185549736023,0
2BNR_ABC_DE,CC9V,1,-0.5019832849502563,-1.271681547164917,0
2BNQ_ABC_DE,VC9C,1,0.5019832849502563,1.3009086847305298,0
3HG1_ABC_DE,"SE50Y,VE51G,GE52P,IE53F",4,-1.5820304155349731,1.9262694120407104,0
3HG1_ABC_DE,"SE50W,VE51G,GE52P,IE53F",4,-1.774827480316162,1.601874589920044,0
3HG1_ABC_DE,"SE50F,VE51G,GE52P,IE53Y",4,-2.026550531387329,1.8402516841888428,0
3HG1_ABC_DE,"SE50Y,VE51G,GE52P,IE53Y",4,-1.7309221029281616,2.0312917232513428,0
3HG1_ABC_DE,"SE50Y,VE51G,GE52P,IE53F,TE100M,EE102G,LE103W,FE104Q",8,-1.4907034635543823,-0.03544881194829941,0
3HG1_ABC_DE,"SE50Y,VE51G,GE52P,IE53F,GE99N,TE100L,EE102G,LE103W",8,-2.854874610900879,0.9530432820320129,0
3HG1_ABC_DE,"SE50W,VE51G,GE52P,IE53F,TE100M,EE102G,LE103W,FE104Q",8,-2.2953264713287354,-0.3218672275543213,0
3HG1_ABC_DE,"SE50W,VE51G,GE52P,IE53F,GE99N,TE100L,EE102G,LE103W",8,-2.980065107345581,0.7328851819038391,0
4MNQ_ABC_DE,"IE49V,HE50G,PE51A,EE52G,YE53I,AD93S,LD94G,PD95T,GD97K",9,5.821152210235596,2.1285438537597656,0
4MNQ_ABC_DE,"AD93S,LD94G,PD95T,GD97K",4,0.9231258630752563,2.357659101486206,0
4MNQ_ABC_DE,"HE50W,PE51E,EE52F,YE53E,AD93S,LD94G,PD95T,GD97K",8,0.8976401090621948,2.0310146808624268,0
4MNQ_ABC_DE,"IE49V,HE50G,PE51A,EE52G,YE53I",5,1.5196093320846558,1.2601243257522583,0
4MNQ_ABC_DE,"HE50W,PE51E,EE52F,YE53E",4,0.259645015001297,-0.990246593952179,0
4MNQ_ABC_DE,"KC4A,AD93S,LD94G,PD95T,GD97K",5,3.6324572563171387,3.7789649963378906,0
4MNQ_ABC_DE,"KC4A,IE49V,HE50G,PE51A,EE52G,YE53I",6,4.247951507568359,3.1822314262390137,0
4MNQ_ABC_DE,KC4A,1,4.935636520385742,1.838099718093872,0
4MNQ_ABC_DE,"KC4A,HE50W,PE51E,EE52F,YE53E",5,4.942731857299805,1.5449343919754028,0
4MNQ_ABC_DE,"LC6A,AD93S,LD94G,PD95T,GD97K",5,5.102494716644287,3.8003499507904053,0
4MNQ_ABC_DE,"LC6A,HE50W,PE51E,EE52F,YE53E,AD93S,LD94G,PD95T,GD97K",9,5.426295757293701,3.576986312866211,0
4MNQ_ABC_DE,"LC6A,IE49V,HE50G,PE51A,EE52G,YE53I",6,4.669893264770508,5.043685436248779,0
4MNQ_ABC_DE,LC6A,1,4.148980140686035,3.4389407634735107,0
4MNQ_ABC_DE,"LC6A,HE50W,PE51E,EE52F,YE53E",5,4.3891987800598145,2.740964651107788,0
1AO7_ABC_DE,DD26M,1,0.21131277084350586,0.6831421256065369,0
1AO7_ABC_DE,DD26V,1,1.3641711473464966,1.0994164943695068,0
1AO7_ABC_DE,DD26W,1,-1.0804502964019775,0.15440043807029724,0
1AO7_ABC_DE,RD27F,1,-0.19934363663196564,-0.17317655682563782,0
1AO7_ABC_DE,GD28A,1,0.5428582429885864,1.030645728111267,0
1AO7_ABC_DE,GD28I,1,-0.279584139585495,0.5996519923210144,0
1AO7_ABC_DE,GD28L,1,-0.46684107184410095,0.354348748922348,0
1AO7_ABC_DE,GD28M,1,-0.5186731815338135,0.5215325951576233,0
1AO7_ABC_DE,GD28R,1,2.317685842514038,0.5413872003555298,0
1AO7_ABC_DE,GD28T,1,-0.7592304348945618,0.8143944144248962,0
1AO7_ABC_DE,GD28V,1,0.5428582429885864,0.6566845774650574,0
1AO7_ABC_DE,SD29A,1,0.3026396632194519,0.7854911684989929,0
1AO7_ABC_DE,QD30N,1,0.7132960557937622,1.2045371532440186,0
1AO7_ABC_DE,QD30E,1,0.4106564223766327,-0.5424380898475647,0
1AO7_ABC_DE,SD51M,1,-0.3777339458465576,-1.6227833032608032,0
1AO7_ABC_DE,KD66H,1,0.9535146951675415,0.6376671195030212,0
1AO7_ABC_DE,SD94A,1,0.0,0.6167147755622864,0
1AO7_ABC_DE,SD94N,1,1.907029390335083,-1.2858405113220215,0
1AO7_ABC_DE,SD94T,1,-0.4934868812561035,-1.4877526760101318,0
1AO7_ABC_DE,SD94Y,1,2.317685842514038,-1.4059796333312988,0
1AO7_ABC_DE,IE52R,1,1.3641711473464966,0.054523907601833344,0
1AO7_ABC_DE,AE96M,1,-0.31211909651756287,-0.06150249391794205,0
1AO7_ABC_DE,AE96K,1,0.06157408282160759,-0.5305939316749573,0
1AO7_ABC_DE,GE97S,1,-0.31211909651756287,0.15347272157669067,0
1AO7_ABC_DE,GE98A,1,-1.0910300016403198,0.7167829871177673,0
1AO7_ABC_DE,RE99Q,1,0.4106564223766327,-0.06799883395433426,0
1AO7_ABC_DE,"DD26W,RD27F,SD51M,SD94T",4,-2.717163562774658,-0.5537089705467224,0
1AO7_ABC_DE,"DD26W,RD27F,GD28T,SD51M,SD94T",5,-1.285060167312622,0.7862967848777771,0
1AO7_ABC_DE,"DD26W,RD27F,SD51M,SD94T,VC7R",5,-1.3930768966674805,-0.7827281355857849,0
1AO7_ABC_DE,"GD28I,SD94A",2,-0.38309553265571594,1.2061749696731567,0
1AO7_ABC_DE,"GD28I,SD94T",2,-0.8996182680130005,-0.6580435633659363,0
1AO7_ABC_DE,"GD28L,SD94A",2,-0.5086029171943665,0.9462271332740784,0
1AO7_ABC_DE,"GD28L,SD94T",2,-1.028609037399292,-0.9636557698249817,0
1AO7_ABC_DE,"GD28M,SD94A",2,-0.8046229481697083,0.5806688070297241,0
1AO7_ABC_DE,"GD28M,SD94T",2,-1.7472666501998901,-1.097684621810913,0
1AO7_ABC_DE,"GD28M,SD51M,SD94T",3,-2.126458168029785,-1.235766887664795,0
1AO7_ABC_DE,"GD28T,SD51M,SD94T",3,-1.6043896675109863,-0.5541072487831116,0
1AO7_ABC_DE,"RD27F,GD28M,SD51M,SD94T",4,-1.8037333488464355,-1.1321135759353638,0
1AO7_ABC_DE,"RD27F,GD28T,SD51M,SD94T",4,-1.6043896675109863,-0.5495283603668213,0
1AO7_ABC_DE,"DD26W,GD28M,SD51M,SD94T",4,-1.0787051916122437,-0.9288728833198547,0
1AO7_ABC_DE,"DD26W,GD28T,SD51M,SD94T",4,-1.2376387119293213,-0.13248533010482788,0
1AO7_ABC_DE,"GE98A,RE99Q",2,-1.5635147094726562,0.7684022784233093,0
1AO7_ABC_DE,"AE96M,GE97S",2,-1.0448415279388428,0.14596965909004211,0
1AO7_ABC_DE,"AE96M,GE97S,GE98A",3,-3.544039249420166,0.6855044960975647,0
1AO7_ABC_DE,"AE96M,GE97S,GE98A,RE99Q",4,-3.9220755100250244,0.9119462370872498,0
1AO7_ABC_DE,"GD28T,AE96M,GE97S,GE98A",4,-3.861774206161499,1.172255516052246,0
1AO7_ABC_DE,"GD28T,AE96M,GE97S,GE98A,RE99Q",5,-3.9659810066223145,1.6255266666412354,0
1AO7_ABC_DE,"DD26W,AE96M,GE97S,GE98A,RE99Q",5,-4.038617134094238,0.11511481553316116,0
1AO7_ABC_DE,"DD26W,RD27F,SD51M,AE96M,GE97S,GE98A,RE99Q",7,-3.7107627391815186,1.1979973316192627,0
1AO7_ABC_DE,"DD26W,RD27F,SD51M,SD94T,AE96M,GE97S,GE98A,RE99Q",8,-3.451117753982544,-0.43189653754234314,0
1AO7_ABC_DE,RD27P,1,0.30800125002861023,-0.10889672487974167,0
1AO7_ABC_DE,KD97P,1,-0.26777946949005127,0.25436654686927795,0
1AO7_ABC_DE,AE50P,1,-0.32551708817481995,-1.3620405197143555,0
1AO7_ABC_DE,GE98P,1,0.44973334670066833,0.17751523852348328,0
1AO7_ABC_DE,RE99P,1,-1.9416855573654175,-0.18763062357902527,0
1AO7_ABC_DE,"KD97P,AE50P,RE99P",3,-1.6319506168365479,-0.9057175517082214,0
1AO7_ABC_DE,"KD97P,RE99P",2,-1.2212941646575928,-0.07566968351602554,0
1AO7_ABC_DE,"DD26W,RD27F,GD28T,SD51M,SD94T",5,-2.7447245121002197,0.7862967848777771,0
1AO7_ABC_DE,"DD26W,RD27F,GD28T,SD51M,SD94T,RE99P",6,-3.3738555908203125,-0.27231258153915405,0
1AO7_ABC_DE,"DD26W,RD27F,GD28T,SD51M,SD94T,KD97P,AE50P,RE99P",8,-4.6220574378967285,-1.1979023218154907,0
1YY9_CD_A,LD29P,1,0.03084089420735836,0.4023619294166565,0
1YY9_CD_A,WD52P,1,1.4789330959320068,-0.5908669233322144,0
1YY9_CD_A,SD53P,1,0.8179112076759338,-0.7266312837600708,0
1YY9_CD_A,GD54P,1,0.2681904733181,0.5580546259880066,0
1YY9_CD_A,AD98P,1,1.0376917123794556,-2.56025767326355,0
1YY9_CD_A,YD101P,1,1.6521589756011963,-0.14700597524642944,0
1YY9_CD_A,AC25P,1,0.07228799909353256,-0.3461315631866455,0
1YY9_CD_A,SC26P,1,-0.00911482609808445,-0.14571943879127502,0
1YY9_CD_A,SC28P,1,-0.22239916026592255,-0.44006773829460144,0
1YY9_CD_A,SC54P,1,-0.018372075632214546,-0.3704656660556793,0
1YY9_CD_A,TC96P,1,4.004943370819092,-1.2208964824676514,0
4GXU_ABCDEF_MN,DA189E,1,2.166057586669922,-0.10444783419370651,0
4GXU_ABCDEF_MN,DA224G,1,1.9617561101913452,-1.0331189632415771,0
4GXU_ABCDEF_MN,"DA189E,DA224G",2,3.0115554332733154,-0.6199300289154053,0
3LZF_AB_HL,DA187E,1,0.4985881447792053,0.15232476592063904,0
3LZF_AB_HL,DA222G,1,0.5380995869636536,-0.07096599787473679,0
3LZF_AB_HL,"DA187E,DA222G",2,0.12744316458702087,0.24114421010017395,0
1N8Z_AB_C,LC509A,1,-0.023055516183376312,0.32894259691238403,0
1N8Z_AB_C,SC535A,1,0.03084089420735836,0.08379586040973663,0
1N8Z_AB_C,VC536A,1,0.008976716548204422,-0.09417123347520828,0
1N8Z_AB_C,FC539A,1,0.03511854633688927,1.0784307718276978,0
3G6D_LH_A,HH104A,1,-0.9535146951675415,0.9001519083976746,0
3G6D_LH_A,WH105A,1,-1.4971784353256226,3.9631831645965576,0
3G6D_LH_A,"KH210T,KH215T",2,-0.13300734758377075,0.16759735345840454,0
3G6D_LH_A,"EL3V,GL76R,TL77V,QL78E,EL80G",5,0.139879509806633,0.7421979904174805,0
3G6D_LH_A,"TL89S,ML92I,VL93D,TL94K",4,0.798334002494812,1.1229040622711182,0
3G6D_LH_A,"EL3V,GL76R,TL77V,QL78E,EL80G,TL89S,ML92I,VL93D,TL94K",9,0.2715725898742676,1.539097785949707,0
3G6D_LH_A,"EL3V,GL76R,TL77V,QL78E,EL80G,FH103A,HH104A,WH105A",8,4.622350215911865,3.1773955821990967,0
3G6D_LH_A,"EL3V,GL76R,TL77V,QL78E,EL80G,DH54N",6,0.11122789978981018,1.194188117980957,0
1XGU_AB_C,FB33L,1,1.8626039028167725,0.9775232672691345,0
1XGU_AB_C,FB33I,1,1.8012609481811523,-0.3053838908672333,0
1XGU_AB_C,FB33V,1,2.9093847274780273,-0.509671688079834,0
1XGU_AB_C,FB33A,1,4.0624799728393555,1.066348910331726,0
1XGP_AB_C,AB33F,1,-4.0624799728393555,-1.2559318542480469,0
1XGP_AB_C,AB33L,1,-2.199876308441162,-0.010286368429660797,0
1XGP_AB_C,AB33I,1,-2.261219024658203,-1.4361501932144165,0
1XGP_AB_C,AB33V,1,-1.1530953645706177,-1.6815600395202637,0
1XGQ_AB_C,VB33F,1,-2.9093847274780273,-0.7107168436050415,0
1XGQ_AB_C,VB33L,1,-1.0467808246612549,0.7948715686798096,0
1XGQ_AB_C,VB33I,1,-1.108123779296875,-0.06220337003469467,0
1XGQ_AB_C,VB33A,1,1.1530953645706177,1.774437665939331,0
1XGR_AB_C,IB33F,1,-1.8012609481811523,0.37431299686431885,0
1XGR_AB_C,IB33L,1,0.06134288012981415,1.253753900527954,0
1XGR_AB_C,IB33V,1,1.108123779296875,0.15935799479484558,0
1XGR_AB_C,IB33A,1,2.261219024658203,1.8890190124511719,0
1XGT_AB_C,LB33F,1,-1.8626039028167725,-0.9263524413108826,0
1XGT_AB_C,LB33I,1,-0.06134288012981415,-1.125462293624878,0
1XGT_AB_C,LB33V,1,1.0467808246612549,-1.4421122074127197,0
1XGT_AB_C,LB33A,1,2.199876308441162,0.6620892882347107,0
3N85_A_LH,WL91F,1,0.13965415954589844,0.4603031277656555,0
3N85_A_LH,WL94Y,1,-0.038736145943403244,0.32092854380607605,0
3N85_A_LH,WH30K,1,-0.7849546670913696,1.0925562381744385,0
3N85_A_LH,WH30R,1,-0.5542154908180237,1.9381790161132812,0
3N85_A_LH,SH32Y,1,0.057148076593875885,-0.08714998513460159,0
3N85_A_LH,SH32A,1,-0.13407966494560242,1.1137118339538574,0
3N85_A_LH,SH50G,1,0.48788952827453613,0.429175466299057,0
3N85_A_LH,SH52Y,1,-0.7849546670913696,-0.6882603168487549,0
3N85_A_LH,WH100F,1,-0.015191908925771713,0.13922008872032166,0
3N85_A_LH,WH100F,1,-0.015191908925771713,0.13922008872032166,0
4N8V_G_ABC,PG10A,1,-0.21667437255382538,1.0590174198150635,0
4N8V_G_ABC,KG38A,1,0.5880584716796875,0.5688332319259644,0
4N8V_G_ABC,YG39F,1,0.5155515074729919,0.08187860995531082,0
4N8V_G_ABC,YG124A,1,0.12034162133932114,2.6098883152008057,0
4I77_HL_Z,YH100F,1,0.0,-0.30631905794143677,0
4I77_HL_Z,YH100A,1,0.0,2.516364574432373,0
4I77_HL_Z,YH101F,1,0.0,-0.6171171069145203,0
4I77_HL_Z,YH101A,1,0.9415455460548401,3.3828649520874023,0
4I77_HL_Z,YH103F,1,0.0,-0.45145168900489807,0
4I77_HL_Z,YH103A,1,1.6923214197158813,2.180614471435547,0
4I77_HL_Z,DH54A,1,2.124706268310547,1.7678663730621338,0
4I77_HL_Z,WH52F,1,2.0995631217956543,0.3946155905723572,0
4I77_HL_Z,WH52A,1,2.114776611328125,2.005995035171509,0
4I77_HL_Z,YL32F,1,0.0,0.7111956477165222,0
4I77_HL_Z,YL32A,1,0.0,1.0119746923446655,0
4I77_HL_Z,NL95A,1,1.7221993207931519,1.1836051940917969,0
4I77_HL_Z,YH100F,1,0.0,-0.30631905794143677,0
4I77_HL_Z,YH100A,1,0.0,2.516364574432373,0
4I77_HL_Z,YH101F,1,0.0,-0.6171171069145203,0
4I77_HL_Z,YH101A,1,2.27596378326416,3.3828649520874023,0
4I77_HL_Z,YH103F,1,0.6307899951934814,-0.45145168900489807,0
4I77_HL_Z,YH103A,1,2.5998315811157227,2.180614471435547,0
4I77_HL_Z,DH54A,1,2.9955828189849854,1.7678663730621338,0
4I77_HL_Z,WH52F,1,2.821359395980835,0.3946155905723572,0
4I77_HL_Z,WH52A,1,2.9105122089385986,2.005995035171509,0
4I77_HL_Z,YL32F,1,0.0,0.7111956477165222,0
4I77_HL_Z,YL32A,1,1.567731499671936,1.0119746923446655,0
4I77_HL_Z,NL95A,1,0.9991104006767273,1.1836051940917969,0
3L5X_A_HL,"HL91Q,NL92D,EL93L,YL94G",4,-1.7859313488006592,0.9108756184577942,0
3L5X_A_HL,"NL92D,EL93W,YL94G",3,-1.6832761764526367,1.0057200193405151,0
3L5X_A_HL,"HL91Q,NL92D,EL93I,YL94G",4,-1.5510743856430054,0.7814355492591858,0
3L5X_A_HL,"NL92E,EL93W,YL94G",3,-1.5510743856430054,1.4700593948364258,0
3L5X_A_HL,"NL92D,EL93P,YL94G",3,-1.470618486404419,1.1475187540054321,0
3L5X_A_HL,"HL91Q,NL92D,EL93Y,YL94G",4,-1.452102780342102,0.4916161298751831,0
3L5X_A_HL,"NL92S,EL93W,YL94G",3,-1.2726197242736816,1.3804556131362915,0
3L5X_A_HL,"NL92E,EL93S,YL94G",3,-1.2659252882003784,1.7431504726409912,0
3L5X_A_HL,"NL92S,EL93H,YL94G",3,-1.2462842464447021,1.8099727630615234,0
3L5X_A_HL,"NL92F,EL93W,YL94G",3,-1.233542799949646,1.0723870992660522,0
3L5X_A_HL,"NL92D,EL93W,YL94E",3,-1.1968846321105957,0.2621779441833496,0
3L5X_A_HL,"NL92S,EL93Y,YL94G",3,-0.9646185040473938,1.681962251663208,0
3L5X_A_HL,"HL91P,NL92L,EL93D,YL94V",4,-0.8586066961288452,-0.31980466842651367,0
3L5X_A_HL,"NL92V,EL93W,YL94G",3,-0.8356277942657471,0.8702577948570251,0
3L5X_A_HL,YL94A,1,-0.8292228579521179,1.4558345079421997,0
3L5X_A_HL,"NL92L,EL93M,YL94G",3,-0.8260461688041687,1.0697129964828491,0
3L5X_A_HL,"HL91P,NL92L,EL93D,YL94T",4,-0.8104133009910583,-0.26759055256843567,0
3L5X_A_HL,"NL92D,EL93Y,YL94A",3,-0.807335615158081,1.2768964767456055,0
3L5X_A_HL,"NL92S,EL93I,YL94G",3,-0.807335615158081,1.6067204475402832,0
3L5X_A_HL,"EL93H,YL94G",2,-0.7629918456077576,1.7705388069152832,0
3L5X_A_HL,"NL92D,EL93W,YL94S",3,-0.7164474129676819,0.8042309880256653,0
3L5X_A_HL,"NL92L,EL93N,YL94G",3,-0.6957483291625977,0.6085108518600464,0
3L5X_A_HL,"NL92L,EL93D,YL94S",3,-0.6806851625442505,0.630215585231781,0
3L5X_A_HL,"HL91P,NL92I,EL93D,YL94A",4,-0.6469592452049255,0.5746644735336304,0
3L5X_A_HL,"HL91P,NL92L,EL93D,YL94S",4,-0.6330730319023132,-0.13817396759986877,0
3L5X_A_HL,"NL92L,EL93L,YL94G",3,-0.6262500882148743,1.1741597652435303,0
3L5X_A_HL,"NL92L,EL93D,YL94S",3,-0.5539621114730835,0.630215585231781,0
3L5X_A_HL,"NL92D,EL93N,YL94S",3,-0.5342774987220764,0.8923278450965881,0
3L5X_A_HL,"NL92D,EL93R,YL94D",3,-0.5227732062339783,0.05779985338449478,0
3L5X_A_HL,"NL92S,EL93V,YL94G",3,-0.5171037912368774,1.670578956604004,0
3L5X_A_HL,"NL92V,EL93G,YL94G",3,-0.4632073640823364,1.4884560108184814,0
3L5X_A_HL,"HL91P,NL92L,YL94A",3,-0.4446124732494354,0.26627790927886963,0
3L5X_A_HL,"NL92D,EL93L,YL94G",3,-0.4298209547996521,1.6894729137420654,0
3L5X_A_HL,"EL93F,YL94G",2,-0.42820003628730774,1.2025127410888672,0
3L5X_A_HL,"NL92S,EL93W,YL94A",3,-0.30316370725631714,1.5971856117248535,0
3L5X_A_HL,"NL92S,EL93S,YL94G",3,-0.24932429194450378,1.6530745029449463,0
4JPK_HL_A,VA30N,1,0.5948610901832581,0.556357741355896,0
4JPK_HL_A,SA41G,1,2.152658462524414,2.9216432571411133,0
4JPK_HL_A,FA63L,1,1.1678093671798706,-0.01582411676645279,0
4JPK_HL_A,RA81T,1,0.7590427398681641,1.081694483757019,0
4JPK_HL_A,RA130K,1,0.23016907274723053,0.12178167700767517,0
4JPK_HL_A,FA144I,1,1.388138771057129,1.4402258396148682,0
4JPK_HL_A,TA35S,1,-0.03210772946476936,0.008948646485805511,0
4JPK_HL_A,DA141R,1,3.8590502738952637,0.3731614053249359,0
4JPK_HL_A,"DA159N,DA33N",2,0.6192452907562256,0.9411835074424744,0
1BJ1_HL_VW,YH27A,1,2.243532657623291,1.4999902248382568,0
1BJ1_HL_VW,YH54A,1,1.328253984451294,1.2056450843811035,0
1BJ1_HL_VW,TH59A,1,0.8510478734970093,0.35690927505493164,0
1BJ1_HL_VW,YH99A,1,4.440748691558838,2.1837849617004395,0
1BJ1_HL_VW,HH107A,1,0.7900062203407288,2.706627130508423,0
1BJ1_HL_VW,"ML4L,TH28D,NH31H,HH101Y,SH105T",5,-1.7956174612045288,0.5893630981445312,0
1BJ1_HL_VW,"ML4L,TH28D,NH31H,HH101Y,SH105T",5,-1.4631426334381104,0.5893630981445312,0
1CZ8_HL_VW,"LL4M,DH28T,HH31N,YH101H,TH105S",5,1.7956174612045288,-0.12462548166513443,0
1CZ8_HL_VW,"LL4M,DH28T,HH31N,YH101H,TH105S",5,2.8273136615753174,-0.12462548166513443,0
1BJ1_HL_VW,"HH101Y,YH103R,SH105T",3,-1.1736482381820679,-0.1663583219051361,0
1BJ1_HL_VW,"HH101Y,SH105T",2,-1.3440860509872437,-0.11108066886663437,0
1BJ1_HL_VW,"HH101Y,YH103I,GH104A,SH105K",4,-0.4314463436603546,0.5437255501747131,0
1BJ1_HL_VW,"HH101Y,YH103W,SH105T",3,-1.0414464473724365,-0.4905586540699005,0
1BJ1_HL_VW,"HH101Y,YH103R,GH104N,SH105T",4,-0.7629918456077576,-0.24756821990013123,0
1BJ1_HL_VW,YH54W,1,-0.13733132183551788,-1.0342228412628174,0
1BJ1_HL_VW,"TH28D,NH31H",2,-0.693211019039154,-1.769343614578247,0
1BJ1_HL_VW,"LH72V,TH74V",2,0.6709600687026978,0.07166802138090134,0
1BJ1_HL_VW,"LH72I,TH74K",2,0.07655175030231476,0.017654351890087128,0
1BJ1_HL_VW,"TH28D,NH31H,YH54W,HH101Y,SH105T",5,-1.204037070274353,-2.5912349224090576,0
1BJ1_HL_VW,"TH28D,NH31H,HH101Y,SH105T",4,-1.7547425031661987,-1.5517456531524658,0
1BJ1_HL_VW,TH28D,1,-0.22013357281684875,-0.12527430057525635,0
1BJ1_HL_VW,NH31H,1,-0.7629918456077576,-2.067985773086548,0
1BJ1_HL_VW,HH101Y,1,-1.584304690361023,0.3241797387599945,0
1BJ1_HL_VW,SH105T,1,-0.39057138562202454,-0.011226899921894073,0
1BJ1_HL_VW,"HH101Y,YH103R,GH104D,SH105N",4,-0.995850682258606,0.21273371577262878,0
1CZ8_HL_VW,"LL4M,DH28T,HH31N,YH103R",4,0.6219692230224609,-0.08797555416822433,0
1CZ8_HL_VW,"LL4M,DH28T,HH31N",3,0.45153138041496277,0.3774392902851105,0
1CZ8_HL_VW,"LL4M,DH28T,HH31N,TH105K,YH103I,GH104A",6,1.3641711473464966,0.5446575284004211,0
1CZ8_HL_VW,"LL4M,DH28T,HH31N,YH103W",4,0.7541710138320923,-0.5083300471305847,0
1CZ8_HL_VW,"LL4M,DH28T,HH31N,YH103R,GH104N",5,1.032625675201416,1.1006227731704712,0
1CZ8_HL_VW,"LL4M,DH28T,HH31N,YH101H,TH105S,YH54W",6,1.6582860946655273,-0.08180993050336838,0
1CZ8_HL_VW,"LL4M,YH101H,TH105S",3,1.10240638256073,-0.8597915172576904,0
1CZ8_HL_VW,"LL4M,DH28T,HH31N,YH101H,TH105S,LH72V,TH74V",7,2.4665775299072266,0.27674487233161926,0
1CZ8_HL_VW,"LL4M,DH28T,HH31N,YH101H,TH105S,LH72I,TH74K",7,1.8721692562103271,0.3759816586971283,0
1CZ8_HL_VW,"LL4M,YH54W",2,0.5915803909301758,-1.076965570449829,0
1CZ8_HL_VW,LL4M,1,0.04087496176362038,-0.8616294860839844,0
1CZ8_HL_VW,"LL4M,HH31N,YH101H,TH105S",4,1.5754839181900024,0.07918789982795715,0
1CZ8_HL_VW,"LL4M,DH28T,YH101H,TH105S",4,1.032625675201416,-1.2416373491287231,0
1CZ8_HL_VW,"LL4M,DH28T,HH31N,TH105S",4,0.21131277084350586,0.030680648982524872,0
1CZ8_HL_VW,"LL4M,DH28T,HH31N,YH101H",4,1.4050461053848267,0.2387380599975586,0
1CZ8_HL_VW,"LL4M,DH28T,HH31N,TH105N,YH103R,GH104D",6,0.7997667789459229,0.9055665731430054,0
1MHP_HL_A,SL27Q,1,-0.5400962233543396,-0.2568073272705078,0
1MHP_HL_A,"TH50V,SL27Q,NL51Y",3,-1.0239880084991455,-1.2895281314849854,0
1MHP_HL_A,LL48K,1,0.924957275390625,-0.9443561434745789,0
1MHP_HL_A,TH50V,1,-0.2633156180381775,-1.279751181602478,0
1MHP_HL_A,LH60D,1,-0.12269474565982819,1.55464506149292,0
1MHP_HL_A,KH64E,1,-0.1552988439798355,0.30672934651374817,0
1MHP_HL_A,KH64Q,1,-0.1552988439798355,0.46882233023643494,0
1MHP_HL_A,KH64D,1,-0.12269474565982819,0.6629154086112976,0
1MHP_HL_A,KH64N,1,-0.07257538288831711,0.7682057619094849,0
1MHP_HL_A,SL27Q,1,-0.6664110422134399,-0.2568073272705078,0
1MHP_HL_A,NL51Y,1,-0.10329601168632507,-0.3457007110118866,0
1MHP_HL_A,GH100M,1,0.10217975825071335,2.1402904987335205,0
1MHP_HL_A,SL23R,1,-0.06708604842424393,-0.0007942691445350647,0
1MHP_HL_A,NL51E,1,-0.17744916677474976,0.5129032135009766,0
1MHP_HL_A,FH99W,1,0.0,-0.890794038772583,0
1MHP_HL_A,GH100F,1,0.5740829110145569,0.6874529123306274,0
1MHP_HL_A,GH54Y,1,0.0,0.7996063828468323,0
1MHP_HL_A,FH99W,1,0.0,-0.890794038772583,0
1MHP_HL_A,"TH50V,KH64E",2,-0.36120107769966125,-0.6556617617607117,0
1MHP_HL_A,"LH60D,KH64Q",2,0.04300859197974205,2.095332384109497,0
1MHP_HL_A,"LH60D,KH64E",2,-0.14186398684978485,1.7088662385940552,0
1MHP_HL_A,"TH50V,SL27Q,NL51Y",3,-1.20074462890625,-1.2895281314849854,0
1MHP_HL_A,"KH64E,SL27Q,NL51Y",3,-0.9535146951675415,0.062239669263362885,0
1MHP_HL_A,"TH50V,KH64E,SL27Q,NL51E",4,-1.2678864002227783,-0.24361857771873474,0
1MHP_HL_A,"TH50V,KH64E,SL27Q,NL51Y",4,-1.043681025505066,-0.6908574104309082,0
1MHP_HL_A,NL29V,1,1.0497993230819702,-0.040748439729213715,0
1MHP_HL_A,HL30R,1,1.1243009567260742,0.7778722643852234,0
1MHP_HL_A,HL30K,1,1.164687991142273,1.9256837368011475,0
1MHP_HL_A,LL48K,1,0.7982158660888672,-0.9443561434745789,0
1MHP_HL_A,NL51R,1,0.845219075679779,-0.07376935333013535,0
1MHP_HL_A,NL51K,1,0.6578043699264526,0.6422790884971619,0
1MHP_HL_A,RH31Q,1,1.3079134225845337,-0.21737325191497803,0
1MHP_HL_A,SH35Q,1,2.728342294692993,-0.5595048069953918,0
1MHP_HL_A,TH50V,1,0.0,-1.279751181602478,0
1MHP_HL_A,YH59E,1,0.5442506074905396,-0.13497930765151978,0
1MHP_HL_A,LH60D,1,0.0,1.55464506149292,0
1MHP_HL_A,KH64E,1,0.0,0.30672934651374817,0
1MHP_HL_A,KH64Q,1,0.0,0.46882233023643494,0
1MHP_HL_A,KH64D,1,-0.2203427106142044,0.6629154086112976,0
1MHP_HL_A,KH64N,1,0.0,0.7682057619094849,0
1MHP_HL_A,SL27Q,1,-0.857230007648468,-0.2568073272705078,0
1MHP_HL_A,NL29Y,1,1.9084217548370361,-0.9493479132652283,0
1MHP_HL_A,NL29W,1,1.5733891725540161,-1.2117712497711182,0
1MHP_HL_A,NL51Y,1,0.0,-0.3457007110118866,0
1MHP_HL_A,SL90T,1,2.317685842514038,-1.2428354024887085,0
1MHP_HL_A,SL90R,1,2.728342294692993,0.35164371132850647,0
1MHP_HL_A,GL91Q,1,1.5733891725540161,0.5866357684135437,0
1MHP_HL_A,GL91S,1,0.5128361582756042,0.013949617743492126,0
1MHP_HL_A,"SL90R,NL29E",2,2.728342294692993,0.454815536737442,0
1MHP_HL_A,SH52M,1,2.0767698287963867,0.5210232138633728,0
1MHP_HL_A,GH53S,1,0.6758959293365479,0.7055884003639221,0
1MHP_HL_A,GH53A,1,0.5128361582756042,1.6118550300598145,0
1MHP_HL_A,GH54I,1,1.3641711473464966,1.4748600721359253,0
1MHP_HL_A,GH54T,1,1.164687991142273,0.700042724609375,0
1MHP_HL_A,YH58Q,1,2.0767698287963867,0.23978576064109802,0
1MHP_HL_A,YH58E,1,2.0767698287963867,0.982376754283905,0
1MHP_HL_A,YH58W,1,0.8213128447532654,-0.37008506059646606,0
1MHP_HL_A,GH100M,1,0.10217975825071335,2.1402904987335205,0
1MHP_HL_A,SL23R,1,-0.36377134919166565,-0.0007942691445350647,0
1MHP_HL_A,LL48F,1,0.7125986814498901,-0.5889862775802612,0
1MHP_HL_A,LL48W,1,1.9084217548370361,-2.4149837493896484,0
1MHP_HL_A,NL51D,1,0.5009867548942566,0.08616689592599869,0
1MHP_HL_A,NL51E,1,0.0,0.5129032135009766,0
1MHP_HL_A,WL89Q,1,2.0767698287963867,1.7161386013031006,0
1MHP_HL_A,SL90Q,1,1.774827480316162,-0.350480318069458,0
1MHP_HL_A,"WL89Q,FL32Y",2,0.8714090585708618,2.131920576095581,0
1MHP_HL_A,TH33V,1,0.434562623500824,-1.4732496738433838,0
1MHP_HL_A,TH33N,1,2.728342294692993,0.5256487727165222,0
1MHP_HL_A,SH35A,1,1.5733891725540161,0.06686975806951523,0
1MHP_HL_A,FH99W,1,0.0,-0.890794038772583,0
1MHP_HL_A,FH99Y,1,0.7550068497657776,0.8267351984977722,0
1MHP_HL_A,GH100L,1,2.728342294692993,1.9518253803253174,0
1MHP_HL_A,GH100F,1,0.20430143177509308,0.6874529123306274,0
1MHP_HL_A,GH100S,1,0.5579972267150879,0.7434874773025513,0
1MHP_HL_A,"TH50V,SH35V",2,2.728342294692993,-0.6264094710350037,0
1MHP_HL_A,"TH50V,SH35A",2,2.0767698287963867,0.0755729079246521,0
1MHP_HL_A,"SH35A,GH102S",2,1.5733891725540161,1.0432389974594116,0
1MHP_HL_A,"SH35V,GH102S",2,1.4263132810592651,0.022684060037136078,0
1MHP_HL_A,"TH50V,GH102S",2,1.6682031154632568,0.3051939606666565,0
1MHP_HL_A,HL30W,1,1.2558754682540894,-1.2649718523025513,0
1MHP_HL_A,"NL29Y,SL90I",2,0.434562623500824,-2.1694562435150146,0
1MHP_HL_A,GH53N,1,1.2558754682540894,1.5048757791519165,0
1MHP_HL_A,GH54Y,1,0.0,0.7996063828468323,0
1MHP_HL_A,FH99W,1,0.0,-0.890794038772583,0
1MHP_HL_A,FH99Y,1,0.7550068497657776,0.8267351984977722,0
1MHP_HL_A,"TH33E,GH53Q",2,1.6682031154632568,1.13437020778656,0
1MHP_HL_A,"TH33I,SH52T,GH53N,GH54N",4,1.9084217548370361,0.4972732365131378,0
1MHP_HL_A,"TH33I,SH52T,GH53Q,GH54F",4,1.2558754682540894,-0.13732290267944336,0
1MHP_HL_A,"TH50V,SL27Q",2,-0.6949949264526367,-0.9025274515151978,0
1MHP_HL_A,"TH50V,KH64E",2,0.0,-0.6556617617607117,0
1MHP_HL_A,"KH64E,SL27Q",2,-0.857230007648468,0.9617955088615417,0
1MHP_HL_A,"TH50V,SL27Q,NL51Y",3,-0.9535146951675415,-1.2895281314849854,0
1MHP_HL_A,"KH64E,SL27Q,NL51Y",3,-1.0857164859771729,0.062239669263362885,0
1MHP_HL_A,"TH50V,KH64E,SL27Q,NL51Y",4,-1.126280426979065,-0.6908574104309082,0
2B2X_HL_A,"VH50T,EH64K,QL28S,YL52N",4,1.043681025505066,1.997715950012207,0
2B2X_HL_A,"VH50T,EH64K,QL28S,YL52N,LL49K",5,1.968638300895691,2.111747980117798,0
2B2X_HL_A,"EH64K,QL28S,YL52N",3,0.7803654074668884,0.6358064413070679,0
2B2X_HL_A,"VH50T,EH64K,QL28S,YL52N,LH60D",5,0.9209862947463989,3.1678669452667236,0
2B2X_HL_A,"VH50T,QL28S,YL52N",3,0.8883821964263916,2.4742300510406494,0
2B2X_HL_A,"VH50T,EH64Q,QL28S,YL52N",4,0.8883821964263916,2.648320436477661,0
2B2X_HL_A,"VH50T,EH64D,QL28S,YL52N",4,0.9209862947463989,2.7376303672790527,0
2B2X_HL_A,"VH50T,EH64N,QL28S,YL52N",4,0.9711056351661682,2.8156888484954834,0
2B2X_HL_A,"VH50T,EH64K,YL52N",3,0.37727001309394836,1.876698613166809,0
2B2X_HL_A,"VH50T,EH64K,QL28S",3,0.9403850436210632,1.8776893615722656,0
2B2X_HL_A,"VH50T,EH64K,QL28S,YL52N,GH100M",5,1.1458607912063599,3.1592910289764404,0
2B2X_HL_A,"VH50T,EH64K,QL28S,YL52N,SL24R",5,0.9765949845314026,2.4598474502563477,0
2B2X_HL_A,"VH50T,EH64K,QL28S,YL52E",4,0.8662318587303162,2.4031364917755127,0
2B2X_HL_A,"VH50T,EH64K,QL28S,YL52N,FH99W",5,1.043681025505066,0.8747909665107727,0
2B2X_HL_A,"VH50T,EH64K,QL28S,YL52N,GH100F",5,1.617763876914978,2.891268730163574,0
2B2X_HL_A,"VH50T,EH64K,QL28S,YL52N,GH54Y",5,1.043681025505066,2.22394061088562,0
2B2X_HL_A,"VH50T,EH64K,QL28S,YL52N,FH99W",5,1.043681025505066,0.8747909665107727,0
2B2X_HL_A,"QL28S,YL52N",2,0.682479977607727,1.062446117401123,0
2B2X_HL_A,"VH50T,EH64Q,QL28S,YL52N,LH60D",5,1.0866895914077759,3.699183940887451,0
2B2X_HL_A,"VH50T,QL28S,YL52N,LH60D",4,0.9018170237541199,3.9332971572875977,0
2B2X_HL_A,EH64K,1,-0.15706361830234528,-0.15069580078125,0
2B2X_HL_A,VH50T,1,0.09016634523868561,1.918771505355835,0
2B2X_HL_A,YL52E,1,-0.22420541942119598,1.1337666511535645,0
2B2X_HL_A,"VH50T,EH64K,QL28S,YL52N,NL30V",5,2.093480348587036,1.0293887853622437,0
2B2X_HL_A,"VH50T,EH64K,QL28S,YL52N,HL31R",5,2.1679818630218506,1.4791167974472046,0
2B2X_HL_A,"VH50T,EH64K,QL28S,YL52N,HL31K",5,2.208369016647339,1.8110913038253784,0
2B2X_HL_A,"VH50T,EH64K,QL28S,YL52N,LL49K",5,1.841896891593933,2.111747980117798,0
2B2X_HL_A,"VH50T,EH64K,QL28S,YL52R",4,1.8889000415802002,2.2917726039886475,0
2B2X_HL_A,"VH50T,EH64K,QL28S,YL52K",4,1.7014853954315186,2.1393606662750244,0
2B2X_HL_A,"VH50T,EH64K,QL28S,YL52N,RH31Q",5,2.3515944480895996,2.090860366821289,0
2B2X_HL_A,"VH50T,EH64K,QL28S,YL52N,SH35Q",5,3.7720232009887695,2.080848455429077,0
2B2X_HL_A,"EH64K,QL28S,YL52N",3,1.043681025505066,0.6358064413070679,0
2B2X_HL_A,"VH50T,EH64K,QL28S,YL52N,YH59E",5,1.5879316329956055,2.0020411014556885,0
2B2X_HL_A,"VH50T,EH64K,QL28S,YL52N,LH60D",5,1.043681025505066,3.1678669452667236,0
2B2X_HL_A,"VH50T,QL28S,YL52N",3,1.043681025505066,2.4742300510406494,0
2B2X_HL_A,"VH50T,EH64Q,QL28S,YL52N",4,1.043681025505066,2.648320436477661,0
2B2X_HL_A,"VH50T,EH64D,QL28S,YL52N",4,0.8233383297920227,2.7376303672790527,0
2B2X_HL_A,"VH50T,EH64N,QL28S,YL52N",4,1.043681025505066,2.8156888484954834,0
2B2X_HL_A,"VH50T,EH64K,YL52N",3,0.1864510029554367,1.876698613166809,0
2B2X_HL_A,"VH50T,EH64K,QL28S,YL52N,NL30Y",5,2.9521026611328125,0.8260576128959656,0
2B2X_HL_A,"VH50T,EH64K,QL28S,YL52N,NL30W",5,2.617070198059082,0.8819639086723328,0
2B2X_HL_A,"VH50T,EH64K,QL28S",3,1.043681025505066,1.8776893615722656,0
2B2X_HL_A,"VH50T,EH64K,QL28S,YL52N,SL91T",5,3.3613667488098145,1.189443588256836,0
2B2X_HL_A,"VH50T,EH64K,QL28S,YL52N,SL91R",5,3.7720232009887695,2.1570181846618652,0
2B2X_HL_A,"VH50T,EH64K,QL28S,YL52N,GL92Q",5,2.617070198059082,2.0317413806915283,0
2B2X_HL_A,"VH50T,EH64K,QL28S,YL52N,GL92S",5,1.556517243385315,1.8018938302993774,0
2B2X_HL_A,"VH50T,EH64K,QL28S,YL52N,SL91R,NL30E",6,3.7720232009887695,2.2258963584899902,0
2B2X_HL_A,"VH50T,EH64K,QL28S,YL52N,SH52M",5,3.120450735092163,1.6917674541473389,0
2B2X_HL_A,"VH50T,EH64K,QL28S,YL52N,GH53S",5,1.7195769548416138,2.028507947921753,0
2B2X_HL_A,"VH50T,EH64K,QL28S,YL52N,GH53A",5,1.556517243385315,2.4345760345458984,0
2B2X_HL_A,"VH50T,EH64K,QL28S,YL52N,GH54I",5,2.4078521728515625,2.303956985473633,0
2B2X_HL_A,"VH50T,EH64K,QL28S,YL52N,GH54T",5,2.208369016647339,2.0634829998016357,0
2B2X_HL_A,"VH50T,EH64K,QL28S,YL52N,YH58Q",5,3.120450735092163,2.801074266433716,0
2B2X_HL_A,"VH50T,EH64K,QL28S,YL52N,YH58E",5,3.120450735092163,3.2832491397857666,0
2B2X_HL_A,"VH50T,EH64K,QL28S,YL52N,YH58W",5,1.864993929862976,1.544550895690918,0
2B2X_HL_A,"VH50T,EH64K,QL28S,YL52N,GH100M",5,1.1458607912063599,3.1592910289764404,0
2B2X_HL_A,"VH50T,EH64K,QL28S,YL52N,SL24R",5,0.6799096465110779,2.4598474502563477,0
2B2X_HL_A,"VH50T,EH64K,QL28S,YL52N,LL49F",5,1.756279706954956,1.4905059337615967,0
2B2X_HL_A,"VH50T,EH64K,QL28S,YL52N,LL49W",5,2.9521026611328125,0.9628958702087402,0
2B2X_HL_A,"VH50T,EH64K,QL28S,YL52D",4,1.5446677207946777,2.298799753189087,0
2B2X_HL_A,"VH50T,EH64K,QL28S,YL52E",4,1.043681025505066,2.4031364917755127,0
2B2X_HL_A,"VH50T,EH64K,QL28S,YL52N,WL90Q",5,3.120450735092163,1.9240517616271973,0
2B2X_HL_A,"VH50T,EH64K,QL28S,YL52N,SL91Q",5,2.8185086250305176,1.5551788806915283,0
2B2X_HL_A,"VH50T,EH64K,QL28S,YL52N,WL90Q,FL33Y",6,1.9150900840759277,2.098902940750122,0
2B2X_HL_A,"VH50T,EH64K,QL28S,YL52N,TH33V",5,1.4782437086105347,0.7214269042015076,0
2B2X_HL_A,"VH50T,EH64K,QL28S,YL52N,TH33N",5,3.7720232009887695,1.6144070625305176,0
2B2X_HL_A,"VH50T,EH64K,QL28S,YL52N,SH35A",5,2.617070198059082,2.824320077896118,0
2B2X_HL_A,"VH50T,EH64K,QL28S,YL52N,FH99W",5,1.043681025505066,0.8747909665107727,0
2B2X_HL_A,"VH50T,EH64K,QL28S,YL52N,FH99Y",5,1.7986879348754883,2.0116593837738037,0
2B2X_HL_A,"VH50T,EH64K,QL28S,YL52N,GH100L",5,3.7720232009887695,2.617835760116577,0
2B2X_HL_A,"VH50T,EH64K,QL28S,YL52N,GH100F",5,1.2479825019836426,2.891268730163574,0
2B2X_HL_A,"VH50T,EH64K,QL28S,YL52N,GH100S",5,1.6016782522201538,2.669189691543579,0
2B2X_HL_A,"EH64K,QL28S,YL52N,SH35V",4,3.7720232009887695,1.4816534519195557,0
2B2X_HL_A,"EH64K,QL28S,YL52N,SH35A",4,3.120450735092163,2.1350958347320557,0
2B2X_HL_A,"VH50T,EH64K,QL28S,YL52N,SH35A,GH102S",6,2.617070198059082,2.2341511249542236,0
2B2X_HL_A,"VH50T,EH64K,QL28S,YL52N,SH35V,GH102S",6,2.469994306564331,1.6969186067581177,0
2B2X_HL_A,"EH64K,QL28S,YL52N,GH102S",4,2.7118842601776123,0.5668433308601379,0
2B2X_HL_A,"VH50T,EH64K,QL28S,YL52N,HL31W",5,2.2995564937591553,0.03866053372621536,0
2B2X_HL_A,"VH50T,EH64K,QL28S,YL52N,NL30Y,SL91I",6,1.4782437086105347,-0.6488509178161621,0
2B2X_HL_A,"VH50T,EH64K,QL28S,YL52N,GH53N",5,2.2995564937591553,2.305732011795044,0
2B2X_HL_A,"VH50T,EH64K,QL28S,YL52N,GH54Y",5,1.043681025505066,2.22394061088562,0
2B2X_HL_A,"VH50T,EH64K,QL28S,YL52N,FH99W",5,1.043681025505066,0.8747909665107727,0
2B2X_HL_A,"VH50T,EH64K,QL28S,YL52N,FH99Y",5,1.7986879348754883,2.0116593837738037,0
2B2X_HL_A,"VH50T,EH64K,QL28S,YL52N,TH33E,GH53Q",6,2.7118842601776123,2.575894832611084,0
2B2X_HL_A,"VH50T,EH64K,QL28S,YL52N,TH33I,SH52T,GH53N,GH54N",8,2.9521026611328125,1.241581916809082,0
2B2X_HL_A,"VH50T,EH64K,QL28S,YL52N,TH33I,SH52T,GH53Q,GH54F",8,2.2995564937591553,0.9284171462059021,0
2B2X_HL_A,"EH64K,YL52N",2,0.3486860692501068,0.518688976764679,0
2B2X_HL_A,"QL28S,YL52N",2,1.043681025505066,1.062446117401123,0
2B2X_HL_A,"VH50T,YL52N",2,0.1864510029554367,2.4928348064422607,0
2B2X_HL_A,EH64K,1,0.09016634523868561,-0.15069580078125,0
2B2X_HL_A,VH50T,1,-0.04203549772500992,1.918771505355835,0
1MLC_AB_E,NA32G,1,-0.8777795433998108,-0.6031016707420349,0
1MLC_AB_E,NA92A,1,-1.253914475440979,0.4115636348724365,0
1MLC_AB_E,TB28D,1,-0.1510114222764969,-0.5068867206573486,0
1MLC_AB_E,TB31A,1,0.44720688462257385,-0.07563019543886185,0
1MLC_AB_E,TB31V,1,0.5264760851860046,-0.6431573033332825,0
1MLC_AB_E,SB57A,1,-0.37919139862060547,0.41042056679725647,0
1MLC_AB_E,SB57V,1,-0.4944019615650177,-0.7924756407737732,0
1MLC_AB_E,TB58D,1,-0.5599330067634583,0.6127086281776428,0
1MLC_AB_E,KB65D,1,0.01855706050992012,-0.18095657229423523,0
1MLC_AB_E,NA32Y,1,0.0,-1.336177945137024,0
1MLC_AB_E,TB31W,1,0.13220183551311493,-0.12344542890787125,0
1MLC_AB_E,"NA32G,NA92A",2,-0.6869605183601379,-0.2650802433490753,0
1MLC_AB_E,"SB57V,TB58D",2,-0.988170862197876,1.0191847085952759,0
1MLC_AB_E,"NA32G,NA92A,SB57V,TB58D",4,-1.7357505559921265,-0.49282971024513245,0
1MLC_AB_E,"NA92A,SB57V,TB58D",3,-2.3952598571777344,0.11085284501314163,0
1MLC_AB_E,"NA92A,TB28D,SB57V,TB58D",4,-2.740586280822754,0.20417040586471558,0
1MLC_AB_E,"NA92A,TB28D,SB57V,TB58D",4,-2.5825202465057373,0.20417040586471558,0
1MLC_AB_E,"NA92A,TB28D,SB57V,TB58D",4,-1.6668107509613037,0.20417040586471558,0
1MLC_AB_E,"NA92A,TB28D,SB57V,TB58D,NA32L",5,-2.5854651927948,-0.8673770427703857,0
1MLC_AB_E,"NA92A,TB28D,SB57V,TB58D,SB30G",5,-2.359523296356201,0.38817694783210754,0
1MLC_AB_E,"NA92A,TB28D,SB57V,TB58D,YB59E",5,-1.466826319694519,2.1883933544158936,0
1MLC_AB_E,"NA92A,TB28D,SB57V,TB58D,SA91N",5,1.8505626916885376,-0.7418986558914185,0
1MLC_AB_E,"NA92A,TB28D,SB57V,TB58D,SA91N,SA93A",6,-1.6111606359481812,-0.7248848676681519,0
1MLC_AB_E,"NA92A,TB28D,SB57V,TB58D,RB98M,DB100Q",6,-0.4106564223766327,1.2008857727050781,0
1MLC_AB_E,"NA92A,TB28D,SB57V,TB58D,YB32R,RB98S",6,1.8505626916885376,3.0724968910217285,0
1MLC_AB_E,"NA92A,TB28D,SB57V,TB58D,EB35S,GB99D",6,-2.955246686935425,1.003933072090149,0
1MLC_AB_E,"NA92A,TB28D,SB57V,TB58D,YB32W,RB98V,DB100Q",7,0.3615494668483734,1.2427440881729126,0
1MLC_AB_E,"NA92A,TB28D,SB57V,TB58D,EB35S",5,1.907029390335083,1.7353160381317139,0
1MLC_AB_E,"NA92A,TB28D,SB57V,TB58D,GB99D",5,-0.20366813242435455,-0.2942233383655548,0
1YY9_CD_A,SC26D,1,-0.19934363663196564,0.3612833023071289,0
1YY9_CD_A,TC31E,1,-0.5191569924354553,0.2856272757053375,0
1YY9_CD_A,NC93A,1,-0.7422019243240356,0.1879780888557434,0
1YY9_CD_A,ND56A,1,-0.05707155540585518,0.29991012811660767,0
1YY9_CD_A,TD61E,1,-0.05707155540585518,-0.30139943957328796,0
1YY9_CD_A,"TC31E,NC93A",2,-0.8188995718955994,1.491485595703125,0
1YY9_CD_A,"SC26D,TC31E,NC93A",3,-1.3335405588150024,1.530386209487915,0
1YY9_CD_A,"SC26D,TC31E,NC93A,ND56A,TD61E",5,-0.6520853638648987,2.700878858566284,0
1N8Z_AB_C,NA30S,1,0.06411135196685791,0.4279414713382721,0
1N8Z_AB_C,HA91F,1,0.032922469079494476,0.1730910837650299,0
1N8Z_AB_C,"NA30S,HA91F,YA92W",3,-0.07190047949552536,-0.8838664293289185,0
1N8Z_AB_C,TA94S,1,0.3093721270561218,0.8200387954711914,0
1N8Z_AB_C,DB102W,1,-0.6857352256774902,-1.3636882305145264,0
1N8Z_AB_C,YB105F,1,0.8213128447532654,-0.23337802290916443,0
1N8Z_AB_C,YB109V,1,0.22304488718509674,-0.1534360647201538,0
1N8Z_AB_C,"NA30S,HA91F,YA92W,TA94S,DB102W,YB105F,YB109V",7,0.048722125589847565,-0.5980058312416077,0
3BDY_HL_V,"DL28N,PL30A,RL31K,SL32T,YL57F,TL97S,TL98S",7,-0.9735997319221497,-0.08073507994413376,0
3BDY_HL_V,"DL28N,PL30A,RL31K,SL32T,YL57F,TL97S,TL98S,KH31S,DH32G,TH55S,NH56E,GH101V,DH103V",13,-2.728342294692993,1.6768494844436646,0
3BE1_HL_A,"DL28N,PL30A,RL31K,SL32T,YL57F,TL97S,TL98S",7,-0.8687343001365662,1.155040979385376,0
3BE1_HL_A,"DL28N,PL30A,RL31K,SL32T,YL57F,TL97S,TL98S,KH30S,DH31G,TH54S,NH55E,GH100V,DH102V",13,-2.8837804794311523,2.0281527042388916,0
3BDY_HL_V,"DL28N,PL30A,RL31K,SL32T,TL97S,TL98S",6,-0.9535146951675415,0.5431519150733948,0
3BDY_HL_V,"DL28N,PL30A,RL31K,SL32T,TL97S,TL98S,KH31S,DH32G,TH55S,NH56E,GH101V,DH103V",12,-2.671875476837158,1.5039372444152832,0
3BDY_HL_V,"DL28N,PL30A,RL31K,SL32T,TL97S,TL98S,KH31S,DH32G,TH55S,NH56E,GH101V,DH103V,RH51A,RH60A",14,-2.728342294692993,2.3169281482696533,0
3BE1_HL_A,"DL28N,PL30A,RL31K,SL32T,TL97S,TL98S",6,-0.6750600934028625,0.7471965551376343,0
3BE1_HL_A,"DL28N,PL30A,RL31K,SL32T,TL97S,TL98S,KH30S,DH31G,TH54S,NH55E,GH100V,DH102V",12,-2.728342294692993,1.6262518167495728,0
3BE1_HL_A,"DL28N,PL30A,RL31K,SL32T,TL97S,TL98S,KH30S,DH31G,TH54S,NH55E,GH100V,DH102V,YL36A",13,-3.1389987468719482,2.6337239742279053,0
3BE1_HL_A,"DL28N,PL30A,RL31K,SL32T,TL97S,TL98S,KH30S,DH31G,TH54S,NH55E,GH100V,DH102V,YL36A,IL33A",14,-2.728342294692993,2.81978440284729,0
1N8Z_AB_C,RB50A,1,2.9276857376098633,1.1265678405761719,0
1N8Z_AB_C,RB59A,1,1.774827480316162,2.128201961517334,0
2NY7_HL_G,"WG13M,SG92T,WG181S,MG231A,CG14W,CG110V,CG27I,CG226Q",8,-0.3037257194519043,0.8062393069267273,0
2NY7_HL_G,"WG13M,MG231A,CG14W,CG110V,CG27I,CG226Q",6,0.449248343706131,2.0040318965911865,0
2NY7_HL_G,"KG66C,EG103C,WG13M,MG231A,CG14W,CG110V,CG27I,CG226Q",8,0.3000297248363495,1.3598761558532715,0
2NY7_HL_G,"WG13M,MG231A,CG14W,CG110V",4,1.1579517126083374,1.7158406972885132,0
2NY7_HL_G,"KG66C,EG102C,WG13M,MG231A,CG14W,CG110V,CG27I,CG226Q",8,0.3999813199043274,1.2149827480316162,0
2NY7_HL_G,"GG229C,WG13M,MG231A,CG14W,CG110V,CG27I,CG226Q",7,0.2147209495306015,2.4979288578033447,0
2NY7_HL_G,"CG27I,CG226Q,MG231A",3,0.20328329503536224,0.3889004588127136,0
2NY7_HL_G,"CG27I,CG226Q",2,0.1998084932565689,0.09130164235830307,0
2NY7_HL_G,"WG13M,MG231A,CG14W,CG110V,KG66C,EG102C",6,0.5512619614601135,0.9012426733970642,0
2NY7_HL_G,"KG66C,EG102C,CG27I,CG226Q",4,0.04087496176362038,0.00386260449886322,0
2NY7_HL_G,"GG229C,MG231A",2,-0.37896695733070374,0.2067733258008957,0
3IDX_HL_G,"WG13M,SG111T,WG200S,MG247A,CG14W,CG129V,CG27I,CG242Q",8,-1.864798665046692,1.9233198165893555,0
3IDX_HL_G,"WG13M,MG247A,CG14W,CG129V,CG27I,CG242Q",6,-2.3490397930145264,1.6006405353546143,0
3IDX_HL_G,"KG85C,EG122C,WG13M,MG247A,CG14W,CG129V,CG27I,CG242Q",8,-2.2937450408935547,1.254893183708191,0
3IDX_HL_G,"WG13M,MG247A,CG14W,CG129V",4,-0.647828996181488,1.4956200122833252,0
3IDX_HL_G,"KG85C,EG121C,WG13M,MG247A,CG14W,CG129V,CG27I,CG242Q",8,-2.1932713985443115,1.531866192817688,0
3IDX_HL_G,"TG41C,GG245C,WG13M,MG247A,CG14W,CG129V,CG27I,CG242Q",8,-2.332111358642578,2.7651307582855225,0
3IDX_HL_G,"CG27I,CG242Q,MG247A",3,-2.174590826034546,1.1379374265670776,0
3IDX_HL_G,"CG27I,CG242Q",2,-2.46614146232605,0.9194085001945496,0
3IDX_HL_G,"WG13M,MG247A,CG14W,CG129V,KG85C,EG121C",6,-0.36182716488838196,1.0401314496994019,0
3IDX_HL_G,"KG85C,EG121C,CG27I,CG242Q",4,-2.378751039505005,1.3132573366165161,0
3IDX_HL_G,"TG41C,GG245C,MG247A",3,0.40963760018348694,0.8904880881309509,0
2NYY_DC_A,SA874A,1,-0.2319817990064621,0.5224086046218872,0
2NYY_DC_A,KA875A,1,0.2930837571620941,1.2307956218719482,0
2NYY_DC_A,QA887A,1,0.5245682597160339,1.051465392112732,0
2NYY_DC_A,FA889A,1,0.4223885238170624,0.22698020935058594,0
2NYY_DC_A,NA890A,1,0.8968583345413208,0.9006242156028748,0
2NYY_DC_A,LA891A,1,2.607872486114502,2.1341440677642822,0
2NYY_DC_A,EA892A,1,2.85959529876709,0.319877952337265,0
2NYY_DC_A,KA895A,1,-0.14115594327449799,0.8706353306770325,0
2NYY_DC_A,FA925A,1,4.087754726409912,1.0304224491119385,0
2NYY_DC_A,NA926A,1,0.10006427019834518,1.5029537677764893,0
2NYY_DC_A,SA927A,1,0.0,-0.025369897484779358,0
2NYY_DC_A,IA928A,1,-0.009555884636938572,0.41962262988090515,0
2NYY_DC_A,KA1028A,1,-0.02914285846054554,2.0280935764312744,0
2NYY_DC_A,DA1030A,1,0.009404197335243225,0.8524667024612427,0
2NYY_DC_A,RA1033A,1,0.8260335922241211,0.7707459330558777,0
2NYY_DC_A,DA1034A,1,2.548027276992798,1.792048692703247,0
2NYY_DC_A,TA1035A,1,1.6426256895065308,0.31521186232566833,0
2NYY_DC_A,HA1036A,1,7.3721842765808105,1.3748162984848022,0
2NYY_DC_A,RA1266A,1,0.3016909658908844,1.212965965270996,0
2NZ9_DC_A,SA874A,1,-0.12034162133932114,0.5766118168830872,0
2NZ9_DC_A,KA875A,1,0.5445982217788696,0.733046293258667,0
2NZ9_DC_A,QA887A,1,0.09997596591711044,1.2550326585769653,0
2NZ9_DC_A,FA889A,1,-0.04996808245778084,0.20734864473342896,0
2NZ9_DC_A,NA890A,1,2.175600290298462,0.6942406296730042,0
2NZ9_DC_A,LA891A,1,2.2963976860046387,1.9974161386489868,0
2NZ9_DC_A,EA892A,1,2.790327548980713,0.16942134499549866,0
2NZ9_DC_A,KA895A,1,-0.3019140660762787,0.8330751061439514,0
2NZ9_DC_A,FA925A,1,3.364515542984009,0.7860422134399414,0
2NZ9_DC_A,NA926A,1,-0.1532640904188156,1.4657732248306274,0
2NZ9_DC_A,SA927A,1,-0.07911093533039093,-0.0037377923727035522,0
2NZ9_DC_A,IA928A,1,0.06978079676628113,0.47162505984306335,0
2NZ9_DC_A,KA1028A,1,-0.008777227252721786,1.9981257915496826,0
2NZ9_DC_A,DA1030A,1,-0.03130663186311722,0.9290069937705994,0
2NZ9_DC_A,RA1033A,1,0.292977511882782,0.6323358416557312,0
2NZ9_DC_A,DA1034A,1,2.356466054916382,1.7942674160003662,0
2NZ9_DC_A,TA1035A,1,2.3874666690826416,0.4478396475315094,0
2NZ9_DC_A,HA1036A,1,7.473180770874023,0.7954369187355042,0
2NZ9_DC_A,RA1266A,1,0.3929699659347534,1.2811485528945923,0
2NYY_DC_A,MD33Q,1,-0.06030135974287987,1.485478401184082,0
2NYY_DC_A,KD29R,1,0.07190047949552536,-0.4261036217212677,0
2NYY_DC_A,YD30D,1,0.065090611577034,0.898384153842926,0
2NYY_DC_A,YD30Q,1,0.12990403175354004,0.7097310423851013,0
2NYY_DC_A,YD56Q,1,0.5234318375587463,1.1155918836593628,0
2NYY_DC_A,SC28Q,1,0.4163622558116913,0.16366317868232727,0
2NYY_DC_A,DC30Y,1,0.6457566022872925,-0.2879466116428375,0
2NYY_DC_A,SC31N,1,-0.3559296727180481,0.2737434506416321,0
2NYY_DC_A,HC34R,1,0.10161182284355164,-0.48109444975852966,0
2NYY_DC_A,VD36I,1,-0.21470792591571808,-0.1717316210269928,0
2NYY_DC_A,ED5Q,1,-0.2497744858264923,0.3455168902873993,0
2NYY_DC_A,"VD36I,ED5Q",2,-0.04939959943294525,-0.5121633410453796,0
2NYY_DC_A,"KD29S,YD30D,DD31H,SD60P",4,0.04996808245778084,0.30974048376083374,0
2NZ9_DC_A,"SD29K,DD30Y,HD31D",3,-0.04996808245778084,0.4214979410171509,0
3MZW_A_B,NB18T,1,-0.14522328972816467,0.04504869878292084,0
3MZW_A_B,NB18G,1,0.07263598591089249,0.15405672788619995,0
3MZW_A_B,NB18A,1,0.025214528664946556,0.6684802174568176,0
3MZW_A_B,"NB1E,NB18T",2,0.3843208849430084,0.03213977813720703,0
3MZW_A_B,"NB1A,NB18T",2,0.34248337149620056,-0.13802987337112427,0
3MZW_A_B,"NB18T,AB49S",2,0.09499531984329224,-0.0204445943236351,0
3MZW_A_B,"NB18T,AB37S,AB41S,AB49S",4,-0.11319105327129364,-0.023051150143146515,0
3MZW_A_B,"NB1A,NB18T,AB37S,AB41S,AB49S",5,0.025214528664946556,-0.042680077254772186,0
3MZW_A_B,"NB1E,NB18T,AB37S,AB41S,AB49S",5,0.28166571259498596,-0.054242365062236786,0
3MZW_A_B,"NB1A,NB18T,AB37S,AB41S,AB49S",5,-0.08280224353075027,-0.042680077254772186,0
3MZW_A_B,"NB18T,SB28A",2,-0.2150040864944458,-0.4894406497478485,0
3MZW_A_B,"NB18T,SB28K",2,-0.2150040864944458,0.46129724383354187,0
3MZW_A_B,"NB18T,DB31A",2,0.7081217765808105,0.43184545636177063,0
3MZW_A_B,"NB18T,DB31K",2,1.2189477682113647,0.3647524416446686,0
3MZW_A_B,"NB18T,DB32E",2,0.21388307213783264,1.103698968887329,0
3MZW_A_B,"NB18T,EB42A",2,-0.3380204439163208,-0.13533145189285278,0
3MZW_A_B,"NB18T,LB46T",2,-0.17908690869808197,0.11298244446516037,0
3MZW_A_B,"NB18T,LB46Y",2,-0.02633553557097912,0.2106771469116211,0
3MZW_A_B,"NB18T,NB38E,AB49S",3,0.13733132183551788,0.2984031140804291,0
3MZW_A_B,"NB18T,AB37S,AB41S,LB46T",4,-0.14522328972816467,-0.4325561821460724,0
3MZW_A_B,"NB18T,AB37S,AB41S,LB46Y",4,-0.05389641225337982,-0.24296888709068298,0
3MZW_A_B,"NB1A,NB18T,SB28K,AB37S,AB41S,AB49S",6,-0.2150040864944458,0.3186475932598114,0
3MZW_A_B,"NB1A,NB18T,SB28K,DB31A,AB37S,AB41S,AB49S",7,0.4480868875980377,0.9957020282745361,0
3MZW_A_B,"NB1A,NB18T,SB28K,DB32E,AB37S,AB41S,AB49S",7,-0.6799096465110779,1.5815329551696777,0
3MZW_A_B,"NB1A,NB18T,SB28K,AB37S,NB38E,AB41S,AB49S",7,-0.25324004888534546,0.5388731360435486,0
3MZW_A_B,"NB1A,NB18T,SB28K,AB37S,NB38E,AB41S,AB49S",7,-0.14522328972816467,0.5388731360435486,0
3MZW_A_B,"NB1A,NB18T,SB28K,AB37S,AB41S,EB42A,AB49S",7,-0.3854418992996216,0.14268964529037476,0
3MZW_A_B,"NB1A,NB18T,SB28K,AB37S,AB41S,EB42A,AB49S",7,-0.08280224353075027,0.14268964529037476,0
3MZW_A_B,"NB1A,NB18T,SB28K,AB37S,NB38E,AB41S,AB49S",7,0.5680727958679199,0.5388731360435486,0
3MZW_A_B,"NB1A,NB18T,SB28K,AB37S,NB38E,AB41S,AB49S",7,0.7081217765808105,0.5388731360435486,0
3NGB_HL_G,TH33Y,1,0.08423155546188354,-2.29276442527771,0
3NGB_HL_G,GH55S,1,0.7433762550354004,0.5163966417312622,0
3NGB_HL_G,AH57G,1,-0.056055422872304916,-0.8587452173233032,0
3NGB_HL_G,VH58T,1,0.13793396949768066,0.42603278160095215,0
3NGB_HL_G,PH63K,1,0.23262739181518555,0.20132499933242798,0
3NGB_HL_G,VH74T,1,0.16501310467720032,2.006662368774414,0
3NGB_HL_G,YH75S,1,0.3327198326587677,0.729682981967926,0
3NGB_HL_G,IH30T,1,0.07342666387557983,0.809964120388031,0
3NGB_HL_G,KH52N,1,0.175048366189003,1.293168067932129,0
3NGB_HL_G,RH54N,1,0.046471256762742996,1.7076671123504639,0
3NGB_HL_G,RH62Q,1,0.09659314900636673,1.4521292448043823,0
3NGB_HL_G,YL26S,1,0.651560366153717,0.9148023128509521,0
3NGB_HL_G,"AH57G,VH58T,PH63K,VH74T",4,1.6741704940795898,2.364070177078247,0
3NGB_HL_G,"TH33Y,GH56S,AH57G,VH58T,PH63K,VH74T,YH75S",7,1.9390616416931152,1.5392861366271973,0
3NGB_HL_G,"IH30T,KH52N,RH54N,GH55S,AH57G,VH58T,RH62Q,PH63K,VH74T,YH75S,YL26S",11,0.8625305891036987,2.567147970199585,0
3NGB_HL_G,"CH32S,CH102A",2,0.2591139078140259,2.1067960262298584,0
2BDN_HL_A,LH27R,1,0.6508750319480896,0.21942344307899475,0
2BDN_HL_A,LH27K,1,0.8744037747383118,0.12338271737098694,0
2BDN_HL_A,NH28D,1,0.13220183551311493,-0.24762365221977234,0
2BDN_HL_A,NH28Q,1,1.4000883102416992,0.31869447231292725,0
2BDN_HL_A,DH31E,1,1.0857164859771729,0.8993906378746033,0
2BDN_HL_A,YL30K,1,0.6750600934028625,1.676767110824585,0
2BDN_HL_A,NL31R,1,-0.9175975322723389,-0.7703823447227478,0
2BDN_HL_A,NL31K,1,3.4913339614868164,-0.7863345742225647,0
2BDN_HL_A,SL53D,1,-0.160644993185997,-1.0281436443328857,0
2BDN_HL_A,SL53E,1,-0.8517016768455505,-0.5597299337387085,0
2BDN_HL_A,TL56D,1,-0.4256560206413269,-0.22726860642433167,0
2BDN_HL_A,TL56E,1,-0.6891109943389893,0.22566750645637512,0
3W2D_A_HL,YA45F,1,0.8783374428749084,-0.21224603056907654,0
3W2D_A_HL,YA45L,1,2.3658151626586914,1.6809051036834717,0
3W2D_A_HL,KA67R,1,-0.42831185460090637,-0.21413138508796692,0
3W2D_A_HL,KA67N,1,4.624007701873779,2.190781354904175,0
4KRL_A_B,RB30A,1,1.7210599184036255,0.8152826428413391,0
4KRL_A_B,DB112A,1,0.6499726176261902,0.9711436629295349,0
4KRL_A_B,"DA49T,FA51A",2,1.8532617092132568,1.062453269958496,0
4KRO_A_B,RB15A,1,1.5840085744857788,1.9316612482070923,0
4KRO_A_B,DB92A,1,1.5048975944519043,1.916067361831665,0
4KRO_A_B,"DA321T,FA323A",2,0.12702755630016327,0.5369678735733032,0
4KRP_A_B,EB105A,1,1.606764316558838,0.823599636554718,0
4KRP_A_B,"DA277T,FA279A",2,0.358457088470459,0.3706878423690796,0
4NM8_ABCDEF_HL,IB18M,1,0.10801676660776138,0.024825625121593475,0
4NM8_ABCDEF_HL,DB19N,1,0.6508750319480896,-1.3872320652008057,0
4NM8_ABCDEF_HL,RB25M,1,3.3870644569396973,0.4079359769821167,0
4NM8_ABCDEF_HL,TB32E,1,-0.5428582429885864,1.3027766942977905,0
4NM8_ABCDEF_HL,TB32I,1,-0.04939959943294525,0.346016526222229,0
4NM8_ABCDEF_HL,TB32R,1,1.2015804052352905,0.8759319186210632,0
4NM8_ABCDEF_HL,QB34T,1,2.2935006618499756,0.6982926726341248,0
4NM8_ABCDEF_HL,QB34R,1,2.9276857376098633,-0.8191149830818176,0
4NM8_ABCDEF_HL,LB38Y,1,-0.6052793264389038,-0.5717120170593262,0
4OZG_ABJ_GH,NG29A,1,-0.07165861129760742,1.0549944639205933,0
4OZG_ABJ_GH,YG31A,1,1.7440438270568848,1.1419419050216675,0
4OZG_ABJ_GH,YG33F,1,1.7440438270568848,0.10980283468961716,0
4OZG_ABJ_GH,LG50A,1,1.1861860752105713,1.2862961292266846,0
4OZG_ABJ_GH,YH46F,1,-0.6471371650695801,1.0649837255477905,0
4OZG_ABJ_GH,QH48A,1,0.8051583766937256,-0.9100155234336853,0
4OZG_ABJ_GH,NH50A,1,-0.11102414131164551,0.538683295249939,0
4OZG_ABJ_GH,FH94A,1,1.4347845315933228,1.7504971027374268,0
4OZG_ABJ_GH,RH95A,1,1.7440438270568848,1.8940203189849854,0
4OZG_ABJ_GH,FH96A,1,0.8835463523864746,1.8470698595046997,0
4OZG_ABJ_GH,DH98A,1,1.6500780582427979,0.5952869057655334,0
4OZG_ABJ_GH,YH101F,1,0.5337899327278137,-0.6860028505325317,0
4P5T_CD_AB,KC40A,1,1.13858163356781,0.8050679564476013,0
4P5T_CD_AB,DC56A,1,0.6170114278793335,0.9580345153808594,0
4P5T_CD_AB,QC58A,1,0.0,0.28056222200393677,0
4P5T_CD_AB,LC61A,1,1.009981393814087,1.2316774129867554,0
4P5T_CD_AB,QC62A,1,0.0,0.0659695491194725,0
4P5T_CD_AB,NC63A,1,1.496372938156128,1.001779317855835,0
4P5T_CD_AB,VC66A,1,0.8687343001365662,0.7188978791236877,0
4P5T_CD_AB,KC68A,1,0.9917506575584412,0.4167170822620392,0
4P5T_CD_AB,HC69A,1,1.009981393814087,1.7003051042556763,0
4P5T_CD_AB,VC73A,1,0.0,0.6035011410713196,0
4P5T_CD_AB,KC76A,1,0.3591063618659973,0.06177655607461929,0
4P5T_CD_AB,FD1A,1,0.0,0.711222231388092,0
4P5T_CD_AB,ED2A,1,1.0615314245224,0.8515715003013611,0
4P5T_CD_AB,QD4A,1,1.654841661453247,0.6775609850883484,0
4P5T_CD_AB,KD5A,1,1.991546392440796,0.1414012461900711,0
4P5T_CD_AB,KD7A,1,1.5492380857467651,0.5562900900840759,0
4P5T_CD_AB,ND9A,1,0.0,2.020115852355957,0
4P5T_CD_AB,KD10A,1,0.2402186095714569,0.8968200087547302,0
4P5T_CD_AB,VD12A,1,0.09132687747478485,0.5422183275222778,0
4P5T_CD_AB,DD13A,1,0.0,0.13137751817703247,0
4P5T_CD_AB,ED67A,1,0.2402186095714569,-0.0637776330113411,0
4P5T_CD_AB,YD68A,1,0.17043781280517578,0.6116987466812134,0
4P5T_CD_AB,SD71A,1,0.0,-0.0416855588555336,0
4P5T_CD_AB,QD72A,1,0.0,-0.007528483867645264,0
4P5T_CD_AB,PD73A,1,0.0,0.14922627806663513,0
4P5T_CD_AB,ED74A,1,0.6170114278793335,0.10804187506437302,0
4P5T_CD_AB,ID75A,1,0.09132687747478485,2.5949180126190186,0
4P5T_CD_AB,ED77A,1,1.009981393814087,0.722572386264801,0
4P5T_CD_AB,RD78A,1,2.0744974613189697,1.774476408958435,0
4P5T_CD_AB,RD80A,1,0.0,0.020415939390659332,0
4P5T_CD_AB,DD84A,1,0.0,-0.5784896016120911,0
4P5T_CD_AB,TD85A,1,0.8213128447532654,1.1011399030685425,0
4P5T_CD_AB,RD88A,1,0.0,0.8188905715942383,0
4P5T_CD_AB,HD89A,1,0.7960982918739319,0.7746840715408325,0
4P5T_CD_AB,ED92A,1,0.0,-0.29496413469314575,0
4P23_CD_AB,KC40A,1,1.1937333345413208,1.002054214477539,0
4P23_CD_AB,DC56A,1,0.9917506575584412,1.468738317489624,0
4P23_CD_AB,QC58A,1,0.9729411005973816,-0.0703764483332634,0
4P23_CD_AB,LC61A,1,0.9535146951675415,2.4951045513153076,0
4P23_CD_AB,QC62A,1,1.910965919494629,-0.055978186428546906,0
4P23_CD_AB,NC63A,1,1.5119646787643433,0.988496720790863,0
4P23_CD_AB,VC66A,1,1.1667990684509277,0.6893810033798218,0
4P23_CD_AB,KC68A,1,0.6829072833061218,0.6007941961288452,0
4P23_CD_AB,HC69A,1,0.6170114278793335,1.8770203590393066,0
4P23_CD_AB,VC73A,1,0.0,0.7695921063423157,0
4P23_CD_AB,KC76A,1,0.17043781280517578,0.08708952367305756,0
4P23_CD_AB,FD1A,1,0.0,1.064611792564392,0
4P23_CD_AB,ED2A,1,1.1667990684509277,0.5269542336463928,0
4P23_CD_AB,QD4A,1,0.6829072833061218,0.059894464910030365,0
4P23_CD_AB,KD5A,1,2.2306222915649414,0.28926458954811096,0
4P23_CD_AB,KD7A,1,2.5683443546295166,1.4169809818267822,0
4P23_CD_AB,ND9A,1,0.0,1.5279415845870972,0
4P23_CD_AB,KD10A,1,0.09132687747478485,1.2955515384674072,0
4P23_CD_AB,VD12A,1,0.0,0.9608365893363953,0
4P23_CD_AB,DD13A,1,0.17043781280517578,0.6342535614967346,0
4P23_CD_AB,ED68A,1,0.09132687747478485,-0.08125924319028854,0
4P23_CD_AB,YD69A,1,0.2402186095714569,0.6411287784576416,0
4P23_CD_AB,SD72A,1,0.0,-0.044757626950740814,0
4P23_CD_AB,QD73A,1,0.17043781280517578,0.07154117524623871,0
4P23_CD_AB,PD74A,1,0.09132687747478485,0.6407358646392822,0
4P23_CD_AB,ED75A,1,0.17043781280517578,-0.006125397980213165,0
4P23_CD_AB,ID76A,1,0.17043781280517578,3.188218832015991,0
4P23_CD_AB,ED78A,1,0.17043781280517578,0.665812075138092,0
4P23_CD_AB,RD79A,1,2.0715129375457764,1.4851222038269043,0
4P23_CD_AB,RD81A,1,0.09132687747478485,0.271142840385437,0
4P23_CD_AB,DD85A,1,0.09132687747478485,0.25011783838272095,0
4P23_CD_AB,TD86A,1,0.0,0.8512502908706665,0
4P23_CD_AB,RD89A,1,0.09132687747478485,1.4923022985458374,0
4P23_CD_AB,HD90A,1,0.17043781280517578,0.8362000584602356,0
4P23_CD_AB,ED93A,1,0.09132687747478485,-0.13732567429542542,0
3C60_CD_AB,KC40A,1,1.5944323539733887,1.162427544593811,0
3C60_CD_AB,DC56A,1,0.6982964873313904,1.4771032333374023,0
3C60_CD_AB,QC58A,1,0.9633074998855591,0.30725201964378357,0
3C60_CD_AB,LC61A,1,0.9435572624206543,2.2895495891571045,0
3C60_CD_AB,QC62A,1,0.8687343001365662,0.396158367395401,0
3C60_CD_AB,NC63A,1,0.9535146951675415,0.4478970170021057,0
3C60_CD_AB,VC66A,1,1.2502000331878662,0.4299270510673523,0
3C60_CD_AB,KC68A,1,0.5622846484184265,0.47361695766448975,0
3C60_CD_AB,HC69A,1,0.3591063618659973,1.3767101764678955,0
3C60_CD_AB,VC73A,1,0.0,0.5106841325759888,0
3C60_CD_AB,KC76A,1,0.04742145910859108,-0.04911830276250839,0
3C60_CD_AB,FD1A,1,0.0,0.7739859223365784,0
3C60_CD_AB,ED2A,1,0.04742145910859108,-0.039910830557346344,0
3C60_CD_AB,QD4A,1,1.1667990684509277,0.0722859650850296,0
3C60_CD_AB,KD5A,1,1.1528583765029907,0.8412594199180603,0
3C60_CD_AB,KD7A,1,2.151184558868408,1.4022142887115479,0
3C60_CD_AB,ND9A,1,0.0,1.6081544160842896,0
3C60_CD_AB,KD10A,1,0.0,0.5782080888748169,0
3C60_CD_AB,VD12A,1,0.0,0.4313179552555084,0
3C60_CD_AB,DD13A,1,0.04742145910859108,0.138308584690094,0
3C60_CD_AB,ED69A,1,0.04742145910859108,0.008304081857204437,0
3C60_CD_AB,YD70A,1,0.0,0.5747769474983215,0
3C60_CD_AB,SD73A,1,0.0,-0.07879283279180527,0
3C60_CD_AB,QD74A,1,0.0,0.26868942379951477,0
3C60_CD_AB,PD75A,1,0.0,0.20044642686843872,0
3C60_CD_AB,ED76A,1,0.0,-0.210296630859375,0
3C60_CD_AB,ID77A,1,0.04742145910859108,2.64457631111145,0
3C60_CD_AB,ED79A,1,0.04742145910859108,-0.01772879809141159,0
3C60_CD_AB,RD80A,1,2.0264554023742676,1.353914737701416,0
3C60_CD_AB,RD82A,1,0.0,0.27497702836990356,0
3C60_CD_AB,DD86A,1,0.04742145910859108,-0.10163208097219467,0
3C60_CD_AB,TD87A,1,1.1667990684509277,0.2622293531894684,0
3C60_CD_AB,RD90A,1,0.04742145910859108,0.758638322353363,0
3C60_CD_AB,HD91A,1,1.0857164859771729,0.4781740605831146,0
3C60_CD_AB,ED94A,1,0.0,-0.1499125063419342,0
4U6H_AB_E,NE21A,1,-0.3482353687286377,-0.05690007656812668,0
4U6H_AB_E,QE25A,1,0.1188877522945404,0.4801608622074127,0
4ZS6_HL_A,YA160A,1,-0.11029982566833496,1.6613500118255615,0
4ZS6_HL_A,EA156A,1,3.040027141571045,1.4949450492858887,0
3NGB_HL_G,IH30A,1,-0.002699102507904172,2.1716911792755127,0
3NGB_HL_G,TH33A,1,0.6958054304122925,0.9545750617980957,0
3NGB_HL_G,WH47A,1,1.1828622817993164,1.0206166505813599,0
3NGB_HL_G,WH50A,1,1.2710461616516113,2.186711549758911,0
3NGB_HL_G,KH52A,1,0.6128783822059631,0.7423985600471497,0
3NGB_HL_G,RH54A,1,-0.2552182078361511,1.7319635152816772,0
3NGB_HL_G,GH55A,1,-1.2561542987823486,1.0452018976211548,0
3NGB_HL_G,GH56A,1,1.2452833652496338,1.5965683460235596,0
3NGB_HL_G,VH58A,1,1.336610198020935,1.1192100048065186,0
3NGB_HL_G,NH59A,1,1.7387419939041138,0.8505179286003113,0
3NGB_HL_G,YH60A,1,0.5396178364753723,2.5168778896331787,0
3NGB_HL_G,RH62A,1,0.9798502326011658,1.8255666494369507,0
3NGB_HL_G,PH63A,1,-0.04183751717209816,0.706619143486023,0
3NGB_HL_G,QH65A,1,-0.33492130041122437,0.7368502020835876,0
3NGB_HL_G,MH70A,1,0.5220298767089844,0.9685735106468201,0
3NGB_HL_G,RH72A,1,1.6168254613876343,1.13767671585083,0
3NGB_HL_G,VH74A,1,1.070440649986267,3.2614355087280273,0
3NGB_HL_G,YH75A,1,-0.19612087309360504,0.667005181312561,0
3NGB_HL_G,DH103A,1,0.058909811079502106,0.6207143664360046,0
3NGB_HL_G,YH104A,1,1.400721549987793,1.2180736064910889,0
3NGB_HL_G,NH105A,1,1.1006083488464355,0.6242077946662903,0
3NGB_HL_G,WH106A,1,4.390828609466553,3.457244873046875,0
3NGB_HL_G,VL1A,1,-0.7609419822692871,0.3343649208545685,0
3NGB_HL_G,QL25A,1,-0.22690452635288239,0.5433647036552429,0
3NGB_HL_G,YL26A,1,0.9694560766220093,1.516019344329834,0
3NGB_HL_G,SL28A,1,-0.1423875093460083,0.7391911745071411,0
3NGB_HL_G,YL87A,1,1.9902998208999634,0.6873980164527893,0
3NGB_HL_G,EL88A,1,1.2987502813339233,0.9577584862709045,0
3NGB_HL_G,FL89A,1,0.8450669050216675,0.6449194550514221,0
3SE8_HL_G,RH30A,1,-0.03886324167251587,1.8388302326202393,0
3SE8_HL_G,WH47A,1,1.4514539241790771,1.8058712482452393,0
3SE8_HL_G,WH50A,1,1.3121079206466675,2.4470653533935547,0
3SE8_HL_G,KH52A,1,1.0935636758804321,1.5244038105010986,0
3SE8_HL_G,LH54A,1,0.05389641225337982,1.5785021781921387,0
3SE8_HL_G,WH55A,1,0.7488812804222107,2.7523036003112793,0
3SE8_HL_G,GH56A,1,0.35136178135871887,2.008497476577759,0
3SE8_HL_G,VH58A,1,1.2296135425567627,0.7775253653526306,0
3SE8_HL_G,SH59A,1,1.1323561668395996,0.37931880354881287,0
3SE8_HL_G,YH60A,1,0.8421027660369873,2.407134771347046,0
3SE8_HL_G,RH62A,1,1.1867965459823608,1.7951686382293701,0
3SE8_HL_G,QH63A,1,1.0965259075164795,0.9124818444252014,0
3SE8_HL_G,QH65A,1,0.540974497795105,1.180349349975586,0
3SE8_HL_G,RH72A,1,2.6019887924194336,1.1229733228683472,0
3SE8_HL_G,QH76A,1,0.09534351527690887,0.23198622465133667,0
3SE8_HL_G,PH78A,1,0.018515631556510925,0.2505188286304474,0
3SE8_HL_G,PH81A,1,-0.06978079676628113,0.897635281085968,0
3SE8_HL_G,DH110A,1,-0.38309553265571594,0.7444226145744324,0
3SE8_HL_G,YH111A,1,0.8165920972824097,1.830696940422058,0
3SE8_HL_G,DH114A,1,-0.2402186095714569,1.3788686990737915,0
3SE8_HL_G,FH115A,1,1.050457239151001,2.6817805767059326,0
3SE8_HL_G,EL1A,1,-0.5475789904594421,1.1766576766967773,0
3SE8_HL_G,QL27A,1,-0.21265773475170135,0.5144809484481812,0
3SE8_HL_G,NL30A,1,0.1912277340888977,0.6466696858406067,0
3SE8_HL_G,DL49A,1,0.8421027660369873,1.6143627166748047,0
3SE8_HL_G,FL90A,1,-0.850218653678894,1.728590488433838,0
3SE8_HL_G,EL91A,1,1.489182472229004,0.8514497876167297,0
3SE8_HL_G,FL92A,1,0.8189571499824524,1.02459716796875,0
3SE9_HL_G,LH34A,1,0.5569091439247131,1.1733424663543701,0
3SE9_HL_G,WH48A,1,1.0414464473724365,1.8785804510116577,0
3SE9_HL_G,WH51A,1,1.2552056312561035,1.5710786581039429,0
3SE9_HL_G,VH55A,1,-0.8454979062080383,1.8449825048446655,0
3SE9_HL_G,TH56A,1,-0.8454979062080383,1.4645239114761353,0
3SE9_HL_G,GH57A,1,0.44517794251441956,1.7836384773254395,0
3SE9_HL_G,VH59A,1,0.9675655961036682,0.9438246488571167,0
3SE9_HL_G,NH60A,1,1.4973200559616089,0.8212168216705322,0
3SE9_HL_G,GH62A,1,0.045595720410346985,1.2375127077102661,0
3SE9_HL_G,PH64A,1,-0.43484148383140564,1.06654953956604,0
3SE9_HL_G,RH67A,1,1.4459420442581177,2.384584665298462,0
3SE9_HL_G,RH74A,1,2.6362249851226807,1.3444355726242065,0
3SE9_HL_G,RH76A,1,-0.22848650813102722,3.121155023574829,0
3SE9_HL_G,DH77A,1,-0.7541710138320923,0.8317180275917053,0
3SE9_HL_G,YH104A,1,0.45625215768814087,1.0866121053695679,0
3SE9_HL_G,TH105A,1,-0.43484148383140564,-0.21040645241737366,0
3SE9_HL_G,GH106A,1,-0.3026396632194519,2.024157762527466,0
3SE9_HL_G,GH107A,1,-0.6052793264389038,1.0997686386108398,0
3SE9_HL_G,GH109A,1,0.18216991424560547,2.0431127548217773,0
3SE9_HL_G,VL3A,1,-0.486391544342041,0.3649611175060272,0
3SE9_HL_G,YL28A,1,1.0997674465179443,1.0799639225006104,0
3SE9_HL_G,GL29A,1,0.45625215768814087,0.579745352268219,0
3SE9_HL_G,LL89A,1,0.9487559795379639,1.514028787612915,0
3SE9_HL_G,EL90A,1,0.4106564223766327,0.9431790113449097,0
3SE9_HL_G,FL91A,1,0.023236390203237534,0.8960161805152893,0
1YQV_HL_Y,RY45K,1,2.001080274581909,0.5926381945610046,0
1YQV_HL_Y,RY45K,1,2.002138137817383,0.5926381945610046,0
1YQV_HL_Y,RY45K,1,1.6343395709991455,0.5926381945610046,0
1YQV_HL_Y,"RY68K,TY40S,IY55V,SY91T,QY121H",5,0.10615579783916473,0.2783418297767639,0
1YQV_HL_Y,"RY68K,TY40S,IY55V,SY91T,QY121H",5,0.0,0.2783418297767639,0
1YQV_HL_Y,"RY68K,TY40S,IY55V,SY91T,QY121H",5,0.0,0.2783418297767639,0
1YQV_HL_Y,"RY68K,TY40S,IY55V,SY91T",4,5.373005390167236,0.36603936553001404,0
1YQV_HL_Y,"RY68K,TY40S,IY55V,SY91T",4,5.104349136352539,0.36603936553001404,0
1YQV_HL_Y,"RY68K,TY40S,IY55V,SY91T",4,5.097285270690918,0.36603936553001404,0
3QIB_ABP_CD,RC89P,1,-0.11936844140291214,1.4076008796691895,0
3QIB_ABP_CD,NC94P,1,0.786812961101532,-0.26848283410072327,0
3QIB_ABP_CD,LD95P,1,-0.3697237968444824,-0.8099388480186462,0
3QIB_ABP_CD,QA57A,1,0.2648344039916992,0.5511381030082703,0
3QIB_ABP_CD,AA61G,1,0.8922892808914185,-0.3089179992675781,0
3QIB_ABP_CD,AA64G,1,0.6100000739097595,-0.2533922493457794,0
3QIB_ABP_CD,KA67A,1,0.5660946369171143,0.3117426335811615,0
3QIB_ABP_CD,AA68G,1,0.8450669050216675,-0.07979864627122879,0
3QIB_ABP_CD,EA75A,1,0.0,0.4327910840511322,0
3QIB_ABP_CD,EB57A,1,0.0,0.22824826836585999,0
3QIB_ABP_CD,SB61A,1,0.02633553557097912,-0.035591743886470795,0
3QIB_ABP_CD,QB62A,1,1.7639565467834473,0.9046809077262878,0
3QIB_ABP_CD,EB64A,1,1.212812066078186,0.7038803696632385,0
3QIB_ABP_CD,EB67A,1,1.8214198350906372,0.3831150233745575,0
3QIB_ABP_CD,AB71G,1,2.204041004180908,-0.18589946627616882,0
3QIB_ABP_CD,DB74A,1,0.8629055023193359,-0.16841235756874084,0
3QIB_ABP_CD,TB75A,1,0.7498465776443481,1.6705572605133057,0
3QIB_ABP_CD,HB79A,1,0.051550064235925674,1.2345772981643677,0
3QIB_ABP_CD,"KA67A,EB64A",2,1.5070480108261108,1.296234369277954,0
3QIB_ABP_CD,YP6A,1,3.1389987468719482,1.1532831192016602,0
3QIB_ABP_CD,YP6F,1,0.10801676660776138,0.3911844789981842,0
3QIB_ABP_CD,KP8A,1,3.1389987468719482,-0.07241717725992203,0
3QIB_ABP_CD,KP8R,1,2.2370340824127197,-2.3375566005706787,0
3QIB_ABP_CD,TP11A,1,3.1389987468719482,0.37177690863609314,0
3QIB_ABP_CD,TP11S,1,1.075722575187683,0.6915844082832336,0
3QIB_ABP_CD,TP11N,1,1.223834753036499,0.38674482703208923,0
3QIB_ABP_CD,"YP6F,TP11S",2,1.2169697284698486,0.8114531636238098,0
