idx,fold,y,pred
205,0,-0.09132687747478485,3.1985716819763184
206,0,-1.4554979801177979,1.0011539459228516
207,0,0.07911093533039093,2.558885097503662
208,0,1.654841661453247,2.3828718662261963
209,0,1.774827480316162,2.7121219635009766
210,0,1.6426256895065308,0.4282054007053375
211,0,2.5961403846740723,3.4435176849365234
212,0,2.232905387878418,2.356985092163086
213,0,0.6766378879547119,1.3589602708816528
214,0,2.1339337825775146,2.3246910572052
215,0,-0.10801676660776138,3.1985716819763184
216,0,-0.9060932397842407,1.0011539459228516
217,0,0.09132687747478485,2.558885097503662
218,0,0.13220183551311493,3.972318649291992
219,0,1.3232961893081665,2.3828718662261963
220,0,2.077467203140259,1.419527530670166
221,0,1.747893214225769,2.7121219635009766
222,0,1.0159357786178589,0.4282054007053375
223,0,2.077467203140259,3.4435176849365234
224,0,1.9302657842636108,2.356985092163086
225,0,0.013021446764469147,1.4553954601287842
226,0,0.1295628547668457,1.3589602708816528
227,0,1.787848949432373,2.3246910572052
228,0,2.077467203140259,0.5223332047462463
263,0,0.030388813465833664,0.030835222452878952
264,0,-0.6264405846595764,0.012709113769233227
272,0,0.6391429305076599,0.4094131886959076
273,0,1.1820012331008911,0.9433042407035828
274,0,3.977485179901123,2.8902080059051514
275,0,3.8070473670959473,2.354145050048828
276,0,-1.8898556232452393,1.7410333156585693
277,0,-1.3303074836730957,2.089871406555176
278,0,-0.07415315508842468,2.100778341293335
279,0,4.074826717376709,1.8543357849121094
280,0,1.1062660217285156,1.006627082824707
281,0,0.9873782992362976,0.9365323185920715
282,0,-0.4848095774650574,0.3446022868156433
283,0,4.018360137939453,1.318294644355774
284,0,1.346484661102295,1.000532865524292
285,0,-0.3143717646598816,0.5744653940200806
286,0,1.0787051916122437,0.6512781381607056
287,0,4.018360137939453,2.5253937244415283
288,0,1.5196093320846558,2.246392250061035
289,0,1.5196093320846558,2.4757256507873535
290,0,3.3792171478271484,2.511806011199951
291,0,1.774827480316162,2.6779820919036865
292,0,0.6508750319480896,2.479280948638916
293,0,1.6501208543777466,0.6933935880661011
294,0,2.031278610229492,1.8015155792236328
295,0,1.629451870918274,2.6023406982421875
296,0,0.6880815625190735,2.3790669441223145
297,0,0.34087562561035156,1.542741298675537
298,0,1.162959337234497,0.5041946768760681
299,0,0.9079189896583557,0.6767672896385193
300,0,1.832290768623352,1.2427451610565186
301,0,4.134849548339844,2.2717807292938232
302,0,4.283173084259033,1.9870113134384155
303,0,1.162959337234497,1.201034426689148
304,0,1.6007212400436401,1.1680328845977783
305,0,4.188523769378662,1.2243597507476807
306,0,1.875484585762024,2.12300443649292
307,0,2.7907633781433105,2.488335132598877
308,0,2.0132148265838623,1.95915949344635
309,0,4.188523769378662,1.2243597507476807
310,0,4.283173084259033,1.9870113134384155
311,0,1.6007212400436401,1.1680328845977783
312,0,1.729231834411621,2.6023406982421875
313,0,2.031278610229492,1.8015155792236328
314,0,1.162959337234497,1.201034426689148
315,0,4.134849548339844,2.2717807292938232
316,0,2.7907633781433105,2.488335132598877
317,0,4.7415571212768555,3.6578147411346436
318,0,1.8614336252212524,2.48644757270813
319,0,1.629451870918274,2.4573893547058105
320,0,1.8614336252212524,0.7664567232131958
321,0,4.092513084411621,3.2787928581237793
322,0,1.0039665699005127,0.6117100715637207
323,0,1.8614336252212524,0.6851577162742615
324,0,1.683043360710144,1.3012220859527588
325,0,2.682746410369873,2.495798110961914
326,0,4.635371685028076,3.4130256175994873
327,0,4.4948835372924805,2.967637538909912
328,0,1.4648281335830688,2.5109152793884277
329,0,2.031278610229492,2.5870919227600098
330,0,4.652670860290527,3.0048675537109375
331,0,1.48753023147583,2.451488971710205
332,0,4.164727210998535,3.1048409938812256
333,0,4.14997673034668,2.5095982551574707
334,0,4.321657657623291,2.3523709774017334
335,0,2.626220464706421,2.6940789222717285
336,0,4.092513084411621,2.456786632537842
337,0,2.3021233081817627,1.4118307828903198
338,0,2.527130603790283,1.6702648401260376
339,0,0.8452608585357666,1.1798982620239258
340,0,1.3399860858917236,1.9439624547958374
341,0,0.7978987097740173,2.5744800567626953
342,0,0.38801220059394836,2.672330141067505
343,0,2.728342294692993,2.213747501373291
344,0,0.34327760338783264,0.23493485152721405
345,0,-0.055874548852443695,0.5209667086601257
346,0,0.46035218238830566,1.5865161418914795
347,0,0.36446794867515564,2.0421292781829834
348,0,0.6389058828353882,1.023680567741394
349,0,0.17779755592346191,0.2224210798740387
350,0,-0.20709602534770966,0.8676937222480774
351,0,1.157075047492981,1.4200109243392944
352,0,-0.09977996349334717,1.8869764804840088
353,0,3.071619749069214,2.4625778198242188
354,0,0.9535146951675415,1.6521110534667969
355,0,0.14401189982891083,0.08120495080947876
356,0,0.07811605930328369,0.04337312653660774
357,0,0.0,0.09751009941101074
358,0,-0.10405386239290237,0.044331736862659454
359,0,0.3066025674343109,0.48793214559555054
360,0,-0.5099895000457764,0.34348124265670776
361,0,0.003962904214859009,0.24397864937782288
362,0,1.903039813041687,1.2317590713500977
363,0,-0.12823893129825592,0.24724514782428741
364,0,0.07811605930328369,0.28638869524002075
365,0,1.2359321117401123,1.2651311159133911
366,0,0.7052898406982422,1.507567048072815
367,0,0.1744007170200348,0.2271396368741989
368,0,5.63108491897583,0.4554198384284973
369,0,5.63108491897583,2.5447182655334473
370,0,5.63108491897583,2.467939615249634
371,0,0.8447021245956421,2.545295476913452
372,0,1.716369390487671,2.4385604858398438
373,0,0.4710860252380371,1.0626200437545776
374,0,1.6465885639190674,0.7032262086868286
390,0,-4.913825988769531,1.8205506801605225
391,0,3.681856870651245,0.7888971567153931
392,0,4.913825988769531,1.5184763669967651
517,0,-2.4960761070251465,1.5129172801971436
518,0,-0.8009516596794128,-0.07061593979597092
519,0,-1.3877153396606445,0.3797887861728668
542,0,0.0,0.9465065002441406
543,0,2.6203253269195557,1.527649164199829
544,0,4.092513084411621,0.7614604830741882
545,0,1.3641711473464966,0.6152670979499817
546,0,0.4106564223766327,1.1789436340332031
547,0,0.7132960557937622,0.24117715656757355
548,0,0.0,0.1895340383052826
549,0,0.4106564223766327,0.3840521574020386
550,0,0.0,0.38813546299934387
551,0,0.0,0.14149688184261322
552,0,0.0,0.04934964329004288
553,0,0.0,0.36947423219680786
554,0,0.0,0.09295956045389175
555,0,0.0,0.058121003210544586
556,0,0.0,0.05533581227064133
557,0,6.820855617523193,1.183468222618103
558,0,0.0,1.0814800262451172
559,0,0.4106564223766327,0.6580691337585449
560,0,0.0,0.017878858372569084
561,0,1.496372938156128,0.07706089317798615
562,0,0.0,0.0411837063729763
563,0,0.0,-0.02590075694024563
564,0,-0.4106564223766327,0.04322761297225952
565,0,0.0,1.4739279747009277
566,0,0.0,1.0730854272842407
567,0,4.092513084411621,0.32848137617111206
568,0,4.092513084411621,0.9227504730224609
569,0,0.4106564223766327,1.2415610551834106
570,0,0.9535146951675415,0.7429378628730774
571,0,4.092513084411621,1.1236708164215088
572,0,2.728342294692993,1.68765127658844
573,0,2.728342294692993,1.0286498069763184
574,0,0.0,0.43202677369117737
575,0,0.4106564223766327,0.6853737235069275
576,0,2.728342294692993,0.9099324941635132
577,0,-0.6508750319480896,0.7553344964981079
578,0,-0.4106564223766327,0.8670388460159302
579,0,0.4106564223766327,0.13069042563438416
580,0,0.0,0.0498126819729805
581,0,0.0,0.16149243712425232
582,0,0.0,0.062362026423215866
583,0,0.0,0.08815322816371918
584,0,0.0,0.14132031798362732
585,0,0.0,0.04408464580774307
669,0,0.0,0.7588216662406921
670,0,0.4106564223766327,2.4204459190368652
671,0,0.7144798040390015,2.485024929046631
672,0,0.5428582429885864,2.2715461254119873
1074,0,-0.5189116597175598,0.3709522485733032
1075,0,-0.8225061297416687,1.1113488674163818
1076,0,-0.19435805082321167,0.9171956181526184
1077,0,-0.1716310679912567,0.3913341164588928
1078,0,1.5027753114700317,0.7487943172454834
1079,0,0.5876145362854004,1.4193272590637207
1080,0,-0.4288126528263092,1.138244867324829
1081,0,0.23100829124450684,0.35169321298599243
1082,0,-0.07894066721200943,1.0435733795166016
1083,0,-0.14974381029605865,0.22439400851726532
1084,0,0.7285935878753662,0.7365289926528931
1085,0,0.3080978989601135,0.08585350960493088
1086,0,0.6544404625892639,0.2736981511116028
1087,0,0.892020046710968,0.7667427062988281
1088,0,0.25474119186401367,0.26632776856422424
1089,0,-0.014480198733508587,0.5748497247695923
1090,0,0.306678831577301,0.13692402839660645
1091,0,0.5021535754203796,1.0293793678283691
1092,0,0.08945067971944809,0.32458099722862244
1093,0,0.5021535754203796,0.6097009181976318
1094,0,0.7036820650100708,0.216770738363266
1095,0,0.5650851130485535,0.08804935216903687
1096,0,-0.13309656083583832,0.119212307035923
1097,0,2.2291338443756104,0.344934344291687
1098,0,0.1442377269268036,0.14059343934059143
1099,0,-0.08855192363262177,0.30344799160957336
1100,0,0.47605013847351074,0.23268941044807434
1101,0,-0.41549280285835266,0.178074449300766
1102,0,0.0,0.4001913070678711
1103,0,0.8355894684791565,1.6659786701202393
1104,0,0.4225773811340332,0.8572729825973511
1105,0,0.3112468421459198,1.0157732963562012
1106,0,-0.04501800239086151,1.3569257259368896
1107,0,-0.04501800239086151,1.1986984014511108
1108,0,-0.07158980518579483,0.5101807713508606
1109,0,0.01896008290350437,1.159907341003418
1110,0,-0.1593041568994522,0.31131109595298767
1111,0,0.6395281553268433,1.727866530418396
1112,0,0.7736906409263611,1.3082274198532104
1113,0,6.698209762573242,2.098313808441162
1114,0,6.698209762573242,3.468621015548706
1115,0,1.1325596570968628,1.7800859212875366
1116,0,0.0851014032959938,0.5797773599624634
1117,0,0.1331643909215927,0.2148779183626175
1118,0,1.085138201713562,1.5518798828125
1119,0,0.29096534848213196,0.2801096737384796
1120,0,0.3363426923751831,0.6134315729141235
1121,0,0.3733830153942108,0.38484829664230347
1122,0,-0.0347142294049263,1.5418553352355957
1123,0,2.510108232498169,0.8712657690048218
1124,0,0.5664650201797485,0.9936216473579407
1125,0,0.7060266137123108,0.24237394332885742
1126,0,-0.09374012798070908,0.3829781115055084
1127,0,0.7853204011917114,0.46734994649887085
1128,0,0.33305492997169495,0.4459756016731262
1129,0,1.1866379976272583,0.25874441862106323
1130,0,1.1460179090499878,0.19763502478599548
1131,0,-0.021546082571148872,1.3346173763275146
1132,0,-0.058321017771959305,1.442777156829834
1133,0,0.4588911235332489,2.733757972717285
1134,0,2.4283416271209717,0.6665349006652832
1135,0,1.2246508598327637,1.424465298652649
1136,0,0.02633553557097912,0.1819610744714737
1137,0,0.641829788684845,0.49369606375694275
1138,0,-0.3319664001464844,0.6483755707740784
1139,0,0.34013882279396057,0.2936752438545227
1140,0,1.0679484605789185,0.5753034353256226
1141,0,-1.0632169246673584,1.1733108758926392
1142,0,0.21966907382011414,0.8974918127059937
1143,0,0.13823023438453674,0.37720605731010437
1144,0,0.45209214091300964,0.9310190081596375
1145,0,-0.15166330337524414,0.24420540034770966
1146,0,1.5721080303192139,0.8653653860092163
1147,0,0.2535327076911926,0.24338582158088684
1148,0,1.5077089071273804,0.8868675231933594
1149,0,0.4637473225593567,2.1741206645965576
1150,0,0.724136471748352,0.5831195712089539
1151,0,1.8759315013885498,1.0544416904449463
1152,0,0.2958686947822571,0.4239664673805237
1153,0,1.7756685018539429,2.1747004985809326
1154,0,0.175048366189003,0.876135528087616
1155,0,0.2958686947822571,0.7687157392501831
1156,0,0.6156237125396729,0.1764485090970993
1157,0,-0.0592503547668457,0.14191998541355133
1158,0,0.7412393689155579,0.15322451293468475
1159,0,1.4673998355865479,0.5427136421203613
1160,0,-0.040935076773166656,0.16041454672813416
1161,0,-0.08393942564725876,0.3016525208950043
1162,0,-0.10365678369998932,0.2705126702785492
1163,0,3.287179470062256,2.4778285026550293
1164,0,1.1690744161605835,1.8083604574203491
1165,0,1.3468719720840454,1.3469064235687256
1166,0,3.5212817192077637,1.8315422534942627
1167,0,1.4530574083328247,1.795000433921814
1168,0,3.287179470062256,2.4778285026550293
1169,0,1.259554386138916,1.8083604574203491
1170,0,0.7584180235862732,1.4887608289718628
1171,0,1.3468719720840454,1.3469064235687256
1172,0,1.4530574083328247,2.2007787227630615
1173,0,0.8412202596664429,0.42990565299987793
1174,0,0.6501642465591431,0.4831925332546234
1175,0,6.158576488494873,1.342864990234375
1176,0,3.5212817192077637,1.8315422534942627
1177,0,0.7759302258491516,0.6065014600753784
1178,0,1.3012763261795044,1.795000433921814
1179,0,2.0143353939056396,1.4839321374893188
1180,0,4.092513084411621,1.5127893686294556
1181,0,2.6794981956481934,2.2578437328338623
1182,0,1.4325294494628906,0.5804089903831482
1183,0,1.1355592012405396,3.336859941482544
1184,0,2.0143353939056396,1.7103029489517212
1185,0,5.526938438415527,2.2031283378601074
1186,0,6.891109943389893,2.248914957046509
1187,0,1.1808065176010132,3.0231359004974365
1188,0,4.9337334632873535,2.7321248054504395
1189,0,5.804446220397949,2.088127851486206
1190,0,3.172151565551758,2.091754913330078
1191,0,3.5746920108795166,2.5655457973480225
1192,0,3.486760139465332,3.5201919078826904
1193,0,0.9138562679290771,3.358928680419922
1194,0,1.1228859424591064,2.578965902328491
1195,0,1.286884069442749,3.09832763671875
1196,0,2.2002170085906982,3.098438024520874
1197,0,1.2174066305160522,3.400285243988037
1198,0,2.728342294692993,3.3176753520965576
1199,0,5.364646911621094,2.883057117462158
1200,0,6.6630682945251465,3.011687755584717
1201,0,5.114386558532715,3.1223373413085938
1262,0,4.092513084411621,0.5672069787979126
1263,0,4.392778396606445,1.1030426025390625
1264,0,4.092513084411621,1.4102015495300293
1265,0,10.159197807312012,2.618217945098877
1266,0,4.092513084411621,2.429081916809082
1267,0,5.021842956542969,2.126345157623291
1268,0,4.092513084411621,1.3469265699386597
1269,0,4.092513084411621,0.9254302978515625
1270,0,4.092513084411621,1.115126609802246
1271,0,4.092513084411621,0.8620764017105103
1272,0,4.092513084411621,1.8524494171142578
1273,0,4.942731857299805,0.8421100378036499
1274,0,4.092513084411621,1.3260984420776367
1275,0,4.092513084411621,1.4193671941757202
1276,0,4.092513084411621,0.22976569831371307
1277,0,0.19993937015533447,0.7189357280731201
1278,0,0.6015963554382324,0.8869703412055969
1279,0,-0.09973058849573135,0.7904216051101685
1280,0,2.0023953914642334,2.727579116821289
1281,0,0.5013869404792786,2.5823161602020264
1282,0,0.09961305558681488,1.0583982467651367
1283,0,0.3009684085845947,0.9354841113090515
1284,0,0.0,0.7691570520401001
1285,0,0.8011558651924133,1.8364108800888062
1286,0,0.9012055397033691,0.7643843293190002
1287,0,0.8011558651924133,1.2001761198043823
1288,0,0.19993937015533447,1.5266741514205933
1289,0,0.09961305558681488,0.24692241847515106
1290,0,0.22198787331581116,0.7189357280731201
1291,0,0.6857352256774902,0.8869703412055969
1292,0,-0.05646670609712601,0.7904216051101685
1293,0,2.0150461196899414,2.727579116821289
1294,0,0.5535333752632141,2.5823161602020264
1295,0,1.4157211780548096,1.8059799671173096
1296,0,0.14287693798542023,1.0583982467651367
1297,0,0.3541897237300873,0.9354841113090515
1298,0,0.14287693798542023,1.15706467628479
1299,0,0.051550064235925674,0.7691570520401001
1300,0,0.8850788474082947,1.8364108800888062
1301,0,0.9641897678375244,0.7643843293190002
1302,0,0.8213128447532654,1.2001761198043823
1303,0,0.22198787331581116,1.5266741514205933
1304,0,0.14287693798542023,0.24692241847515106
1305,0,4.156491279602051,2.8384804725646973
1306,0,2.2109150886535645,2.727579116821289
1307,0,3.4258387088775635,2.5758635997772217
1308,0,2.1575517654418945,2.385960102081299
1309,0,2.107856035232544,1.8700926303863525
1310,0,5.2708024978637695,2.405313491821289
1311,0,1.337599277496338,2.5249547958374023
1312,0,-1.4417990446090698,1.640768051147461
1313,0,2.9615907669067383,2.313961982727051
1314,0,-1.5974150896072388,1.7312510013580322
1315,0,3.9066314697265625,1.6465065479278564
1316,0,0.3088434040546417,1.9485156536102295
1317,0,0.1001696065068245,1.7758283615112305
1318,0,-0.6204861998558044,2.171746253967285
1319,0,-1.9846572875976562,1.8879444599151611
1320,0,-2.641486644744873,1.6203960180282593
1321,0,-2.4610352516174316,1.7328414916992188
1322,0,12.352226257324219,3.0772171020507812
1323,0,10.638931274414062,2.618217945098877
1324,0,7.723918437957764,2.5662500858306885
1325,0,11.756443977355957,2.1658384799957275
1326,0,10.59748363494873,1.8784624338150024
1327,0,11.502717971801758,2.476743221282959
1328,0,8.03310489654541,2.304680347442627
1329,0,7.692373275756836,1.632218360900879
1330,0,11.171451568603516,2.1358683109283447
1331,0,8.864103317260742,1.6051368713378906
1332,0,9.424007415771484,1.5802425146102905
1333,0,9.370643615722656,1.790278434753418
1334,0,8.781781196594238,1.848580002784729
1335,0,-0.5824391841888428,1.9105422496795654
1336,0,7.027210712432861,1.7868869304656982
1337,0,6.8570098876953125,1.675318956375122
1338,0,8.664118766784668,1.6709686517715454
1882,0,0.0624210461974144,0.17432676255702972
1883,0,-0.01668989285826683,0.26728254556655884
1884,0,0.9978901147842407,0.321580171585083
1885,0,0.10526756942272186,0.36404913663864136
1886,0,0.0,0.18742430210113525
1887,0,0.0,0.28289303183555603
1888,0,0.3220660388469696,0.37921375036239624
1889,0,-0.12810181081295013,0.37501007318496704
1890,0,0.0,0.0688445195555687
1891,0,-0.01668989285826683,0.2134479284286499
1892,0,-0.12810181081295013,0.3313969373703003
1893,0,0.2402186095714569,0.3043593466281891
1894,0,0.2926822304725647,0.08282975107431412
1895,0,0.032032232731580734,0.7653263211250305
1896,0,0.28255462646484375,1.1013062000274658
1897,0,0.5362386107444763,1.0703068971633911
1898,0,0.17043781280517578,0.403572142124176
1899,0,0.10526756942272186,0.06461038440465927
1900,0,0.1826537549495697,0.44035282731056213
1901,0,0.10526756942272186,1.1769508123397827
1902,0,0.3220660388469696,1.7176744937896729
1903,0,0.465625137090683,1.8721840381622314
1904,0,-0.4106564223766327,2.477837085723877
1905,0,0.0,1.5093411207199097
1906,0,1.0560202598571777,3.2856392860412598
1907,0,-0.14889173209667206,2.5999209880828857
1908,0,1.4310189485549927,2.1945812702178955
1909,0,0.6111744046211243,0.13181883096694946
1910,0,0.04742146283388138,0.6112951040267944
1911,0,1.234022855758667,1.09537672996521
1912,0,0.7083382606506348,0.41975539922714233
1913,0,0.3026396632194519,0.2536764144897461
1914,0,-0.06978078931570053,0.43233561515808105
1915,0,0.13220183551311493,1.110895037651062
1916,0,1.1759138107299805,1.7046254873275757
1917,0,-0.08859036862850189,0.3133539855480194
1918,0,-0.31932955980300903,1.0046402215957642
1919,0,0.44268864393234253,0.7511367797851562
1920,0,-0.033863615244627,0.24305424094200134
1921,0,-0.01668989285826683,0.34403786063194275
1922,0,-0.10801676660776138,0.1118677407503128
1923,0,0.15796467661857605,0.3091248869895935
1924,0,0.5622846484184265,0.22621019184589386
1925,0,1.2906758785247803,0.9347070455551147
1926,0,1.3232961893081665,0.3774450421333313
1927,0,-0.06978078931570053,0.2654947340488434
1928,0,0.21785926818847656,0.21746313571929932
1929,0,-0.06978078931570053,0.15448273718357086
1930,0,0.17043781280517578,0.16958479583263397
1931,0,0.04742146283388138,0.3181013762950897
1932,0,-0.12810181081295013,0.21307654678821564
1933,0,0.016232576221227646,0.21855759620666504
1934,0,-0.10801676660776138,0.25157827138900757
1935,0,-0.31092584133148193,0.01867922581732273
1936,0,-0.4992468059062958,2.5395288467407227
1937,0,-0.8482471108436584,2.2101314067840576
2072,0,2.9549508094787598,0.7488150000572205
2073,0,2.9549508094787598,0.8115995526313782
2074,0,2.141578435897827,2.487133264541626
2075,0,1.4200456142425537,0.9657241106033325
2076,0,0.466530978679657,0.6643015146255493
2077,0,-0.02391386404633522,2.24476957321167
2078,0,0.18427251279354095,2.0761921405792236
2079,0,0.9004237651824951,3.12636137008667
2080,0,0.3402828872203827,0.5086700916290283
2081,0,0.3962641656398773,0.6213027834892273
2082,0,0.4106564223766327,1.5797160863876343
2083,0,0.8513460755348206,0.30734357237815857
2084,0,0.7137698531150818,1.4090734720230103
2085,0,0.7654383182525635,1.5626229047775269
2086,0,0.9535146951675415,1.4095206260681152
2087,0,0.9173604846000671,1.131241798400879
2088,0,2.878286361694336,0.9239773750305176
2089,0,1.2319692373275757,0.6547859907150269
2090,0,1.8377223014831543,0.8659719228744507
2091,0,0.17162153124809265,0.44054585695266724
2092,0,1.7176494598388672,1.9439624547958374
2093,0,0.5245682597160339,2.672330141067505
2094,0,3.350074291229248,2.213747501373291
2095,0,1.1237155199050903,1.5865161418914795
2096,0,0.9173604846000671,2.0421292781829834
2097,0,0.9920468330383301,1.023680567741394
2098,0,2.941075086593628,2.4625778198242188
2099,0,1.586751103401184,1.6521110534667969
2100,0,1.586751103401184,2.3094210624694824
2101,0,2.9070167541503906,2.132352352142334
2102,0,1.2664908170700073,2.629154682159424
2103,0,1.2319692373275757,2.9954707622528076
2104,0,3.520512104034424,2.4788930416107178
2105,0,3.852057695388794,2.2131893634796143
2106,0,3.3948090076446533,2.2859394550323486
2107,0,3.3088436126708984,1.8017562627792358
2108,0,1.586751103401184,2.3343682289123535
2109,0,2.2483787536621094,2.6035103797912598
2110,0,1.2552056312561035,1.970829963684082
2111,0,3.371264696121216,2.244246482849121
2112,0,2.737746477127075,2.4312567710876465
2113,0,2.53961443901062,2.3489108085632324
2114,0,4.878217697143555,2.5370306968688965
2115,0,5.109632968902588,1.2453662157058716
2116,0,6.991293430328369,1.6119352579116821
2117,0,5.216465950012207,1.4487515687942505
2118,0,7.471730709075928,2.2609362602233887
2119,0,1.3440860509872437,0.9695228338241577
2120,0,5.709924697875977,1.089858889579773
2121,0,4.55963659286499,2.7168662548065186
2122,0,4.395153045654297,1.161313772201538
2123,0,2.355921745300293,0.67793869972229
2124,0,6.369324207305908,3.0983011722564697
2125,0,4.3327317237854,2.299290895462036
2126,0,6.226447105407715,2.718048572540283
2127,0,7.733495235443115,2.9802913665771484
2128,0,7.32283878326416,3.1197080612182617
2129,0,6.169980525970459,1.762722373008728
2130,0,6.037778854370117,2.419442892074585
2131,0,7.231512069702148,2.9058260917663574
2132,0,3.2470154762268066,1.2329254150390625
2133,0,6.231808662414551,2.920131206512451
2134,0,5.513151168823242,3.0966036319732666
2135,0,7.733495235443115,3.2070987224578857
2136,0,1.8990768194198608,1.5140113830566406
2137,0,4.594496726989746,2.426269292831421
2138,0,4.893741130828857,2.1391892433166504
2139,0,0.17043781280517578,0.6689382791519165
2140,0,1.1239525079727173,2.031298875808716
2141,0,0.3026396632194519,1.420896291732788
2142,0,1.0935636758804321,0.8909221887588501
2143,0,1.0276678800582886,1.7907222509384155
2144,0,0.17043781280517578,0.4766622483730316
2145,0,7.32283878326416,2.128509044647217
2146,0,7.944808006286621,2.732255458831787
2147,0,0.9535146951675415,0.4218112826347351
2148,0,2.7082571983337402,3.286959171295166
2149,0,5.759324073791504,3.483738422393799
2150,0,4.183840274810791,2.4660589694976807
2151,0,1.4024070501327515,1.0746737718582153
2152,0,0.6948397159576416,0.5104493498802185
2153,0,0.6105332374572754,0.48372524976730347
2154,0,0.7939297556877136,0.8869853019714355
2155,0,3.1981747150421143,2.7735133171081543
2156,0,1.7214642763137817,1.11996591091156
2157,0,1.05401611328125,0.47255879640579224
2158,0,1.974704384803772,1.0965311527252197
2159,0,1.5841330289840698,0.4797671437263489
2160,0,2.8030807971954346,1.0104091167449951
2161,0,0.35729318857192993,0.2777746319770813
2162,0,1.4893616437911987,0.6214247941970825
2163,0,1.649124264717102,2.19041109085083
2164,0,0.19934363663196564,1.5220611095428467
2165,0,1.2087328433990479,2.04636549949646
2166,0,1.3409347534179688,1.0908604860305786
2167,0,1.7124065160751343,1.8052918910980225
2168,0,1.9302657842636108,1.5860316753387451
2169,0,2.1230628490448,1.6616424322128296
2170,0,1.9741711616516113,1.2028632164001465
2171,0,2.1704843044281006,1.5384451150894165
2172,0,1.9741711616516113,1.3701505661010742
2173,0,1.9741711616516113,0.975912868976593
2174,0,2.241950750350952,1.3205883502960205
2175,0,2.2935006618499756,1.0927064418792725
2176,0,2.2702643871307373,1.5400879383087158
2177,0,2.1704843044281006,1.5480462312698364
2178,0,2.0150461196899414,1.1557546854019165
2179,0,1.619389295578003,0.7492016553878784
2180,0,0.2402186095714569,0.4452003836631775
2181,0,-0.04250481724739075,0.49754300713539124
2182,0,0.4106564223766327,0.3161171078681946
2183,0,0.2402186095714569,1.3893142938613892
2184,0,2.5760552883148193,1.5400879383087158
2185,0,0.8213128447532654,1.7907222509384155
2186,0,2.488123655319214,1.5480462312698364
2187,0,2.6155667304992676,1.0927064418792725
2188,0,2.555265426635742,1.3205883502960205
2189,0,2.325532913208008,1.1557546854019165
2190,0,2.0508084297180176,1.0805073976516724
2191,0,1.9148765802383423,0.7492016553878784
2192,0,2.2935006618499756,0.975912868976593
2193,0,6.433435440063477,1.7725633382797241
2194,0,5.55808162689209,1.762722373008728
2195,0,6.771455764770508,1.5381648540496826
2196,0,3.606121778488159,1.1338876485824585
2197,0,0.8012278079986572,0.8909221887588501
2198,0,3.054218292236328,0.571271538734436
2199,0,0.5186731815338135,1.5220611095428467
2200,0,1.5346089601516724,2.04636549949646
2201,0,2.0280675888061523,1.8052918910980225
2202,0,1.6426256895065308,1.0908604860305786
2203,0,2.2935006618499756,1.2028632164001465
2204,0,2.241950750350952,1.5860316753387451
2205,0,2.276810884475708,1.3701505661010742
2206,0,2.488123655319214,1.5384451150894165
2207,0,2.4387240409851074,1.6616424322128296
2208,0,-0.5046222805976868,0.44241827726364136
2209,0,6.779980659484863,0.8540380597114563
2210,0,0.5507054328918457,1.3893142938613892
2211,0,-0.44551658630371094,1.1807260513305664
2212,0,4.2734375,2.5370306968688965
2213,0,0.8621878027915955,1.7907222509384155
2214,0,0.31932955980300903,1.5216437578201294
2215,0,-0.33154547214508057,1.5764548778533936
2216,0,0.7047714591026306,2.363091468811035
2217,0,0.0,0.603466808795929
2218,0,0.21131277084350586,0.5436726808547974
2219,0,6.489310264587402,1.6119352579116821
2220,0,0.0,1.5464720726013184
2221,0,0.26777946949005127,0.729141354560852
2222,0,0.9535146951675415,2.04636549949646
2223,0,-0.4637473225593567,0.44241827726364136
2224,0,2.185483932495117,1.088492751121521
2225,0,5.355400085449219,0.6060529947280884
3083,0,1.0128092765808105,0.7319756746292114
3084,0,1.899971604347229,0.7543518543243408
3085,0,2.0460517406463623,1.970523476600647
3086,0,3.5114190578460693,2.193380355834961
3087,0,5.689055919647217,2.3879659175872803
3088,0,0.17043781280517578,0.2574566900730133
3089,0,1.171373963356018,0.03475865721702576
3090,0,-0.17043781280517578,0.25315016508102417
3091,0,-1.171373963356018,0.09218895435333252
3092,0,-11.502717971801758,1.9438257217407227
3093,0,-9.424007415771484,1.4896202087402344
3094,0,-7.027210712432861,3.319209337234497
3095,0,-12.352226257324219,2.307086229324341
3096,0,-8.781781196594238,2.241544246673584
3097,0,-7.692373275756836,2.3137423992156982
3098,0,-9.370643615722656,1.587312936782837
3099,0,-8.664118766784668,2.9773099422454834
3100,0,-10.59748363494873,3.1111667156219482
3479,0,0.035205524414777756,0.6587963104248047
3480,0,1.5732008218765259,1.0356569290161133
3481,0,2.162247657775879,0.8643199801445007
3482,0,2.162247657775879,1.5868337154388428
3483,0,2.162247657775879,0.6118935346603394
3484,0,2.162247657775879,2.3476409912109375
3485,0,2.162247657775879,2.212353229522705
3486,0,2.162247657775879,2.3211560249328613
3487,0,0.20096902549266815,1.1403262615203857
3488,0,1.418562650680542,0.8257172703742981
3489,0,1.129621982574463,0.6991135478019714
3490,0,0.49543678760528564,0.35313522815704346
3491,0,0.13220183551311493,1.5348784923553467
3492,0,0.49543678760528564,0.8713037371635437
3493,0,0.0,0.23935413360595703
3494,0,2.162247657775879,2.5148849487304688
3495,0,2.162247657775879,1.584338665008545
3496,0,-0.035205524414777756,0.8925246000289917
3497,0,0.2325739562511444,3.1366074085235596
3498,0,0.49543678760528564,1.490588665008545
3499,0,0.6276386380195618,0.5212195515632629
3500,0,1.038295030593872,0.4042825698852539
3501,0,0.9758740067481995,1.09282648563385
3502,0,0.0,0.6587963104248047
3503,0,0.20047320425510406,1.1403262615203857
3504,0,1.100896954536438,0.6991135478019714
3505,0,0.10062168538570404,1.5348784923553467
3506,0,0.5006897449493408,0.8713037371635437
3507,0,0.0,0.23935413360595703
3508,0,0.0,0.8925246000289917
3509,0,0.20047320425510406,3.1366074085235596
3510,0,0.5006897449493408,1.490588665008545
3511,0,1.001283884048462,0.4042825698852539
3512,0,1.001283884048462,1.09282648563385
3513,0,1.962705135345459,3.399329662322998
3514,0,4.409873008728027,3.142233371734619
3515,0,7.9558820724487305,3.4187934398651123
3516,0,7.778084754943848,3.471135377883911
3517,0,7.607646942138672,2.351879358291626
3518,0,-4.409873008728027,1.5819355249404907
3519,0,-2.4471678733825684,2.9661874771118164
3520,0,3.5460093021392822,3.403864622116089
3521,0,3.368211507797241,3.5087733268737793
3522,0,3.1977736949920654,2.579080104827881
3523,0,-1.562268853187561,0.46160888671875
3524,0,-1.7938382625579834,0.4790712296962738
3525,0,0.5964834690093994,0.7874599695205688
3526,0,-0.70299232006073,1.0970733165740967
3527,0,0.9345039129257202,2.0416979789733887
3528,0,-0.03865187615156174,2.155412197113037
3529,0,0.8663308620452881,1.6379133462905884
3530,0,1.3886055946350098,1.1131607294082642
3531,0,1.5025767087936401,0.9966923594474792
3532,0,0.13840557634830475,1.6506471633911133
3533,0,1.091920256614685,1.5110481977462769
3534,0,-0.06589584797620773,1.40633225440979
3535,0,0.8517016768455505,1.1553338766098022
3536,0,1.3945599794387817,1.4856574535369873
3537,0,-3.354782819747925,1.334232211112976
3538,0,-3.5434513092041016,1.3967137336730957
3539,0,-2.1718637943267822,0.4892392158508301
3540,0,-1.3372368812561035,0.45391878485679626
3541,0,0.21679848432540894,0.7940446734428406
3542,0,-0.8076926469802856,1.318165898323059
3543,0,0.38962042331695557,1.9847297668457031
3544,0,-0.27570536732673645,1.9633829593658447
3545,0,-0.10526756942272186,1.1192371845245361
3546,0,0.6554499864578247,0.9015563130378723
3547,0,0.5564784407615662,0.8518449664115906
3548,0,0.03995572030544281,1.6412588357925415
3549,0,1.2250399589538574,1.1887314319610596
3550,0,0.2071649134159088,0.26642906665802
3551,0,0.4106564223766327,0.9970592260360718
3552,0,0.7784663438796997,1.1618688106536865
3553,0,-2.5309700965881348,1.2702597379684448
3554,0,-1.9139586687088013,1.3882404565811157
3555,0,3.5434513092041016,2.4956910610198975
3556,0,1.3017500638961792,2.3205184936523438
3557,0,2.228330373764038,1.97128427028656
3558,0,3.809299945831299,2.907637119293213
3559,0,4.440748691558838,2.7156083583831787
3560,0,2.784808874130249,1.6133838891983032
3561,0,4.370967864990234,2.7156083583831787
3562,0,0.4679982364177704,2.5216143131256104
3563,0,1.2590373754501343,1.4301254749298096
3564,0,1.0905137062072754,2.818650722503662
3565,0,-0.45974576473236084,0.2760184109210968
3566,0,1.2175184488296509,0.6629196405410767
3567,0,1.0916823148727417,0.8936408758163452
3568,0,2.8351387977600098,0.45634356141090393
3569,0,2.7603745460510254,3.751535415649414
3570,0,3.966677188873291,3.444582462310791
3571,0,1.3156907558441162,1.5116486549377441
3572,0,2.4992330074310303,1.8578258752822876
3573,0,3.1152541637420654,2.4652421474456787
3574,0,1.9193298816680908,0.6245096921920776
3575,0,3.4075310230255127,3.8080830574035645
3576,0,1.4770017862319946,3.91627836227417
3577,0,1.9555097818374634,0.6245096921920776
3578,0,0.7336106896400452,1.882903814315796
3579,0,2.499720573425293,2.175271511077881
3580,0,0.2170730084180832,3.0345942974090576
3581,0,0.5563236474990845,1.882903814315796
3582,0,0.8948648571968079,3.4116110801696777
3583,0,0.2357640564441681,3.0345942974090576
3584,0,3.2765021324157715,3.8080830574035645
3585,0,2.6869916915893555,3.7387280464172363
3586,0,0.9790003895759583,0.5194867849349976
3587,0,-0.7198425531387329,0.41726499795913696
3588,0,0.749596118927002,1.0271435976028442
3589,0,0.5465116500854492,1.3897085189819336
3590,0,0.4344104528427124,1.3897085189819336
3591,0,-0.26356273889541626,0.7582007646560669
3592,0,1.1865081787109375,1.6276105642318726
3593,0,1.8337008953094482,0.8688875436782837
3594,0,0.701011061668396,3.6044952869415283
3595,0,2.7626969814300537,3.6631991863250732
3596,0,1.5372130870819092,0.8688875436782837
3597,0,1.4165904521942139,3.6044952869415283
3598,0,3.0241568088531494,3.6631991863250732
3599,0,-0.166723370552063,1.1763784885406494
3600,0,0.6994990706443787,3.6044952869415283
3601,0,0.7237116098403931,3.655123472213745
3602,0,-0.01751217059791088,1.1763784885406494
3603,0,3.245335340499878,2.0506367683410645
3604,0,3.3302760124206543,2.4456801414489746
3605,0,-0.006822939030826092,1.4186431169509888
3606,0,1.3316361904144287,1.5948636531829834
3607,0,1.8550679683685303,2.102623462677002
3608,0,1.0230309963226318,0.3358583152294159
3609,0,1.532821774482727,3.7616372108459473
3610,0,1.70949125289917,3.5839602947235107
3611,0,0.9827497601509094,0.3358583152294159
3612,0,-0.12532611191272736,1.9865989685058594
3613,0,-0.04054573178291321,1.905652642250061
3614,0,0.4984462559223175,2.2482128143310547
3615,0,0.4116840958595276,1.2065207958221436
3616,0,0.27613577246665955,2.6226632595062256
3617,0,0.48383235931396484,2.2482128143310547
3618,0,-0.10445237159729004,1.2065207958221436
3619,0,-0.11211679875850677,2.6226632595062256
3620,0,0.3549194037914276,0.30294927954673767
3621,0,3.86672043800354,0.5329774618148804
3622,0,3.1431562900543213,0.8274940252304077
3623,0,1.292189598083496,0.5000301599502563
3624,0,0.48929646611213684,1.3299155235290527
3625,0,0.9781012535095215,1.7529582977294922
3626,0,-1.5795713663101196,0.5015211701393127
3627,0,0.3611190617084503,1.2239397764205933
3628,0,-2.1304590702056885,1.661364197731018
3629,0,1.1308817863464355,0.5000301599502563
3630,0,2.6047894954681396,0.5329774618148804
3631,0,3.0337634086608887,1.0932999849319458
3632,0,0.9576147198677063,1.408907175064087
3633,0,1.7602497339248657,3.7616372108459473
3634,0,3.0309817790985107,3.7643368244171143
3635,0,1.9466557502746582,2.158633232116699
3636,0,3.229688882827759,1.5240089893341064
3637,0,2.423471212387085,2.743542432785034
3638,0,1.014264464378357,2.4077444076538086
3639,0,3.8267173767089844,1.4774450063705444
3640,0,1.4018852710723877,2.817206859588623
3641,0,0.7796263694763184,2.4077444076538086
3642,0,3.188480854034424,1.4774450063705444
3643,0,0.9260520935058594,2.817206859588623
3644,0,2.4595212936401367,1.2123982906341553
3645,0,3.107842445373535,1.5240089893341064
3646,0,3.084350109100342,2.436232089996338
3647,0,-0.0045398841612041,2.4714877605438232
3648,0,1.3316361904144287,1.554487705230713
3649,0,1.8550679683685303,2.6462960243225098
3650,0,-0.47518959641456604,1.2448632717132568
3651,0,1.633864164352417,3.7616372108459473
3652,0,1.8610118627548218,3.8040623664855957
3653,0,2.224470615386963,3.4597256183624268
3654,0,1.1818314790725708,0.2786727547645569
3655,0,2.905458688735962,3.3285388946533203
3656,0,2.022149085998535,0.47682052850723267
3657,0,3.1675331592559814,3.5560600757598877
3658,0,3.425438165664673,3.437314987182617
3659,0,2.1146318912506104,0.7120081782341003
3660,0,3.413588047027588,3.557511806488037
3661,0,3.9009265899658203,3.308864116668701
3662,0,3.2307486534118652,0.7120081782341003
3663,0,0.9274752736091614,1.3738839626312256
3664,0,2.573496103286743,1.8590463399887085
3665,0,0.45314955711364746,1.7603139877319336
3666,0,1.6349810361862183,3.7616372108459473
3667,0,2.019083261489868,3.93011474609375
3668,0,0.20430143177509308,1.7603139877319336
3669,0,1.2211077213287354,3.7616372108459473
3670,0,1.0463039875030518,3.93011474609375
3671,0,0.48315757513046265,1.7603139877319336
3672,0,1.562010407447815,3.7616372108459473
3673,0,1.7197613716125488,3.93011474609375
3674,0,0.4193563163280487,1.7603139877319336
3675,0,0.1695607602596283,1.9865989685058594
3676,0,0.6059800386428833,2.970672130584717
3677,0,2.617166519165039,2.6876959800720215
3678,0,3.413588047027588,3.557511806488037
3679,0,4.390338897705078,3.872257709503174
3680,0,1.149296522140503,1.191204309463501
3681,0,1.746180534362793,3.7616372108459473
3682,0,2.406045913696289,3.7481131553649902
3683,0,1.124916672706604,1.191204309463501
3684,0,1.3831615447998047,3.7616372108459473
3685,0,1.9248974323272705,3.7481131553649902
3686,0,1.1977499723434448,1.191204309463501
3687,0,1.6319506168365479,3.7616372108459473
3688,0,2.4474644660949707,3.7481131553649902
3689,0,1.159019112586975,1.191204309463501
3690,0,0.4208890199661255,1.2065207958221436
3691,0,0.9303608536720276,2.054246425628662
3692,0,0.7796263694763184,2.2786924839019775
3693,0,0.35666170716285706,0.6962457299232483
3694,0,1.0608429908752441,2.514559268951416
3695,0,0.0646953359246254,2.2894482612609863
3696,0,1.745092511177063,3.7616372108459473
3697,0,1.8859434127807617,3.9861435890197754
3698,0,-0.4793570935726166,0.07962776720523834
3699,0,-0.5739302635192871,1.0043036937713623
3700,0,-0.43268319964408875,0.5202510952949524
3701,0,-0.8998063206672668,0.06957711279392242
3702,0,-0.34910088777542114,0.6779683828353882
3703,0,0.27520233392715454,0.14691974222660065
3704,0,-0.0356469601392746,0.4358387589454651
3705,0,0.18748797476291656,0.4649170935153961
3706,0,-1.5506813526153564,0.6355854272842407
3707,0,-1.2024459838867188,0.5135523080825806
3708,0,-1.3104627132415771,0.1351994276046753
3709,0,-1.2722268104553223,0.8481749296188354
3710,0,-2.475290298461914,0.7095872163772583
3711,0,-3.1261651515960693,1.4934360980987549
3712,0,-2.6363978385925293,1.319993257522583
3713,0,-2.7594141960144043,1.2055537700653076
3714,0,-0.3088434040546417,0.06932632625102997
3715,0,-0.34087562561035156,1.0838935375213623
3716,0,-3.454111337661743,2.74857234954834
3717,0,-3.9038448333740234,2.281083583831787
3718,0,-3.549654960632324,1.546701431274414
3719,0,-3.9603114128112793,2.2951879501342773
3720,0,3.9603114128112793,2.6092848777770996
3721,0,3.65146803855896,1.8259271383285522
3722,0,3.6194357872009277,2.3052897453308105
3723,0,0.5062000751495361,2.194855213165283
3724,0,0.05646670609712601,0.7678720951080322
3725,0,0.4106564223766327,1.0722651481628418
3726,0,0.17043781280517578,1.9865989685058594
3727,0,-0.17043781280517578,1.704864263534546
3728,0,7.32283878326416,2.4489810466766357
3729,0,6.518215656280518,2.8656604290008545
3730,0,6.595266342163086,2.7097885608673096
3731,0,6.429625511169434,3.251999616622925
3732,0,6.198886394500732,3.4961886405944824
3733,0,6.534448623657227,2.5615437030792236
3734,0,-6.518215656280518,1.8379621505737305
3735,0,0.8046229481697083,3.0318350791931152
3736,0,0.07705023139715195,2.9597744941711426
3737,0,-0.08859036862850189,3.618077039718628
3738,0,-0.31932955980300903,3.7178046703338623
3739,0,0.016232576221227646,3.094939708709717
3740,0,-6.429625511169434,1.152658224105835
3741,0,0.8932133316993713,2.512220859527588
3742,0,0.08859036862850189,2.3768980503082275
3743,0,0.16564060747623444,2.082817554473877
3744,0,-0.23073917627334595,3.492809295654297
3745,0,0.10482294857501984,2.6209444999694824
3746,0,2.299999237060547,1.0927952527999878
3747,0,-0.6341851353645325,1.8640813827514648
3748,0,-0.38579463958740234,2.3546624183654785
3749,0,1.0039665699005127,1.6323515176773071
3750,0,0.16316837072372437,0.21772794425487518
3753,0,0.930243194103241,1.882903814315796
3754,0,1.9285753965377808,2.1407430171966553
3755,0,0.471099317073822,3.0345942974090576
3756,0,0.13273294270038605,1.9865989685058594
3757,0,1.5963654518127441,3.7616372108459473
3758,0,0.8890236616134644,1.9987156391143799
3759,0,0.5326756834983826,0.3358583152294159
3760,0,-0.40431997179985046,1.5918983221054077
3761,0,0.29880499839782715,1.5594532489776611
3762,0,0.7283912301063538,1.3597795963287354
3763,0,0.40431997179985046,0.1648511290550232
3764,0,-0.29880499839782715,0.007579839322715998
3765,0,-0.7283912301063538,0.19989383220672607
3766,0,1.1528583765029907,1.3597795963287354
3767,0,-1.1528583765029907,0.19989383220672607
3768,0,0.929108202457428,1.5948636531829834
3769,0,2.9348535537719727,1.3191211223602295
3770,0,1.9614979028701782,1.7424958944320679
3771,0,1.225422739982605,3.098970413208008
3772,0,-1.225422739982605,2.1619973182678223
3773,0,0.10006427019834518,0.018508803099393845
3774,0,0.2604089677333832,0.2645580768585205
3775,0,-0.039184655994176865,0.18949608504772186
3776,0,0.5875756144523621,1.618957757949829
3777,0,1.2319692373275757,0.7818313837051392
3778,0,0.4496324956417084,2.217247247695923
3779,0,1.2319692373275757,1.0206997394561768
3780,0,1.1172796487808228,1.1072170734405518
3781,0,1.2319692373275757,2.0307600498199463
3782,0,-0.5584657788276672,0.6436185240745544
3783,0,0.4820149838924408,0.03844607248902321
3784,0,-0.019268428906798363,0.14485026895999908
3785,0,1.2319692373275757,0.4232536852359772
3786,0,1.2319692373275757,2.18216609954834
3787,0,0.6083049178123474,0.46135491132736206
3788,0,0.7641347646713257,0.8403671383857727
3789,0,1.2319692373275757,1.4154236316680908
3790,0,0.9429946541786194,1.5125495195388794
3791,0,0.8272079229354858,0.41630634665489197
3792,0,1.2319692373275757,3.2578036785125732
3793,0,1.2319692373275757,2.03096604347229
3794,0,1.2319692373275757,2.148439645767212
3795,0,0.03228163346648216,0.06900989264249802
3796,0,-0.2893606722354889,0.12004474550485611
3797,0,0.2930837571620941,0.5618804693222046
3798,0,1.0638965368270874,0.15156292915344238
3799,0,-0.0703735426068306,0.482055127620697
3800,0,-0.43286994099617004,0.29334768652915955
3801,0,0.8189382553100586,0.2534104287624359
3802,0,0.3016909658908844,0.12272576987743378
3803,0,-0.6118989586830139,0.1805945634841919
3804,0,0.11586392670869827,2.086794853210449
3805,0,1.2319692373275757,1.4348275661468506
3806,0,1.2319692373275757,1.645268440246582
3807,0,1.2319692373275757,0.9590293169021606
3808,0,1.2319692373275757,2.887054204940796
3809,0,0.11974887549877167,1.452221155166626
3810,0,1.2319692373275757,1.0554842948913574
3811,0,0.2604089677333832,1.9282290935516357
3812,0,-0.1266832798719406,1.2661164999008179
3813,0,0.09897152334451675,2.178283452987671
3814,0,1.4039890766143799,0.6649786233901978
3815,0,1.4039890766143799,0.41715773940086365
3816,0,1.4039890766143799,3.0587384700775146
3817,0,1.4039890766143799,1.8290541172027588
3818,0,0.20877279341220856,0.7545885443687439
3819,0,0.822894811630249,1.303902506828308
3820,0,1.4039890766143799,0.9391786456108093
3821,0,-0.3143717646598816,0.1890386939048767
3822,0,-0.04268813133239746,0.11022623628377914
3823,0,0.8384865522384644,2.5769615173339844
3824,0,0.04863874614238739,0.6110696196556091
3825,0,-0.2579050660133362,0.926421046257019
3826,0,-0.34193262457847595,1.1526918411254883
3827,0,0.23916159570217133,0.42739492654800415
3828,0,1.3673309087753296,1.4434499740600586
3829,0,0.2349146157503128,1.2537121772766113
3830,0,0.929593563079834,1.1686522960662842
3831,0,1.4039890766143799,1.121867299079895
3832,0,0.873588502407074,0.777867317199707
3833,0,0.4651035666465759,0.5455014705657959
3834,0,0.14038239419460297,1.8313060998916626
3835,0,1.0963916778564453,2.6037116050720215
3836,0,1.4039890766143799,3.4639008045196533
3837,0,1.4039890766143799,2.39672589302063
3838,0,1.4039890766143799,2.6013948917388916
3839,0,0.06589584797620773,1.9611485004425049
3840,0,0.513635516166687,3.0394585132598877
3841,0,2.6809208393096924,1.5240089893341064
3842,0,1.7908841371536255,1.3191211223602295
3843,0,1.3958605527877808,0.2786727547645569
3844,0,0.7261759638786316,1.3299155235290527
3845,0,0.8771873712539673,0.5329774618148804
3846,0,1.2002081871032715,1.7280327081680298
3847,0,0.08280224353075027,0.15579497814178467
3848,0,0.0,0.2023516148328781
3849,0,-0.08978603780269623,0.4882403016090393
3850,0,0.33471086621284485,0.7112366557121277
3851,0,0.2714707851409912,0.9539499282836914
3852,0,1.8063724040985107,2.038970947265625
3853,0,1.6893346309661865,1.566372036933899
3854,0,0.3928016424179077,0.9717051386833191
3855,0,0.005528362933546305,1.787026047706604
3856,0,1.8552099466323853,0.6836782693862915
3857,0,1.6957166194915771,1.3524049520492554
3858,0,-0.0962846651673317,1.542903184890747
3859,0,1.285060167312622,1.829636812210083
3860,0,0.9753251671791077,1.0414077043533325
3861,0,0.5308891534805298,1.6095316410064697
3862,0,0.6720904111862183,1.3434314727783203
3863,0,0.5354059338569641,0.5290738940238953
3864,0,0.6243711709976196,0.8142256736755371
3865,0,0.018230730667710304,0.13177520036697388
3866,0,0.7368884086608887,0.18368788063526154
3867,0,0.5331518650054932,1.3054254055023193
3868,0,0.9033095836639404,1.005702018737793
3869,0,0.018230730667710304,0.6941938996315002
3870,0,0.2327662855386734,1.0796010494232178
3871,0,0.4586472809314728,0.7339071035385132
3872,0,0.028905829414725304,0.13350963592529297
3873,0,0.8556438088417053,0.28972357511520386
3874,0,-0.2552182078361511,0.41726499795913696
3875,0,0.3795585036277771,0.40447482466697693
3876,0,0.1585373729467392,0.647467315196991
3877,0,-0.07604122906923294,0.5179932713508606
3878,0,3.155595064163208,1.5240089893341064
3879,0,3.155595064163208,1.3191211223602295
3880,0,-0.5582032203674316,0.5245625972747803
3881,0,0.19354471564292908,0.910230278968811
3882,0,1.522708535194397,0.2786727547645569
3883,0,3.155595064163208,1.1597336530685425
3884,0,0.017250660806894302,0.6962457299232483
3885,0,0.7666946649551392,1.3056855201721191
3886,0,1.6043896675109863,0.757412850856781
3887,0,0.5347237586975098,0.7599244117736816
3888,0,0.5968717336654663,0.6237517595291138
3889,0,0.07573513686656952,0.30150729417800903
3890,0,0.46220648288726807,0.8039125204086304
3891,0,-0.1544964462518692,0.28371840715408325
3892,0,0.06194958835840225,0.37257903814315796
3893,0,-0.3026396632194519,1.3393522500991821
3894,0,-0.1942489743232727,1.0322394371032715
3895,0,0.3615494668483734,1.0034565925598145
3896,0,0.19838109612464905,1.2065207958221436
3897,0,0.3119908273220062,0.48107463121414185
3898,0,0.5292381048202515,1.3299155235290527
3899,0,1.4516383409500122,0.5329774618148804
3900,0,1.426120638847351,1.7280327081680298
3901,0,0.11025666445493698,0.7582007646560669
3902,0,-0.023952234536409378,0.10444553196430206
3903,0,0.11265619844198227,0.16769585013389587
3904,0,0.11817597597837448,0.2842411994934082
3905,0,-0.018160870298743248,0.5936483144760132
3906,0,0.18642865121364594,0.4027993083000183
3907,0,-0.3654748499393463,1.3717092275619507
3908,0,-0.023952234536409378,1.1956599950790405
3909,0,-0.13922981917858124,0.6785550713539124
3910,0,0.24835985898971558,1.1108540296554565
3911,0,0.4271910488605499,0.26424914598464966
3912,0,0.5177409052848816,1.42140793800354
3913,0,-0.4595701992511749,1.1602401733398438
3914,0,0.8486196398735046,1.8469574451446533
3915,0,0.6043843626976013,0.9857684373855591
3916,0,0.7110561728477478,1.3274757862091064
3917,0,0.8721638321876526,1.1004550457000732
3918,0,0.19533786177635193,0.4237349033355713
3919,0,1.9311250448226929,1.1608541011810303
3920,0,0.12273682653903961,0.35653385519981384
3921,0,0.448542982339859,0.9971480369567871
3922,0,0.0,1.6613590717315674
3923,0,1.3936090469360352,1.1145985126495361
3924,0,0.6123905777931213,1.0130597352981567
3925,0,0.48906829953193665,1.334942102432251
3926,0,0.13264881074428558,0.4151764512062073
3927,0,0.3215610086917877,0.4958222806453705
3928,0,-0.5019832849502563,1.8588922023773193
3929,0,0.5019832849502563,2.1829288005828857
3930,0,-1.5820304155349731,2.555431842803955
3931,0,-1.774827480316162,2.553821325302124
3932,0,-2.026550531387329,2.573760747909546
3933,0,-1.7309221029281616,2.5719034671783447
3934,0,-1.4907034635543823,3.3699021339416504
3935,0,-2.854874610900879,3.3958983421325684
3936,0,-2.2953264713287354,3.370556354522705
3937,0,-2.980065107345581,3.4071362018585205
3938,0,5.821152210235596,3.185811996459961
3939,0,0.9231258630752563,2.9399781227111816
3940,0,0.8976401090621948,2.8042798042297363
3941,0,1.5196093320846558,1.9043506383895874
3942,0,0.259645015001297,1.3225866556167603
3943,0,3.6324572563171387,3.5073390007019043
3944,0,4.247951507568359,2.8588924407958984
3945,0,4.935636520385742,2.9128525257110596
3946,0,4.942731857299805,2.447906017303467
3947,0,5.102494716644287,3.5676612854003906
3948,0,5.426295757293701,3.260850429534912
3949,0,4.669893264770508,3.257633924484253
3950,0,4.148980140686035,3.6045727729797363
3951,0,4.3891987800598145,2.970318078994751
3952,0,0.21131277084350586,0.2752678692340851
3953,0,1.3641711473464966,0.495856374502182
3954,0,-1.0804502964019775,0.24502713978290558
3955,0,-0.19934363663196564,0.7501270771026611
3956,0,0.5428582429885864,0.8018869161605835
3957,0,-0.279584139585495,0.6303330659866333
3958,0,-0.46684107184410095,0.6387983560562134
3959,0,-0.5186731815338135,0.6577732563018799
3960,0,2.317685842514038,0.7268882989883423
3961,0,-0.7592304348945618,0.5286130905151367
3962,0,0.5428582429885864,0.7814871668815613
3963,0,0.3026396632194519,0.11881746351718903
3964,0,0.7132960557937622,0.9618059396743774
3965,0,0.4106564223766327,0.592516303062439
3966,0,-0.3777339458465576,0.11234748363494873
3967,0,0.9535146951675415,0.1175297275185585
3968,0,0.0,1.2448632717132568
3969,0,1.907029390335083,1.4123361110687256
3970,0,-0.4934868812561035,0.8911737203598022
3971,0,2.317685842514038,1.1704607009887695
3972,0,1.3641711473464966,0.23153460025787354
3973,0,-0.31211909651756287,0.06932632625102997
3974,0,0.06157408282160759,0.19645799696445465
3975,0,-0.31211909651756287,1.0838935375213623
3976,0,-1.0910300016403198,1.7885761260986328
3977,0,0.4106564223766327,1.4962148666381836
3978,0,-2.717163562774658,1.4658101797103882
3979,0,-1.285060167312622,1.6747909784317017
3980,0,-1.3930768966674805,2.591458797454834
3981,0,-0.38309553265571594,1.5009276866912842
3982,0,-0.8996182680130005,1.196732521057129
3983,0,-0.5086029171943665,1.4763050079345703
3984,0,-1.028609037399292,1.2267287969589233
3985,0,-0.8046229481697083,1.6442041397094727
3986,0,-1.7472666501998901,1.309295415878296
3987,0,-2.126458168029785,1.2857921123504639
3988,0,-1.6043896675109863,1.1627304553985596
3989,0,-1.8037333488464355,1.6778955459594727
3990,0,-1.6043896675109863,1.6205718517303467
3991,0,-1.0787051916122437,1.2309465408325195
3992,0,-1.2376387119293213,1.4878480434417725
3993,0,-1.5635147094726562,2.729889392852783
3994,0,-1.0448415279388428,0.7967404127120972
3995,0,-3.544039249420166,1.546701431274414
3996,0,-3.9220755100250244,2.2951879501342773
3997,0,-3.861774206161499,1.4660855531692505
3998,0,-3.9659810066223145,2.175870895385742
3999,0,-4.038617134094238,2.1578614711761475
4000,0,-3.7107627391815186,2.2375855445861816
4001,0,-3.451117753982544,2.405256748199463
4002,0,0.30800125002861023,1.2009319067001343
4003,0,-0.26777946949005127,2.2333760261535645
4004,0,-0.32551708817481995,0.06456813961267471
4005,0,0.44973334670066833,2.825258731842041
4006,0,-1.9416855573654175,2.933455467224121
4007,0,-1.6319506168365479,2.868508815765381
4008,0,-1.2212941646575928,3.0445334911346436
4009,0,-2.7447245121002197,1.6747909784317017
4010,0,-3.3738555908203125,2.5484232902526855
4011,0,-4.6220574378967285,2.832547187805176
4012,0,0.03084089420735836,0.5852746367454529
4013,0,1.4789330959320068,2.6690902709960938
4014,0,0.8179112076759338,0.8642932772636414
4015,0,0.2681904733181,3.066826581954956
4016,0,1.0376917123794556,0.42318278551101685
4017,0,1.6521589756011963,3.507648468017578
4018,0,0.07228799909353256,0.10183707624673843
4019,0,-0.00911482609808445,0.17921048402786255
4020,0,-0.22239916026592255,0.33265194296836853
4021,0,-0.018372075632214546,0.169260174036026
4022,0,4.004943370819092,3.6108956336975098
4060,0,2.166057586669922,0.6231504082679749
4061,0,1.9617561101913452,0.3820863962173462
4062,0,3.0115554332733154,0.774951696395874
4063,0,0.4985881447792053,0.03526640683412552
4064,0,0.5380995869636536,0.12081138789653778
4065,0,0.12744316458702087,0.17457902431488037
4122,0,-0.023055516183376312,0.4062461853027344
4123,0,0.03084089420735836,0.042163245379924774
4124,0,0.008976716548204422,0.23027785122394562
4125,0,0.03511854633688927,0.912481427192688
4131,0,-0.9535146951675415,1.8092647790908813
4132,0,-1.4971784353256226,3.6157562732696533
4133,0,-0.13300734758377075,0.16062350571155548
4134,0,0.139879509806633,0.7085119485855103
4135,0,0.798334002494812,2.490495204925537
4136,0,0.2715725898742676,2.1071813106536865
4137,0,4.622350215911865,3.0498971939086914
4138,0,0.11122789978981018,0.6988776326179504
4150,0,1.8626039028167725,0.8632256388664246
4151,0,1.8012609481811523,1.669001579284668
4152,0,2.9093847274780273,1.676330327987671
4153,0,4.0624799728393555,2.5157363414764404
4154,0,-4.0624799728393555,0.31726908683776855
4155,0,-2.199876308441162,0.3413856327533722
4156,0,-2.261219024658203,0.3637921214103699
4157,0,-1.1530953645706177,0.33666086196899414
4158,0,-2.9093847274780273,0.7861810922622681
4159,0,-1.0467808246612549,0.7496083974838257
4160,0,-1.108123779296875,0.3015907406806946
4161,0,1.1530953645706177,1.4456593990325928
4162,0,-1.8012609481811523,0.9571463465690613
4163,0,0.06134288012981415,0.4977777898311615
4164,0,1.108123779296875,0.7173662781715393
4165,0,2.261219024658203,1.9356403350830078
4166,0,-1.8626039028167725,1.0031261444091797
4167,0,-0.06134288012981415,1.7945506572723389
4168,0,1.0467808246612549,2.094115972518921
4169,0,2.199876308441162,2.482077121734619
4447,0,0.13965415954589844,1.8184713125228882
4448,0,-0.038736145943403244,2.3738160133361816
4449,0,-0.7849546670913696,2.0734455585479736
4450,0,-0.5542154908180237,2.1687259674072266
4451,0,0.057148076593875885,0.5884095430374146
4452,0,-0.13407966494560242,0.3141155540943146
4453,0,0.48788952827453613,0.36246031522750854
4454,0,-0.7849546670913696,1.1932958364486694
4455,0,-0.015191908925771713,1.6649198532104492
4456,0,-0.015191908925771713,1.6649198532104492
4457,0,-0.21667437255382538,0.16901350021362305
4458,0,0.5880584716796875,0.7930920720100403
4459,0,0.5155515074729919,0.18988418579101562
4460,0,0.12034162133932114,1.145723581314087
4557,0,0.0,0.9633535146713257
4558,0,0.0,3.127901554107666
4559,0,0.0,1.7094390392303467
4560,0,0.9415455460548401,3.7122905254364014
4561,0,0.0,1.3532838821411133
4562,0,1.6923214197158813,3.459249496459961
4563,0,2.124706268310547,1.8019899129867554
4564,0,2.0995631217956543,0.9385595321655273
4565,0,2.114776611328125,2.5739073753356934
4566,0,0.0,0.8595489263534546
4567,0,0.0,2.733118772506714
4568,0,1.7221993207931519,1.058504343032837
4569,0,0.0,0.9633535146713257
4570,0,0.0,3.127901554107666
4571,0,0.0,1.7094390392303467
4572,0,2.27596378326416,3.7122905254364014
4573,0,0.6307899951934814,1.3532838821411133
4574,0,2.5998315811157227,3.459249496459961
4575,0,2.9955828189849854,1.8019899129867554
4576,0,2.821359395980835,0.9385595321655273
4577,0,2.9105122089385986,2.5739073753356934
4578,0,0.0,0.8595489263534546
4579,0,1.567731499671936,2.733118772506714
4580,0,0.9991104006767273,1.058504343032837
4584,0,-1.7859313488006592,2.813555955886841
4585,0,-1.6832761764526367,2.5507538318634033
4586,0,-1.5510743856430054,2.869863271713257
4587,0,-1.5510743856430054,2.3101933002471924
4588,0,-1.470618486404419,3.1096177101135254
4589,0,-1.452102780342102,2.8353729248046875
4590,0,-1.2726197242736816,2.5086967945098877
4591,0,-1.2659252882003784,2.8044896125793457
4592,0,-1.2462842464447021,2.525433301925659
4593,0,-1.233542799949646,2.415053129196167
4594,0,-1.1968846321105957,2.496356964111328
4595,0,-0.9646185040473938,2.504765272140503
4596,0,-0.8586066961288452,3.0343074798583984
4597,0,-0.8356277942657471,2.592508316040039
4598,0,-0.8292228579521179,3.05414080619812
4599,0,-0.8260461688041687,2.4341864585876465
4600,0,-0.8104133009910583,3.0269627571105957
4601,0,-0.807335615158081,2.9044313430786133
4602,0,-0.807335615158081,2.579545497894287
4603,0,-0.7629918456077576,2.4163565635681152
4604,0,-0.7164474129676819,2.6895463466644287
4605,0,-0.6957483291625977,2.6296794414520264
4606,0,-0.6806851625442505,2.950345516204834
4607,0,-0.6469592452049255,3.3798911571502686
4608,0,-0.6330730319023132,3.273214817047119
4609,0,-0.6262500882148743,2.4156737327575684
4610,0,-0.5539621114730835,2.950345516204834
4611,0,-0.5342774987220764,2.9404940605163574
4612,0,-0.5227732062339783,2.877579689025879
4613,0,-0.5171037912368774,2.6929025650024414
4614,0,-0.4632073640823364,2.8699631690979004
4615,0,-0.4446124732494354,3.2135157585144043
4616,0,-0.4298209547996521,2.51652455329895
4617,0,-0.42820003628730774,2.6169919967651367
4618,0,-0.30316370725631714,2.8177263736724854
4619,0,-0.24932429194450378,2.82379150390625
4652,0,0.5948610901832581,1.6058833599090576
4653,0,2.152658462524414,0.807593822479248
4654,0,1.1678093671798706,0.13510461151599884
4655,0,0.7590427398681641,0.8311402201652527
4656,0,0.23016905784606934,0.09194661676883698
4657,0,1.388138771057129,0.9649550318717957
4658,0,-0.03210772946476936,0.4024049639701843
4659,0,3.8590502738952637,0.622948169708252
4660,0,0.6192452907562256,0.11872931569814682
4689,0,2.243532657623291,0.9713177680969238
4690,0,1.328253984451294,2.230008125305176
4691,0,0.8510478734970093,1.1837780475616455
4692,0,4.440748691558838,2.5434765815734863
4693,0,0.7900062203407288,2.549227714538574
4694,0,-1.7956174612045288,1.7173664569854736
4695,0,-1.4631426334381104,1.7173664569854736
4696,0,1.7956174612045288,2.6159114837646484
4697,0,2.8273136615753174,2.6159114837646484
4698,0,-1.1736482381820679,1.9161403179168701
4699,0,-1.3440860509872437,0.6575829386711121
4700,0,-0.4314463436603546,2.119001865386963
4701,0,-1.0414464473724365,1.1420775651931763
4702,0,-0.7629918456077576,1.8691085577011108
4703,0,-0.13733132183551788,0.3640994429588318
4704,0,-0.693211019039154,1.4370453357696533
4705,0,0.6709600687026978,0.2998252511024475
4706,0,0.07655175030231476,0.37277841567993164
4707,0,-1.204037070274353,1.8286809921264648
4708,0,-1.7547425031661987,1.7362219095230103
4709,0,-0.22013357281684875,0.6825160384178162
4710,0,-0.7629918456077576,0.47049713134765625
4711,0,-1.584304690361023,0.5616480112075806
4712,0,-0.39057138562202454,0.13696318864822388
4713,0,-0.995850682258606,2.500370502471924
4714,0,0.6219692230224609,2.3715925216674805
4715,0,0.45153138041496277,1.6283648014068604
4716,0,1.3641711473464966,2.80468487739563
4717,0,0.7541710138320923,1.9200302362442017
4718,0,1.032625675201416,2.6533193588256836
4719,0,1.6582860946655273,2.6343023777008057
4720,0,1.10240638256073,2.3789725303649902
4721,0,2.4665775299072266,2.552966833114624
4722,0,1.8721692562103271,2.4995787143707275
4723,0,0.5915803909301758,1.0361248254776
4724,0,0.040874965488910675,0.286574125289917
4725,0,1.5754839181900024,2.7807717323303223
4726,0,1.032625675201416,2.2083306312561035
4727,0,0.21131277084350586,2.331044912338257
4728,0,1.4050461053848267,2.2526230812072754
4729,0,0.7997667789459229,3.008066177368164
4730,0,-0.5400962233543396,0.030907267704606056
4731,0,-1.0239880084991455,0.9067495465278625
4732,0,0.924957275390625,1.4681373834609985
4733,0,-0.2633156180381775,1.016218900680542
4734,0,-0.12269474565982819,1.7219088077545166
4735,0,-0.1552988439798355,0.07671330124139786
4736,0,-0.1552988439798355,0.08548672497272491
4737,0,-0.12269474565982819,0.22755777835845947
4738,0,-0.07257538288831711,0.20117704570293427
4739,0,-0.6664110422134399,0.030907267704606056
4740,0,-0.10329601168632507,0.0009942695032805204
4741,0,0.10217975825071335,1.7722949981689453
4742,0,-0.06708604842424393,-0.006509033031761646
4743,0,-0.17744916677474976,0.03364957496523857
4744,0,0.0,0.9135967493057251
4745,0,0.5740829110145569,1.79928719997406
4746,0,0.0,0.8282358050346375
4747,0,0.0,0.9135967493057251
4748,0,-0.36120107769966125,1.028050184249878
4749,0,0.04300859197974205,1.860828161239624
4750,0,-0.14186398684978485,1.7714221477508545
4751,0,-1.20074462890625,0.9067495465278625
4752,0,-0.9535146951675415,0.17534981667995453
4753,0,-1.2678864002227783,1.0492357015609741
4754,0,-1.043681025505066,1.007567048072815
4755,0,1.0497993230819702,0.8812708854675293
4756,0,1.1243008375167847,0.8993341326713562
4757,0,1.164687991142273,0.7054381370544434
4758,0,0.7982158660888672,1.4681373834609985
4759,0,0.845219075679779,0.014990034513175488
4760,0,0.6578043699264526,0.011564831249415874
4761,0,1.3079134225845337,0.9648851156234741
4762,0,2.728342294692993,0.45011669397354126
4763,0,0.0,1.016218900680542
4764,0,0.5442506074905396,1.2285339832305908
4765,0,0.0,1.7219088077545166
4766,0,0.0,0.07671330124139786
4767,0,0.0,0.08548672497272491
4768,0,-0.2203427106142044,0.22755777835845947
4769,0,0.0,0.20117704570293427
4770,0,-0.857230007648468,0.030907267704606056
4771,0,1.9084217548370361,0.9611198306083679
4772,0,1.5733891725540161,0.6393206715583801
4773,0,0.0,0.0009942695032805204
4774,0,2.317685842514038,0.23958460986614227
4775,0,2.728342294692993,0.5417600274085999
4776,0,1.5733891725540161,1.0064916610717773
4777,0,0.5128361582756042,1.0674030780792236
4778,0,2.728342294692993,1.345309853553772
4779,0,2.0767698287963867,0.748034656047821
4780,0,0.6758959293365479,1.4380875825881958
4781,0,0.5128361582756042,1.4293148517608643
4782,0,1.3641711473464966,1.1898908615112305
4783,0,1.164687991142273,1.0253254175186157
4784,0,2.0767698287963867,2.1837806701660156
4785,0,2.0767698287963867,2.0973634719848633
4786,0,0.8213128447532654,0.5642131567001343
4787,0,0.10217975825071335,1.7722949981689453
4788,0,-0.36377134919166565,-0.006509033031761646
4789,0,0.7125986814498901,0.27511268854141235
4790,0,1.9084217548370361,0.3247256875038147
4791,0,0.5009867548942566,0.051277000457048416
4792,0,0.0,0.03364957496523857
4793,0,2.0767698287963867,2.8458948135375977
4794,0,1.774827480316162,0.38791704177856445
4795,0,0.8714090585708618,2.8192543983459473
4796,0,0.434562623500824,1.0082173347473145
4797,0,2.728342294692993,1.7640440464019775
4798,0,1.5733891725540161,0.4196007251739502
4799,0,0.0,0.9135967493057251
4800,0,0.7550068497657776,0.46318238973617554
4801,0,2.728342294692993,1.7234971523284912
4802,0,0.20430143177509308,1.79928719997406
4803,0,0.5579972267150879,2.2581613063812256
4804,0,2.728342294692993,1.1942178010940552
4805,0,2.0767698287963867,1.1181687116622925
4806,0,1.5733891725540161,1.5082299709320068
4807,0,1.4263132810592651,1.579932689666748
4808,0,1.6682031154632568,2.192952871322632
4809,0,1.2558754682540894,0.5700992345809937
4810,0,0.434562623500824,1.479912281036377
4811,0,1.2558754682540894,1.1572061777114868
4812,0,0.0,0.8282358050346375
4813,0,0.0,0.9135967493057251
4814,0,0.7550068497657776,0.46318238973617554
4815,0,1.6682031154632568,2.433933973312378
4816,0,1.9084217548370361,2.2813992500305176
4817,0,1.2558754682540894,1.9546892642974854
4818,0,-0.6949949264526367,0.8602234721183777
4819,0,0.0,1.028050184249878
4820,0,-0.857230007648468,0.076748326420784
4821,0,-0.9535146951675415,0.9067495465278625
4822,0,-1.0857164859771729,0.17534981667995453
4823,0,-1.126280426979065,1.007567048072815
4824,0,1.043681025505066,1.9584976434707642
4825,0,1.968638300895691,2.3474254608154297
4826,0,0.7803654074668884,1.3827515840530396
4827,0,0.9209862947463989,2.411864995956421
4828,0,0.8883821964263916,2.092487335205078
4829,0,0.8883821964263916,1.9341189861297607
4830,0,0.9209862947463989,2.11437726020813
4831,0,0.9711056351661682,2.111717939376831
4832,0,0.37727001309394836,1.7305183410644531
4833,0,0.9403850436210632,1.417829155921936
4834,0,1.1458607912063599,2.6967825889587402
4835,0,0.9765949845314026,1.7992379665374756
4836,0,0.8662318587303162,1.9328014850616455
4837,0,1.043681025505066,2.2494771480560303
4838,0,1.617763876914978,2.712470531463623
4839,0,1.043681025505066,2.2679529190063477
4840,0,1.043681025505066,2.2494771480560303
4841,0,0.682479977607727,1.4798768758773804
4842,0,1.0866895914077759,2.3610126972198486
4843,0,0.9018170237541199,2.547044277191162
4844,0,-0.15706361830234528,0.05733826756477356
4845,0,0.09016634523868561,1.0809948444366455
4846,0,-0.22420541942119598,0.9100127220153809
4847,0,2.093480348587036,2.1025843620300293
4848,0,2.1679818630218506,2.161186456680298
4849,0,2.208369016647339,2.133711338043213
4850,0,1.841896891593933,2.3474254608154297
4851,0,1.8889000415802002,1.8147265911102295
4852,0,1.7014853954315186,1.7947108745574951
4853,0,2.3515944480895996,2.165372371673584
4854,0,3.7720232009887695,1.9403562545776367
4855,0,1.043681025505066,1.3827515840530396
4856,0,1.5879316329956055,2.270228862762451
4857,0,1.043681025505066,2.411864995956421
4858,0,1.043681025505066,2.092487335205078
4859,0,1.043681025505066,1.9341189861297607
4860,0,0.8233383297920227,2.11437726020813
4861,0,1.043681025505066,2.111717939376831
4862,0,0.1864510029554367,1.7305183410644531
4863,0,2.9521026611328125,2.0728907585144043
4864,0,2.617070198059082,2.0088140964508057
4865,0,1.043681025505066,1.417829155921936
4866,0,3.3613667488098145,2.108048915863037
4867,0,3.7720232009887695,2.2430245876312256
4868,0,2.617070198059082,2.2822790145874023
4869,0,1.556517243385315,2.237269639968872
4870,0,3.7720232009887695,2.2760860919952393
4871,0,3.120450735092163,2.0942418575286865
4872,0,1.7195769548416138,2.4335837364196777
4873,0,1.556517243385315,2.4089176654815674
4874,0,2.4078521728515625,2.577810764312744
4875,0,2.208369016647339,2.452920436859131
4876,0,3.120450735092163,2.6493592262268066
4877,0,3.120450735092163,2.5646376609802246
4878,0,1.864993929862976,2.162715196609497
4879,0,1.1458607912063599,2.6967825889587402
4880,0,0.6799096465110779,1.7992379665374756
4881,0,1.756279706954956,2.027460813522339
4882,0,2.9521026611328125,1.9204280376434326
4883,0,1.5446677207946777,2.022893190383911
4884,0,1.043681025505066,1.9328014850616455
4885,0,3.120450735092163,2.8151803016662598
4886,0,2.8185086250305176,2.2343318462371826
4887,0,1.9150900840759277,2.8078644275665283
4888,0,1.4782437086105347,2.367464065551758
4889,0,3.7720232009887695,2.539048433303833
4890,0,2.617070198059082,1.8673362731933594
4891,0,1.043681025505066,2.2494771480560303
4892,0,1.7986879348754883,2.1688859462738037
4893,0,3.7720232009887695,2.6050620079040527
4894,0,1.2479825019836426,2.712470531463623
4895,0,1.6016782522201538,2.8973019123077393
4896,0,3.7720232009887695,1.5483596324920654
4897,0,3.120450735092163,1.4404569864273071
4898,0,2.617070198059082,2.571542501449585
4899,0,2.469994306564331,2.517470598220825
4900,0,2.7118842601776123,2.623176097869873
4901,0,2.2995564937591553,1.8812280893325806
4902,0,1.4782437086105347,2.398648738861084
4903,0,2.2995564937591553,2.348264455795288
4904,0,1.043681025505066,2.2679529190063477
4905,0,1.043681025505066,2.2494771480560303
4906,0,1.7986879348754883,2.1688859462738037
4907,0,2.7118842601776123,2.749795913696289
4908,0,2.9521026611328125,2.7628426551818848
4909,0,2.2995564937591553,2.61165714263916
4910,0,0.3486860692501068,0.9581929445266724
4911,0,1.043681025505066,1.4798768758773804
4912,0,0.1864510029554367,1.8482420444488525
4913,0,0.09016634523868561,0.05733826756477356
4914,0,-0.04203549772500992,1.0809948444366455
4915,0,-0.8777795433998108,0.8242117762565613
4916,0,-1.253914475440979,1.274054765701294
4917,0,-0.1510114222764969,0.9474909901618958
4918,0,0.44720688462257385,1.3160758018493652
4919,0,0.5264760851860046,0.8511134386062622
4920,0,-0.37919139862060547,0.6074724793434143
4921,0,-0.4944019615650177,0.8451205492019653
4922,0,-0.5599330067634583,1.1444522142410278
4923,0,0.01855706050992012,0.14875218272209167
4924,0,0.0,0.6498737335205078
4925,0,0.13220183551311493,0.9146283268928528
4926,0,-0.6869605183601379,1.5867397785186768
4927,0,-0.988170862197876,1.612855315208435
4928,0,-1.7357505559921265,2.126168727874756
4929,0,-2.3952598571777344,2.0316829681396484
4930,0,-2.740586280822754,2.1838269233703613
4931,0,-2.5825202465057373,2.1838269233703613
4932,0,-1.6668107509613037,2.1838269233703613
4933,0,-2.5854651927948,2.2176272869110107
4934,0,-2.359523296356201,2.248833656311035
4935,0,-1.466826319694519,2.79771089553833
4936,0,1.8505626916885376,2.350508451461792
4937,0,-1.6111606359481812,2.3672139644622803
4938,0,-0.4106564223766327,2.650054931640625
4939,0,1.8505626916885376,2.8617777824401855
4940,0,-2.955246686935425,2.652723789215088
4941,0,0.3615494668483734,2.7444772720336914
4942,0,1.907029390335083,2.4624781608581543
4943,0,-0.20366813242435455,2.461625099182129
4944,0,-0.19934363663196564,0.20557081699371338
4945,0,-0.5191569924354553,0.5524836182594299
4946,0,-0.7422019243240356,1.5979259014129639
4947,0,-0.05707155540585518,1.2962191104888916
4948,0,-0.05707155540585518,0.9122281074523926
4949,0,-0.8188995718955994,2.1541664600372314
4950,0,-1.3335405588150024,1.9388549327850342
4951,0,-0.6520853638648987,2.1711509227752686
4952,0,0.06411135196685791,1.3383996486663818
4953,0,0.032922469079494476,1.4562197923660278
4954,0,-0.07190047949552536,2.5054309368133545
4955,0,0.3093721270561218,2.7576680183410645
4956,0,-0.6857352256774902,1.0276890993118286
4957,0,0.8213128447532654,1.3135727643966675
4958,0,0.22304488718509674,1.5702202320098877
4959,0,0.048722125589847565,3.2573142051696777
4960,0,-0.9735997319221497,1.7875597476959229
4961,0,-2.728342294692993,2.1283295154571533
4962,0,-0.8687343001365662,1.8741592168807983
4963,0,-2.8837804794311523,2.351806163787842
4964,0,-0.9535146951675415,1.8324521780014038
4965,0,-2.671875476837158,2.2148847579956055
4966,0,-2.728342294692993,2.4247283935546875
4967,0,-0.6750600934028625,1.8725608587265015
4968,0,-2.728342294692993,2.3649511337280273
4969,0,-3.1389987468719482,2.7503745555877686
4970,0,-2.728342294692993,2.881296396255493
4971,0,2.9276857376098633,1.5634381771087646
4972,0,1.774827480316162,1.7037789821624756
4973,0,-0.3037257194519043,1.6092993021011353
4974,0,0.449248343706131,0.825758159160614
4975,0,0.3000297248363495,0.9740321040153503
4976,0,1.1579517126083374,0.7244371175765991
4977,0,0.3999813199043274,0.9188952445983887
4978,0,0.2147209495306015,1.1598103046417236
4979,0,0.20328329503536224,0.43171921372413635
4980,0,0.1998084932565689,0.16041111946105957
4981,0,0.5512619614601135,0.807818591594696
4982,0,0.040874965488910675,0.41248399019241333
4983,0,-0.37896695733070374,0.8079404830932617
4984,0,-1.864798665046692,1.4246699810028076
4985,0,-2.3490397930145264,0.7542083263397217
4986,0,-2.2937450408935547,0.7263412475585938
4987,0,-0.647828996181488,0.5877006649971008
4988,0,-2.1932713985443115,0.7839983701705933
4989,0,-2.332111358642578,0.6701322793960571
4990,0,-2.174590826034546,0.3969928026199341
4991,0,-2.46614146232605,0.15809650719165802
4992,0,-0.36182716488838196,0.6738072633743286
4993,0,-2.378751039505005,0.42988133430480957
4994,0,0.40963760018348694,0.2782750725746155
4995,0,-0.2319817990064621,0.08668731153011322
4996,0,0.2930837571620941,0.7958593964576721
4997,0,0.5245682597160339,0.4717426300048828
4998,0,0.4223885238170624,2.11769437789917
4999,0,0.8968583345413208,1.3249067068099976
5000,0,2.607872486114502,2.8121249675750732
5001,0,2.85959529876709,1.8437427282333374
5002,0,-0.14115594327449799,0.8176654577255249
5003,0,4.087754726409912,2.798962116241455
5004,0,0.10006427019834518,1.4042484760284424
5005,0,0.0,0.20598654448986053
5006,0,-0.009555883705615997,2.032996892929077
5007,0,-0.02914285846054554,0.5593736171722412
5008,0,0.009404197335243225,0.5246228575706482
5009,0,0.8260335922241211,1.653412103652954
5010,0,2.548027276992798,1.3336060047149658
5011,0,1.6426256895065308,2.5238308906555176
5012,0,7.3721842765808105,2.391920328140259
5013,0,0.3016909658908844,1.6593005657196045
5014,0,-0.12034162133932114,0.10237631946802139
5015,0,0.5445982217788696,0.6165044903755188
5016,0,0.09997596591711044,0.4019339680671692
5017,0,-0.04996808245778084,2.324208974838257
5018,0,2.175600290298462,1.525738000869751
5019,0,2.2963976860046387,2.950247287750244
5020,0,2.790327548980713,2.0796761512756348
5021,0,-0.3019140660762787,0.9727666974067688
5022,0,3.364515542984009,2.9050941467285156
5023,0,-0.1532640904188156,1.6454975605010986
5024,0,-0.07911093533039093,0.36334338784217834
5025,0,0.06978078931570053,2.0220108032226562
5026,0,-0.008777227252721786,0.5421390533447266
5027,0,-0.03130663186311722,0.7083389163017273
5028,0,0.292977511882782,1.6436140537261963
5029,0,2.356466054916382,1.7445173263549805
5030,0,2.3874666690826416,2.562126636505127
5031,0,7.473180770874023,2.5464930534362793
5032,0,0.3929699659347534,1.540874719619751
5033,0,-0.06030135974287987,1.0488998889923096
5034,0,0.07190047949552536,0.17754611372947693
5035,0,0.065090611577034,2.0371763706207275
5036,0,0.12990403175354004,1.9426311254501343
5037,0,0.5234318375587463,2.108189344406128
5038,0,0.4163622558116913,0.5029938817024231
5039,0,0.6457566022872925,1.5353251695632935
5040,0,-0.3559296727180481,1.437848687171936
5041,0,0.10161181539297104,1.9435384273529053
5042,0,-0.21470792591571808,0.28571584820747375
5043,0,-0.2497744858264923,0.0850299745798111
5044,0,-0.04939959943294525,0.4527854025363922
5045,0,0.04996808245778084,2.5490071773529053
5046,0,-0.04996808245778084,1.1934971809387207
5047,0,-0.14522328972816467,0.15683069825172424
5048,0,0.07263598591089249,0.5572872757911682
5049,0,0.025214528664946556,0.4322837293148041
5050,0,0.3843208849430084,0.6040983200073242
5051,0,0.34248337149620056,0.7783129811286926
5052,0,0.09499531984329224,0.13077206909656525
5053,0,-0.11319105327129364,0.20898623764514923
5054,0,0.025214528664946556,0.7537895441055298
5055,0,0.28166571259498596,0.5588167905807495
5056,0,-0.08280224353075027,0.7537895441055298
5057,0,-0.2150040864944458,0.6199845671653748
5058,0,-0.2150040864944458,0.6685951948165894
5059,0,0.7081217765808105,1.8964388370513916
5060,0,1.2189477682113647,1.4921557903289795
5061,0,0.21388307213783264,0.8153001070022583
5062,0,-0.3380204439163208,0.8024080395698547
5063,0,-0.17908690869808197,0.7506431937217712
5064,0,-0.02633553557097912,0.23201604187488556
5065,0,0.13733132183551788,0.23329734802246094
5066,0,-0.14522328972816467,0.7480313777923584
5067,0,-0.05389640852808952,0.28284746408462524
5068,0,-0.2150040864944458,1.020377516746521
5069,0,0.4480868875980377,1.7849681377410889
5070,0,-0.6799096465110779,1.3288675546646118
5071,0,-0.25324004888534546,1.039261817932129
5072,0,-0.14522328972816467,1.039261817932129
5073,0,-0.3854418992996216,1.3073452711105347
5074,0,-0.08280224353075027,1.3073452711105347
5075,0,0.5680727958679199,1.039261817932129
5076,0,0.7081217765808105,1.039261817932129
5077,0,0.08423155546188354,0.2781111001968384
5078,0,0.7433762550354004,2.5329339504241943
5079,0,-0.056055422872304916,1.0358271598815918
5080,0,0.13793396949768066,1.5712817907333374
5081,0,0.23262739181518555,0.327556848526001
5082,0,0.16501310467720032,0.18168357014656067
5083,0,0.3327198326587677,1.4913020133972168
5084,0,0.07342666387557983,0.1309116780757904
5085,0,0.175048366189003,2.047081232070923
5086,0,0.046471256762742996,1.962659478187561
5087,0,0.09659314900636673,1.6093072891235352
5088,0,0.651560366153717,1.4105619192123413
5089,0,1.6741704940795898,1.5941001176834106
5090,0,1.9390616416931152,2.6038849353790283
5091,0,0.8625305891036987,3.2194583415985107
5092,0,0.2591139078140259,0.6366689801216125
5513,0,0.6508750319480896,1.3288546800613403
5514,0,0.8744037747383118,1.118798851966858
5515,0,0.13220183551311493,0.11742611229419708
5516,0,1.4000883102416992,0.1346299648284912
5517,0,1.0857164859771729,0.5402038097381592
5518,0,0.6750600934028625,1.3330339193344116
5519,0,-0.9175975322723389,0.23935990035533905
5520,0,3.4913339614868164,0.11588752269744873
5521,0,-0.160644993185997,0.4207399785518646
5522,0,-0.8517016768455505,0.08843576908111572
5523,0,-0.4256560206413269,1.0295441150665283
5524,0,-0.6891109943389893,0.9173111915588379
5585,0,0.8783374428749084,1.320688009262085
5586,0,2.3658151626586914,1.7022182941436768
5587,0,-0.42831185460090637,1.7887779474258423
5588,0,4.624007701873779,1.9199473857879639
5629,0,1.7210599184036255,1.824058175086975
5630,0,0.6499726176261902,2.5196545124053955
5631,0,1.8532617092132568,2.7078661918640137
5632,0,1.5840085744857788,1.3927733898162842
5633,0,1.5048975944519043,2.489454746246338
5634,0,0.12702755630016327,0.3838008940219879
5635,0,1.606764316558838,1.6676409244537354
5636,0,0.358457088470459,0.3805934190750122
5642,0,0.10801676660776138,1.038832426071167
5643,0,0.6508750319480896,0.5948614478111267
5644,0,3.3870644569396973,1.0147384405136108
5645,0,-0.5428582429885864,0.9784380197525024
5646,0,-0.04939959943294525,0.8144563436508179
5647,0,1.2015804052352905,0.8447122573852539
5648,0,2.2935006618499756,0.6620635986328125
5649,0,2.9276857376098633,0.5117348432540894
5650,0,-0.6052793264389038,0.23341724276542664
5671,0,-0.07165861129760742,0.9862135648727417
5672,0,1.7440438270568848,1.7659715414047241
5673,0,1.7440438270568848,0.1398748904466629
5674,0,1.1861860752105713,1.1936488151550293
5675,0,-0.6471371650695801,0.20970866084098816
5676,0,0.8051583766937256,1.1568137407302856
5677,0,-0.11102414131164551,0.3100276589393616
5678,0,1.4347845315933228,2.2937912940979004
5679,0,1.7440438270568848,2.2841103076934814
5680,0,0.8835463523864746,2.833190679550171
5681,0,1.6500780582427979,1.4825443029403687
5682,0,0.5337899327278137,0.2436693161725998
5683,0,1.13858163356781,0.24024100601673126
5684,0,0.6170114278793335,1.2487815618515015
5685,0,0.0,1.2472909688949585
5686,0,1.009981393814087,1.8300113677978516
5687,0,0.0,1.7389882802963257
5688,0,1.496372938156128,1.4750924110412598
5689,0,0.8687343001365662,2.1938610076904297
5690,0,0.9917506575584412,1.4717644453048706
5691,0,1.009981393814087,1.9870731830596924
5692,0,0.0,1.761042833328247
5693,0,0.3591063618659973,1.1545665264129639
5694,0,0.0,2.2928130626678467
5695,0,1.0615314245224,1.4655888080596924
5696,0,1.654841661453247,1.6042089462280273
5697,0,1.991546392440796,2.3335604667663574
5698,0,1.5492380857467651,2.4252734184265137
5699,0,0.0,1.1472976207733154
5700,0,0.2402186095714569,1.7941789627075195
5701,0,0.09132687747478485,0.8930872082710266
5702,0,0.0,1.46157968044281
5703,0,0.2402186095714569,0.1921539008617401
5704,0,0.17043781280517578,0.7984485626220703
5705,0,0.0,0.053251951932907104
5706,0,0.0,0.5018936395645142
5707,0,0.0,0.36717507243156433
5708,0,0.6170114278793335,0.6773141026496887
5709,0,0.09132687747478485,0.8646787405014038
5710,0,1.009981393814087,0.6846834421157837
5711,0,2.0744974613189697,1.6077280044555664
5712,0,0.0,0.8388054966926575
5713,0,0.0,0.6955227255821228
5714,0,0.8213128447532654,1.375593662261963
5715,0,0.0,1.0055921077728271
5716,0,0.7960982918739319,1.1765687465667725
5717,0,0.0,0.4163108468055725
5718,0,1.1937333345413208,0.3030320107936859
5719,0,0.9917506575584412,1.5609214305877686
5720,0,0.9729411005973816,1.2342305183410645
5721,0,0.9535146951675415,2.2709436416625977
5722,0,1.910965919494629,2.0163779258728027
5723,0,1.5119646787643433,1.6643623113632202
5724,0,1.1667990684509277,2.4146149158477783
5725,0,0.6829072833061218,1.9394359588623047
5726,0,0.6170114278793335,2.091965913772583
5727,0,0.0,2.0112295150756836
5728,0,0.17043781280517578,1.4861265420913696
5729,0,0.0,2.1035428047180176
5730,0,1.1667990684509277,1.4825299978256226
5731,0,0.6829072833061218,1.7454185485839844
5732,0,2.2306222915649414,2.4171605110168457
5733,0,2.5683443546295166,2.2259790897369385
5734,0,0.0,1.0291821956634521
5735,0,0.09132687747478485,1.9657272100448608
5736,0,0.0,0.8841532468795776
5737,0,0.17043781280517578,1.1641957759857178
5738,0,0.09132687747478485,0.21392793953418732
5739,0,0.2402186095714569,1.0669705867767334
5740,0,0.0,0.049313150346279144
5741,0,0.17043781280517578,0.3723711371421814
5742,0,0.09132687747478485,0.30659154057502747
5743,0,0.17043781280517578,0.8638302683830261
5744,0,0.17043781280517578,0.7752640247344971
5745,0,0.17043781280517578,0.8420348167419434
5746,0,2.0715129375457764,1.5153567790985107
5747,0,0.09132687747478485,1.0461781024932861
5748,0,0.09132687747478485,0.4412379860877991
5749,0,0.0,0.9047154188156128
5750,0,0.09132687747478485,1.0129640102386475
5751,0,0.17043781280517578,1.023133397102356
5752,0,0.09132687747478485,0.7786775231361389
5753,0,1.5944323539733887,0.3056665062904358
5754,0,0.6982964873313904,1.4010803699493408
5755,0,0.9633074998855591,1.1238754987716675
5756,0,0.9435572624206543,2.2297110557556152
5757,0,0.8687343001365662,1.747825264930725
5758,0,0.9535146951675415,1.4759618043899536
5759,0,1.2502000331878662,2.356961488723755
5760,0,0.5622846484184265,1.7558510303497314
5761,0,0.3591063618659973,1.8712908029556274
5762,0,0.0,1.7132549285888672
5763,0,0.04742146283388138,1.027848482131958
5764,0,0.0,2.0277485847473145
5765,0,0.04742146283388138,1.217423677444458
5766,0,1.1667990684509277,1.1650811433792114
5767,0,1.1528583765029907,2.178366184234619
5768,0,2.151184558868408,1.9687789678573608
5769,0,0.0,1.0112800598144531
5770,0,0.0,1.4201059341430664
5771,0,0.0,0.7115212082862854
5772,0,0.04742146283388138,0.7251715660095215
5773,0,0.04742146283388138,0.17818325757980347
5774,0,0.0,0.9298647046089172
5775,0,0.0,0.06207738444209099
5776,0,0.0,0.25239497423171997
5777,0,0.0,0.19690480828285217
5778,0,0.0,0.7825825214385986
5779,0,0.04742146283388138,0.4128654897212982
5780,0,0.04742146283388138,0.43292373418807983
5781,0,2.0264554023742676,1.1181061267852783
5782,0,0.0,0.6391938328742981
5783,0,0.04742146283388138,0.2926146686077118
5784,0,1.1667990684509277,0.6593783497810364
5785,0,0.04742146283388138,0.7988506555557251
5786,0,1.0857164859771729,0.9097321629524231
5787,0,0.0,0.35871535539627075
5864,0,-0.3482353687286377,0.6781545877456665
5865,0,0.1188877522945404,1.01334547996521
5896,0,-0.11029982566833496,2.426471710205078
5897,0,3.040027141571045,1.844569206237793
6345,0,-0.0026991029735654593,0.5723070502281189
6346,0,0.6958054304122925,0.6256436109542847
6347,0,1.1828622817993164,2.785311222076416
6348,0,1.2710461616516113,2.5408213138580322
6349,0,0.6128783822059631,1.744704246520996
6350,0,-0.2552182078361511,2.3723604679107666
6351,0,-1.2561542987823486,2.3515000343322754
6352,0,1.2452833652496338,1.6751235723495483
6353,0,1.336610198020935,2.0423507690429688
6354,0,1.7387419939041138,1.6380836963653564
6355,0,0.5396178364753723,2.234886646270752
6356,0,0.9798502326011658,1.987370252609253
6357,0,-0.04183751717209816,0.42448925971984863
6358,0,-0.33492130041122437,0.7716072797775269
6359,0,0.5220298767089844,1.1020985841751099
6360,0,1.6168254613876343,0.6499276757240295
6361,0,1.070440649986267,0.7638666033744812
6362,0,-0.19612087309360504,1.6610714197158813
6363,0,0.058909811079502106,0.5545727014541626
6364,0,1.400721549987793,2.309079170227051
6365,0,1.1006083488464355,0.9866096377372742
6366,0,4.390828609466553,3.1238017082214355
6367,0,-0.7609419822692871,0.3587273955345154
6368,0,-0.22690452635288239,0.27910736203193665
6369,0,0.9694560766220093,1.4998328685760498
6370,0,-0.1423875093460083,0.10266872495412827
6371,0,1.9902998208999634,2.9619803428649902
6372,0,1.2987502813339233,2.3330821990966797
6373,0,0.8450669050216675,2.967099666595459
6374,0,-0.03886324167251587,0.9339455366134644
6375,0,1.4514539241790771,2.778172016143799
6376,0,1.3121079206466675,2.4220480918884277
6377,0,1.0935636758804321,1.818240761756897
6378,0,0.05389640852808952,3.044062376022339
6379,0,0.7488812804222107,3.7150778770446777
6380,0,0.35136178135871887,1.5982950925827026
6381,0,1.2296135425567627,2.0356903076171875
6382,0,1.1323561668395996,0.8790419697761536
6383,0,0.8421027660369873,2.541574716567993
6384,0,1.1867965459823608,2.4223217964172363
6385,0,1.0965259075164795,1.0148584842681885
6386,0,0.540974497795105,0.8288146257400513
6387,0,2.6019887924194336,0.6831565499305725
6388,0,0.09534351527690887,0.4198794960975647
6389,0,0.018515631556510925,0.24094200134277344
6390,0,-0.06978078931570053,0.18417765200138092
6391,0,-0.38309553265571594,0.28453177213668823
6392,0,0.8165920972824097,1.6351655721664429
6393,0,-0.2402186095714569,1.6363147497177124
6394,0,1.050457239151001,3.36120867729187
6395,0,-0.5475789904594421,0.8110500574111938
6396,0,-0.21265773475170135,0.20540301501750946
6397,0,0.1912277340888977,0.30506080389022827
6398,0,0.8421027660369873,0.7571550011634827
6399,0,-0.850218653678894,3.2321879863739014
6400,0,1.489182472229004,2.481867551803589
6401,0,0.8189571499824524,2.8251419067382812
6402,0,0.5569091439247131,1.2266656160354614
6403,0,1.0414464473724365,2.5832717418670654
6404,0,1.2552056312561035,2.626372814178467
6405,0,-0.8454979062080383,1.8636391162872314
6406,0,-0.8454979062080383,2.824632167816162
6407,0,0.44517794251441956,1.552027940750122
6408,0,0.9675655961036682,2.206112861633301
6409,0,1.4973200559616089,1.6204111576080322
6410,0,0.045595720410346985,0.8924523591995239
6411,0,-0.43484148383140564,0.4605310559272766
6412,0,1.4459420442581177,1.4924135208129883
6413,0,2.6362249851226807,0.7377516627311707
6414,0,-0.22848650813102722,1.104494571685791
6415,0,-0.7541710138320923,0.45241299271583557
6416,0,0.45625215768814087,1.4795325994491577
6417,0,-0.43484148383140564,1.580702781677246
6418,0,-0.3026396632194519,1.3270372152328491
6419,0,-0.6052793264389038,1.8588377237319946
6420,0,0.18216991424560547,2.17189359664917
6421,0,-0.486391544342041,0.3826243579387665
6422,0,1.0997674465179443,1.2359592914581299
6423,0,0.45625215768814087,0.5714864730834961
6424,0,0.9487559795379639,2.9363226890563965
6425,0,0.4106564223766327,2.3828988075256348
6426,0,0.023236388340592384,2.5672104358673096
6589,0,2.001080274581909,1.5178134441375732
6590,0,2.002138137817383,1.5178134441375732
6591,0,1.6343395709991455,1.5178134441375732
6592,0,0.10615579783916473,1.6895755529403687
6593,0,0.0,1.6895755529403687
6594,0,0.0,1.6895755529403687
6595,0,5.373005390167236,2.1416707038879395
6596,0,5.104349136352539,2.1416707038879395
6597,0,5.097285270690918,2.1416707038879395
6604,0,-0.11936844140291214,2.841280221939087
6605,0,0.786812961101532,3.0718703269958496
6606,0,-0.3697237968444824,3.5190117359161377
6607,0,0.2648344039916992,0.8439639806747437
6608,0,0.8922892808914185,0.5718749165534973
6609,0,0.6100000739097595,0.7683711647987366
6610,0,0.5660946369171143,1.1689151525497437
6611,0,0.8450669050216675,0.7863562703132629
6612,0,0.0,0.34194353222846985
6613,0,0.0,0.3739162087440491
6614,0,0.02633553557097912,0.044343315064907074
6615,0,1.7639565467834473,1.2417235374450684
6616,0,1.212812066078186,1.3736631870269775
6617,0,1.8214198350906372,1.4025084972381592
6618,0,2.204041004180908,0.4438328742980957
6619,0,0.8629055023193359,1.13114333152771
6620,0,0.7498465776443481,2.079728364944458
6621,0,0.051550064235925674,2.0462687015533447
6622,0,1.5070480108261108,1.9058561325073242
6623,0,3.1389987468719482,3.589308500289917
6624,0,0.10801676660776138,1.3312609195709229
6625,0,3.1389987468719482,2.723048448562622
6626,0,2.2370340824127197,1.866527795791626
6627,0,3.1389987468719482,2.8505053520202637
6628,0,1.075722575187683,2.894566059112549
6629,0,1.223834753036499,3.1027495861053467
6630,0,1.2169697284698486,3.242352247238159
2226,1,6.085373401641846,2.640603542327881
2227,1,4.7662200927734375,3.2834391593933105
2228,1,4.986851692199707,2.5143861770629883
2229,1,2.6424343585968018,1.31669020652771
2230,1,4.273555755615234,2.2967991828918457
2231,1,4.48486852645874,2.267544984817505
2232,1,8.801905632019043,2.1308178901672363
2233,1,4.479031562805176,1.9314727783203125
2234,1,0.3806231915950775,1.1913176774978638
2235,1,3.3570311069488525,2.5251238346099854
2236,1,7.201478481292725,2.7950892448425293
2237,1,4.4731364250183105,1.3906495571136475
2238,1,2.9533493518829346,2.632777214050293
2239,1,6.658620357513428,2.5652384757995605
2240,1,3.000711679458618,1.3303182125091553
2241,1,-1.5017473697662354,1.215061902999878
2242,1,4.006605625152588,1.8919070959091187
2243,1,-2.2250730991363525,0.9974148869514465
2244,1,-1.6909488439559937,1.113532543182373
2245,1,3.3328986167907715,2.625398635864258
2246,1,1.07108736038208,3.2156131267547607
2247,1,3.0920286178588867,2.4519925117492676
2248,1,-0.08952336758375168,1.3924089670181274
2249,1,-0.4926644563674927,2.3159518241882324
2250,1,0.9154713153839111,2.181670904159546
2251,1,6.147148609161377,2.5318233966827393
2252,1,-0.7328830361366272,1.804406762123108
2253,1,1.25759756565094,1.4005396366119385
2254,1,5.225429058074951,2.6828815937042236
2255,1,7.61348819732666,2.8317503929138184
2256,1,5.736492156982422,1.2734462022781372
2257,1,3.306267023086548,2.7599191665649414
2258,1,7.056237697601318,2.8450729846954346
2259,1,6.471245765686035,1.5044857263565063
2260,1,5.169495582580566,1.3828661441802979
2261,1,7.184541702270508,1.8706763982772827
2262,1,6.635788440704346,0.9966665506362915
2263,1,7.5441813468933105,1.2083626985549927
2264,1,2.352891206741333,2.3625035285949707
2265,1,0.31460878252983093,3.2459959983825684
2266,1,1.5712368488311768,2.254725217819214
2267,1,-1.3463069200515747,1.1864879131317139
2268,1,2.1565780639648438,2.5254924297332764
2269,1,0.15976271033287048,2.0758144855499268
2270,1,7.687726974487305,2.5057101249694824
2271,1,3.2540266513824463,1.9033714532852173
2272,1,-0.5162599682807922,1.3235502243041992
2273,1,1.500389575958252,2.306880474090576
2274,1,4.539323806762695,2.331697463989258
2275,1,3.345353603363037,1.2003201246261597
2276,1,0.5696492195129395,2.5257277488708496
2277,1,2.177367925643921,2.5364067554473877
2278,1,0.5696492195129395,1.343126654624939
2279,1,0.6170114278793335,1.0735080242156982
2280,1,2.935408115386963,1.6735410690307617
2281,1,0.44681063294410706,0.8183884620666504
2282,1,1.5239337682724,0.7752684354782104
2283,1,5.003495693206787,2.7482895851135254
2284,1,2.9891605377197266,3.2152295112609863
2285,1,4.1582350730896,2.546618700027466
2286,1,-0.013389315456151962,1.3230516910552979
2287,1,3.0342824459075928,2.1903271675109863
2288,1,3.2047202587127686,2.1314151287078857
2289,1,8.445844650268555,2.24283766746521
2290,1,4.481256008148193,1.7919695377349854
2291,1,0.4301895797252655,1.3928471803665161
2292,1,3.3998169898986816,2.397766351699829
2293,1,5.66865873336792,2.4464287757873535
2294,1,3.1820759773254395,1.3827590942382812
2295,1,2.6035408973693848,2.519136905670166
2296,1,5.982758045196533,2.376582145690918
2297,1,1.713875651359558,1.5140691995620728
2298,1,1.3740181922912598,1.136570930480957
2299,1,3.366955280303955,1.7593815326690674
2300,1,1.6760064363479614,1.0985573530197144
2301,1,1.8652080297470093,1.214858055114746
2302,1,0.06601440161466599,0.36847609281539917
2303,1,0.06601440161466599,0.13901874423027039
2304,1,-0.32677778601646423,0.04136977344751358
2305,1,0.9535146951675415,-0.04637166112661362
2306,1,0.9690771698951721,-0.17033140361309052
2307,1,3.1089653968811035,0.047742102295160294
2308,1,0.14070072770118713,-0.14014317095279694
2309,1,0.6553633213043213,-0.13494928181171417
2310,1,0.14070072770118713,-0.13862602412700653
2311,1,-0.28890854120254517,0.4770154058933258
2312,1,0.0,0.19765248894691467
2313,1,2.4987282752990723,-0.2530658543109894
2314,1,0.44245147705078125,0.07818824052810669
2315,1,0.22500719130039215,0.0924542173743248
2316,1,-0.32677778601646423,-0.13117586076259613
2317,1,-0.7354821562767029,-0.10132654011249542
2318,1,0.46855491399765015,-0.11679967492818832
2319,1,-0.8755311369895935,-0.12560535967350006
2320,1,-1.9253305196762085,-0.06653439998626709
2321,1,1.1382291316986084,0.13248392939567566
2322,1,0.7564785480499268,-0.009190434589982033
2323,1,-0.6737069487571716,-0.02411247417330742
2324,1,0.20805256068706512,0.00666389474645257
2325,1,0.9628335237503052,-0.08823168277740479
2326,1,1.9954591989517212,0.06930522620677948
2327,1,0.01779268868267536,-0.166153684258461
2328,1,0.32947757840156555,-0.05594281107187271
2329,1,-0.40133756399154663,-0.2437756061553955
2330,1,0.9154713153839111,0.2491508424282074
2331,1,1.1382291316986084,0.1961737871170044
2332,1,1.1275540590286255,-0.30736440420150757
2333,1,0.2497744858264923,-0.02440601959824562
2334,1,0.10560351610183716,0.00985325314104557
2335,1,0.5528879165649414,-0.24799315631389618
2336,1,-0.07295020669698715,-0.1880241483449936
2337,1,-0.26417794823646545,-0.1979047805070877
2338,1,-0.18506699800491333,-0.2874782979488373
2339,1,-0.6408453583717346,-0.2635839581489563
2340,1,1.111736536026001,0.25862205028533936
2341,1,1.7416746616363525,-0.021733075380325317
2342,1,-0.4834676682949066,-0.25545307993888855
2343,1,-0.9535146951675415,-0.049259938299655914
2344,1,1.2681235074996948,-0.18656714260578156
2345,1,3.345353603363037,-0.006788885686546564
2346,1,-1.7550112009048462,-0.18987512588500977
2347,1,-1.7995165586471558,-0.15460334718227386
2348,1,-1.7396219968795776,-0.22625508904457092
2349,1,2.0894362926483154,0.19501826167106628
2350,1,5.228435039520264,-0.027812767773866653
2351,1,3.072984218597412,-0.38083741068840027
2352,1,1.8109817504882812,0.029235055670142174
2353,1,4.577856063842773,-0.009354526177048683
2354,1,1.774827480316162,-0.4148336350917816
2355,1,-2.24299955368042,-0.23546752333641052
2356,1,5.530481815338135,-0.22433193027973175
2357,1,-0.8384865522384644,-0.33556118607521057
2358,1,0.20706579089164734,-0.29105523228645325
2359,1,2.486466407775879,0.3298662304878235
2360,1,0.9109824895858765,0.017274852842092514
2361,1,0.04153655096888542,-0.10545705258846283
2362,1,-0.7847340703010559,-0.027109205722808838
2363,1,0.33107247948646545,-0.19925203919410706
2364,1,0.5527053475379944,-0.14806672930717468
2365,1,0.1687806099653244,-0.21655818819999695
2366,1,-0.45318859815597534,-0.14042063057422638
2367,1,0.0889580100774765,-0.229906365275383
2368,1,-0.08912444859743118,0.0864713042974472
2369,1,0.47637805342674255,-0.10297741740942001
2370,1,2.491424083709717,-0.44383955001831055
2371,1,0.4301895797252655,-0.012359422631561756
2372,1,0.6714746952056885,-0.07100315392017365
2373,1,-0.45318859815597534,-0.20073387026786804
2374,1,-1.1806398630142212,-0.19348987936973572
2375,1,2.0356457233428955,-0.2530161440372467
2376,1,-1.647277593612671,-0.33483994007110596
2377,1,-1.553667664527893,-0.24865075945854187
2378,1,5.294449329376221,2.002919912338257
2379,1,4.158527851104736,2.1622395515441895
2380,1,2.3505473136901855,1.4204450845718384
2381,1,3.32909893989563,1.034396767616272
2382,1,3.5814502239227295,1.2179497480392456
2383,1,4.233213901519775,1.2505805492401123
2384,1,4.4166107177734375,0.7096078991889954
2385,1,3.6518237590789795,1.0730284452438354
2386,1,3.954936981201172,0.640852153301239
2387,1,4.317520618438721,1.8195469379425049
2388,1,6.820855617523193,1.4043242931365967
2389,1,4.092513084411621,0.06311483681201935
2390,1,3.681856870651245,1.4630833864212036
2391,1,6.425761699676514,1.4361207485198975
2392,1,3.6518237590789795,0.8706270456314087
2393,1,4.233213901519775,0.6816470623016357
2394,1,3.884089708328247,0.6388695240020752
2395,1,4.4731364250183105,0.4383470118045807
2396,1,4.158527851104736,0.6246696710586548
2397,1,3.599848985671997,1.922001838684082
2398,1,3.48482084274292,2.15252685546875
2399,1,1.504980206489563,1.4931414127349854
2400,1,2.087496757507324,0.940093994140625
2401,1,1.4817438125610352,1.0737757682800293
2402,1,3.074164390563965,1.3957085609436035
2403,1,2.279642343521118,0.6399945020675659
2404,1,1.4817438125610352,1.1325843334197998
2405,1,2.5024001598358154,0.5909165143966675
2406,1,2.698713541030884,1.8824421167373657
2407,1,4.923678398132324,1.6026824712753296
2408,1,3.388773202896118,0.2204887419939041
2409,1,1.968727469444275,1.5345209836959839
2410,1,3.0410115718841553,1.544677972793579
2411,1,1.6936486959457397,0.6899478435516357
2412,1,1.7099932432174683,0.6744539141654968
2413,1,3.4516680240631104,0.6652677059173584
2414,1,2.4808542728424072,0.30382537841796875
2415,1,2.195336103439331,0.5287593603134155
2416,1,3.1389987468719482,1.7027515172958374
2417,1,1.1732311248779297,1.9530671834945679
2418,1,0.8897486925125122,1.3750922679901123
2419,1,0.8131969571113586,0.663676381111145
2420,1,0.937170147895813,0.8177089691162109
2421,1,4.94998025894165,1.16672682762146
2422,1,0.6687392592430115,0.5180118083953857
2423,1,0.25873422622680664,0.756565511226654
2424,1,1.331018328666687,0.41262882947921753
2425,1,0.017864227294921875,1.5582029819488525
2426,1,2.8881049156188965,1.1681623458862305
2427,1,1.933820366859436,-0.00016837120347190648
2428,1,2.2216382026672363,1.242557406425476
2429,1,3.2136850357055664,1.2281187772750854
2430,1,0.5256845355033875,0.5140849351882935
2431,1,-0.06601440161466599,0.4974821209907532
2432,1,3.345353603363037,0.516754150390625
2433,1,-0.8788283467292786,0.2607516348361969
2434,1,2.935408115386963,0.3478916585445404
2435,1,5.584234237670898,1.98567795753479
2436,1,3.5919625759124756,2.483745813369751
2437,1,2.466209650039673,1.608614206314087
2438,1,2.9262657165527344,1.0138025283813477
2439,1,2.5478909015655518,1.148755669593811
2440,1,3.1820759773254395,1.2632228136062622
2441,1,2.471339225769043,0.7892578840255737
2442,1,1.7529135942459106,1.2191303968429565
2443,1,2.0356457233428955,0.6823120713233948
2444,1,3.254415988922119,1.6734540462493896
2445,1,4.956133842468262,1.3119767904281616
2446,1,2.0356457233428955,0.2535746097564697
2447,1,2.940316677093506,1.6324245929718018
2448,1,4.797141075134277,1.5873959064483643
2449,1,3.5076560974121094,0.8833988308906555
2450,1,3.63932466506958,0.8072189092636108
2451,1,1.9727510213851929,0.617445170879364
2452,1,3.366955280303955,0.6143850088119507
2453,1,3.0342824459075928,0.6308057308197021
2454,1,3.622680902481079,1.9053261280059814
2455,1,2.3332483768463135,2.296579360961914
2456,1,2.79435658454895,1.417967438697815
2457,1,2.728342294692993,0.7983938455581665
2458,1,2.4394335746765137,0.9206873178482056
2459,1,2.9093847274780273,0.9295777082443237
2460,1,2.590765953063965,1.1926515102386475
2461,1,2.8690428733825684,0.44896215200424194
2462,1,2.6424343585968018,0.8593639135360718
2463,1,2.6983089447021484,0.6057207584381104
2464,1,2.3332483768463135,1.400237798690796
2465,1,0.881759524345398,1.1326109170913696
2466,1,3.5946455001831055,0.05426151677966118
2467,1,1.3341379165649414,1.168705701828003
2468,1,2.089729070663452,0.48781561851501465
2469,1,3.622680902481079,0.7302573323249817
2470,1,3.681856870651245,0.2223006784915924
2471,1,2.669166088104248,0.2065766304731369
2472,1,3.1600215435028076,0.2915198802947998
2473,1,2.120649576187134,1.5933315753936768
2474,1,1.2032891511917114,2.229619026184082
2475,1,1.8462116718292236,1.3531497716903687
2476,1,1.4026328325271606,0.9333264231681824
2477,1,1.159019112586975,0.9987931251525879
2478,1,1.504980206489563,0.8138856887817383
2479,1,3.2103826999664307,1.1208734512329102
2480,1,1.07108736038208,0.43649822473526
2481,1,0.7233257293701172,0.7735210061073303
2482,1,1.1487152576446533,0.2807477116584778
2483,1,1.2126933336257935,1.4068667888641357
2484,1,0.5779248476028442,1.3860347270965576
2485,1,2.120649576187134,-0.05697030946612358
2486,1,0.660430908203125,1.0012602806091309
2487,1,0.6904641389846802,0.12732145190238953
2488,1,1.3641711473464966,0.5987848043441772
2489,1,1.4817438125610352,0.04738958925008774
2490,1,1.248884916305542,-0.05071871355175972
2491,1,1.530076026916504,0.1293134242296219
2492,1,2.7119977474212646,1.5469261407852173
2493,1,2.0894362926483154,1.9123179912567139
2494,1,3.1751527786254883,1.1186549663543701
2495,1,2.371582269668579,0.5241948366165161
2496,1,0.0947713702917099,0.7920671701431274
2497,1,4.2522759437561035,0.5494678616523743
2498,1,3.76448392868042,1.1097631454467773
2499,1,0.5696492195129395,0.371745228767395
2500,1,0.7369973063468933,0.6203384399414062
2501,1,1.5712368488311768,0.2446248084306717
2502,1,2.118342161178589,1.1661819219589233
2503,1,0.25873422622680664,1.1907446384429932
2504,1,2.7119977474212646,-0.07839928567409515
2505,1,1.2821743488311768,0.9336991310119629
2506,1,1.7088130712509155,0.3436686098575592
2507,1,3.618090867996216,0.40473097562789917
2508,1,2.0894362926483154,0.038437891751527786
2509,1,1.8898556232452393,-0.05578296259045601
2510,1,1.8495138883590698,0.23768801987171173
2511,1,2.104952812194824,1.799830675125122
2512,1,1.0192363262176514,2.134486436843872
2513,1,1.9436081647872925,1.3934246301651
2514,1,1.1746745109558105,0.7133756875991821
2515,1,0.1275499165058136,1.0253796577453613
2516,1,2.1434850692749023,0.8467901349067688
2517,1,2.275153636932373,0.9991328120231628
2518,1,0.779313862323761,0.7249611020088196
2519,1,-0.6233893632888794,1.0681161880493164
2520,1,-0.18949657678604126,0.674406886100769
2521,1,1.1020385026931763,1.2784777879714966
2522,1,0.5527053475379944,1.003178358078003
2523,1,0.1687806099653244,-0.13529391586780548
2524,1,0.18353120982646942,1.2451635599136353
2525,1,0.5260738134384155,0.5907632112503052
2526,1,1.9436081647872925,0.8781211972236633
2527,1,1.275046706199646,0.0314650759100914
2528,1,0.779313862323761,0.42655959725379944
2529,1,1.5477023124694824,0.570686936378479
2530,1,3.176107168197632,2.7381508350372314
2531,1,2.5434629917144775,2.918224811553955
2532,1,2.8690428733825684,2.538881778717041
2533,1,2.5434629917144775,1.4701826572418213
2534,1,3.463747262954712,1.9496867656707764
2535,1,3.3040621280670166,2.113213062286377
2536,1,8.56564998626709,2.025700330734253
2537,1,0.6844465732574463,1.2714474201202393
2538,1,2.109262228012085,1.8633110523223877
2539,1,1.2265949249267578,1.3954010009765625
2540,1,3.000711679458618,2.881650686264038
2541,1,6.296296119689941,3.0399532318115234
2542,1,3.1654322147369385,1.5240216255187988
2543,1,3.1545610427856445,2.7592532634735107
2544,1,5.015994548797607,2.591015577316284
2545,1,1.5891783237457275,1.8396127223968506
2546,1,0.18104250729084015,0.8484991192817688
2547,1,2.9093847274780273,1.8154665231704712
2548,1,0.3923552930355072,0.9067549705505371
2549,1,4.185900688171387,2.497887372970581
2550,1,3.2103826999664307,3.0526721477508545
2551,1,3.6438136100769043,2.5800068378448486
2552,1,3.4516680240631104,1.6356937885284424
2553,1,4.185900688171387,1.9718501567840576
2554,1,5.055346965789795,2.205620765686035
2555,1,5.367161273956299,2.103733777999878
2556,1,1.3749107122421265,1.4926443099975586
2557,1,3.931631326675415,2.040973663330078
2558,1,2.8123996257781982,1.498368501663208
2559,1,3.6438136100769043,2.890659809112549
2560,1,6.419517993927002,2.80627179145813
2561,1,4.4940690994262695,1.4477283954620361
2562,1,4.6970696449279785,2.788132667541504
2563,1,6.419517993927002,2.6083812713623047
2564,1,2.378732442855835,1.842523217201233
2565,1,0.4820406138896942,0.9844205975532532
2566,1,4.372321128845215,1.6223520040512085
2567,1,0.23538224399089813,1.0119524002075195
2568,1,6.402083396911621,2.106563091278076
2569,1,5.474548816680908,2.6938557624816895
2570,1,5.162713527679443,2.329315662384033
2571,1,3.2540266513824463,1.6189634799957275
2572,1,3.5100741386413574,1.682795763015747
2573,1,5.474548816680908,1.9465901851654053
2574,1,6.6544342041015625,1.7573354244232178
2575,1,2.5751163959503174,1.1501843929290771
2576,1,2.864560604095459,1.6143608093261719
2577,1,3.1389987468719482,1.2786000967025757
2578,1,5.6164469718933105,2.615133762359619
2579,1,5.7712931632995605,2.761439085006714
2580,1,5.512417793273926,1.3617627620697021
2581,1,4.503169536590576,2.3366189002990723
2582,1,4.618197917938232,2.30126953125
2583,1,3.4711196422576904,1.8026005029678345
2584,1,0.6170114278793335,0.691503643989563
2585,1,4.470016956329346,1.3507959842681885
2586,1,-0.3641657531261444,0.775249719619751
2587,1,2.8423960208892822,2.1473450660705566
2588,1,1.9436081647872925,2.7435269355773926
2589,1,2.0356457233428955,2.1917648315429688
2590,1,1.6952435970306396,1.3920091390609741
2591,1,4.421689987182617,1.8011337518692017
2592,1,4.871827125549316,1.8216089010238647
2593,1,6.276340007781982,1.681086778640747
2594,1,1.5761455297470093,1.189741849899292
2595,1,3.5919625759124756,1.742091178894043
2596,1,2.002784252166748,1.3291687965393066
2597,1,3.158531904220581,2.2512550354003906
2598,1,2.9118733406066895,2.1514649391174316
2599,1,3.432969808578491,1.1734540462493896
2600,1,3.2810475826263428,2.301433563232422
2601,1,2.0356457233428955,2.181274175643921
2602,1,1.713875651359558,1.6223825216293335
2603,1,0.1687806099653244,0.8942333459854126
2604,1,2.7605485916137695,1.3615589141845703
2605,1,0.38874247670173645,0.8426696062088013
2606,1,3.4861066341400146,2.105553150177002
2607,1,3.191767692565918,2.4174227714538574
2608,1,3.1865932941436768,1.8449733257293701
2609,1,3.5196218490600586,0.9430748820304871
2610,1,2.0660953521728516,1.58486008644104
2611,1,2.669166088104248,1.4314645528793335
2612,1,7.289410591125488,1.4118297100067139
2613,1,2.8305108547210693,1.1646591424942017
2614,1,2.109262228012085,1.4703538417816162
2615,1,2.6158030033111572,0.980860710144043
2616,1,3.5196218490600586,1.840049386024475
2617,1,3.783076763153076,1.6696321964263916
2618,1,0.662769079208374,0.6276739835739136
2619,1,2.478471517562866,1.6555449962615967
2620,1,3.5196218490600586,1.5937049388885498
2621,1,2.79435658454895,1.3256213665008545
2622,1,2.9533493518829346,0.817279040813446
2623,1,3.000711679458618,0.6542192697525024
2624,1,2.4394335746765137,0.6631976366043091
2625,1,0.5779248476028442,2.1482019424438477
2626,1,0.20805256068706512,2.5200448036193848
2627,1,0.4196195602416992,1.9284801483154297
2628,1,-0.08117883652448654,1.2374110221862793
2629,1,-0.34960973262786865,1.5735642910003662
2630,1,-0.01834363117814064,1.4381978511810303
2631,1,6.705569267272949,1.7136646509170532
2632,1,-0.8585862517356873,1.2552369832992554
2633,1,-0.8112831711769104,1.407531499862671
2634,1,-0.7596147656440735,1.0330380201339722
2635,1,0.32947757840156555,1.9899585247039795
2636,1,0.20805256068706512,1.8430906534194946
2637,1,0.6045563817024231,0.5915249586105347
2638,1,-0.01834363117814064,1.8569751977920532
2639,1,0.46085023880004883,1.9305617809295654
2640,1,-0.4926644563674927,1.222503423690796
2641,1,-0.98124760389328,0.8884347677230835
2642,1,0.22063162922859192,0.6105348467826843
2643,1,-0.5330062508583069,0.714699923992157
2644,1,2.0894362926483154,1.176635503768921
2645,1,-0.09604763239622116,1.261461615562439
2646,1,-0.01634453982114792,0.9353969693183899
2647,1,0.11502811312675476,0.5522445440292358
2648,1,0.11502811312675476,0.6635442972183228
2649,1,0.3446420133113861,0.7811578512191772
2650,1,7.390504837036133,1.2996830940246582
2651,1,0.23210270702838898,0.5563106536865234
2652,1,0.20706579089164734,0.5188847780227661
2653,1,0.44681063294410706,0.46778494119644165
2654,1,-0.050451911985874176,0.8922798037528992
2655,1,-0.17991724610328674,0.6938272714614868
2656,1,-0.09604763239622116,0.2682885527610779
2657,1,0.182406947016716,0.8902304768562317
2658,1,0.3446420133113861,0.835300087928772
2659,1,0.5256845355033875,0.41618436574935913
2660,1,0.44681063294410706,0.3061457574367523
2661,1,0.8233245611190796,0.14025205373764038
2662,1,0.94539874792099,0.17965514957904816
2663,1,1.1071680784225464,1.8020756244659424
2664,1,0.053752489387989044,2.045647144317627
2665,1,0.27762654423713684,1.5878294706344604
2666,1,0.5527053475379944,1.132926344871521
2667,1,-0.023633696138858795,1.3185490369796753
2668,1,0.45373380184173584,1.106202483177185
2669,1,7.684475898742676,1.3911081552505493
2670,1,0.22795669734477997,0.9927161335945129
2671,1,0.24351918697357178,1.2014156579971313
2672,1,0.1275499165058136,0.8608154058456421
2673,1,0.33107247948646545,1.6103368997573853
2674,1,0.6386131048202515,1.3788061141967773
2675,1,-0.2777929902076721,0.43623366951942444
2676,1,0.04153655096888542,1.482872724533081
2677,1,0.6714746952056885,1.1407697200775146
2678,1,0.45373380184173584,1.0494385957717896
2679,1,0.22795669734477997,0.7452932596206665
2680,1,0.29397109150886536,0.45747318863868713
2681,1,0.31183531880378723,0.7844477891921997
2682,1,0.6364335417747498,0.7101534605026245
2683,1,0.3806231915950775,0.7984471917152405
2684,1,-0.44068965315818787,0.5249868631362915
2685,1,-0.9835479259490967,0.5345442891120911
2686,1,-0.5496550798416138,0.3486487567424774
2687,1,-0.5496550798416138,0.33543574810028076
2688,1,-0.5245592594146729,0.36624273657798767
2689,1,-0.5110632181167603,0.3316973149776459
2690,1,-0.8281096816062927,0.28027623891830444
2691,1,-0.7799875140190125,0.6465103626251221
2692,1,-0.8513460755348206,0.5659072399139404
2693,1,0.386518269777298,0.22782287001609802
2694,1,-0.727737545967102,0.5972011685371399
2695,1,-0.7200929522514343,0.4667038321495056
2696,1,-0.11253932118415833,0.3362816870212555
2697,1,-0.3075406551361084,0.3175804018974304
2698,1,0.39813536405563354,0.22745446860790253
2699,1,-0.3950939476490021,0.2941959500312805
2700,1,-0.20842353999614716,0.322361558675766
2701,1,0.09338758140802383,0.719947099685669
2702,1,-0.12412893772125244,0.6876084208488464
2703,1,-0.5715383291244507,0.5186729431152344
2704,1,-2.005016565322876,0.33194535970687866
2705,1,-1.5250530242919922,0.38462162017822266
2706,1,-0.26417794823646545,0.32975631952285767
2707,1,-2.9233665466308594,0.4409494400024414
2708,1,-1.6513597965240479,0.40793904662132263
2709,1,-1.5744526386260986,0.2285269796848297
2710,1,-0.6408453583717346,0.6306810975074768
2711,1,-0.4926644563674927,0.5539911985397339
2712,1,-0.4486997723579407,0.19780270755290985
2713,1,-0.8112831711769104,0.5311610102653503
2714,1,-1.4290053844451904,0.5218671560287476
2715,1,-1.7655086517333984,0.31284695863723755
2716,1,-1.8568356037139893,0.33363986015319824
2717,1,-0.13764554262161255,0.19824746251106262
2718,1,-0.9626154899597168,0.15805459022521973
2719,1,-2.005016565322876,0.26485371589660645
2720,1,-0.34582212567329407,1.2781084775924683
2721,1,-0.6389058828353882,1.5188865661621094
2722,1,0.13621847331523895,1.100074052810669
2723,1,-0.9866675138473511,0.6366184949874878
2724,1,1.331018328666687,0.8450462222099304
2725,1,1.1977499723434448,0.7761775255203247
2726,1,1.1842538118362427,0.38870757818222046
2727,1,1.7416746616363525,0.623124897480011
2728,1,-0.03315281495451927,0.39366817474365234
2729,1,-0.9173604846000671,1.065255880355835
2730,1,-2.5212764739990234,0.8722928762435913
2731,1,0.3446420133113861,0.2781287729740143
2732,1,-1.4146230220794678,0.9481601715087891
2733,1,-2.24299955368042,0.6657376289367676
2734,1,-0.216517373919487,0.6288355588912964
2735,1,1.3820353746414185,0.5041542053222656
2736,1,1.10240638256073,0.34759846329689026
2737,1,0.8574670553207397,0.33367717266082764
2738,1,0.48534274101257324,0.39132338762283325
2739,1,0.053752489387989044,1.704043984413147
2740,1,-0.18949657678604126,1.288539171218872
2741,1,0.06572162359952927,1.0923316478729248
2742,1,-0.3274226188659668,0.5905812382698059
2743,1,-0.31041327118873596,0.8521587252616882
2744,1,-0.10867909342050552,0.8730249404907227
2745,1,-0.1413743942975998,0.5162284970283508
2746,1,-0.023633696138858795,0.7294641137123108
2747,1,-0.5005508065223694,0.4940416216850281
2748,1,-0.12480123341083527,1.1000936031341553
2749,1,-1.033098578453064,1.0582153797149658
2750,1,0.11405384540557861,0.41446810960769653
2751,1,-0.31602898240089417,0.847581684589386
2752,1,-0.6233893632888794,0.7726345062255859
2753,1,0.27762654423713684,0.741182267665863
2754,1,-0.3449347913265228,0.4900130331516266
2755,1,0.31183531880378723,0.5790435671806335
2756,1,-0.40146076679229736,0.5214223861694336
2757,1,-0.5005508065223694,0.5162445306777954
2758,1,1.8224222660064697,1.1269282102584839
2759,1,0.18104250729084015,1.2655972242355347
2760,1,-0.42663875222206116,0.9142106771469116
2761,1,0.5032691359519958,0.9416126012802124
2762,1,1.2019360065460205,1.065140962600708
2763,1,0.3806231915950775,0.7790064215660095
2764,1,2.0763397216796875,0.9982531666755676
2765,1,0.3806231915950775,0.6813106536865234
2766,1,1.5452135801315308,0.8392233848571777
2767,1,0.4262188971042633,0.4717461168766022
2768,1,-0.3609865605831146,1.0437554121017456
2769,1,-0.5110632181167603,1.1946383714675903
2770,1,-0.5728914737701416,0.5426828861236572
2771,1,0.18104250729084015,0.6285232305526733
2772,1,0.14070072770118713,0.6113791465759277
2773,1,1.0933265686035156,0.4002702236175537
2774,1,-0.3777948319911957,0.19293972849845886
2775,1,1.0752625465393066,0.44482421875
2776,1,1.019529104232788,0.5723602175712585
2777,1,1.248884916305542,1.228219985961914
2778,1,0.7564785480499268,1.3634754419326782
2779,1,0.46085023880004883,1.1857333183288574
2780,1,0.9628335237503052,0.6845013499259949
2781,1,0.8715066909790039,1.0491740703582764
2782,1,0.16590487957000732,0.8447326421737671
2783,1,1.2661839723587036,0.7753214836120605
2784,1,0.401555597782135,0.6966502070426941
2785,1,0.6312880516052246,0.8329423666000366
2786,1,0.20805256068706512,0.5318121910095215
2787,1,0.660430908203125,1.167374610900879
2788,1,0.6312880516052246,1.4083112478256226
2789,1,0.2497744858264923,0.5822453498840332
2790,1,1.1329156160354614,0.5532058477401733
2791,1,1.014561414718628,0.8467057943344116
2792,1,0.9628335237503052,0.37495341897010803
2793,1,-0.6408453583717346,0.23966865241527557
2794,1,0.5055848360061646,0.18905390799045563
2795,1,0.8311648964881897,0.44988375902175903
2796,1,-0.8384865522384644,1.4604997634887695
2797,1,-0.6100000739097595,1.8210433721542358
2798,1,-0.3073604106903076,1.4986616373062134
2799,1,-0.6156694889068604,0.8276904821395874
2800,1,0.4106564223766327,1.0566155910491943
2801,1,0.8897486925125122,1.0203635692596436
2802,1,1.347826600074768,1.0573656558990479
2803,1,-0.32802942395210266,0.6885663866996765
2804,1,1.1239525079727173,0.8367207646369934
2805,1,-0.5612779259681702,0.474077045917511
2806,1,-0.3908401131629944,1.4825083017349243
2807,1,-0.5933101773262024,1.160569429397583
2808,1,-0.5308891534805298,0.9670678377151489
2809,1,-0.11043988913297653,0.8093985319137573
2810,1,-0.5933101773262024,0.8032539486885071
2811,1,-0.7945218682289124,0.4511949419975281
2812,1,0.13621847331523895,0.4062327742576599
2813,1,-0.6954318284988403,0.28463220596313477
2814,1,-1.10543692111969,0.37631288170814514
2815,1,-0.7255579829216003,1.1983250379562378
2816,1,-2.572140693664551,1.5551649332046509
2817,1,-2.587596893310547,1.3366786241531372
2818,1,-0.5848572254180908,0.8759118914604187
2819,1,-0.9551718831062317,1.0717350244522095
2820,1,-1.9490283727645874,0.8707650303840637
2821,1,0.0,1.0352404117584229
2822,1,-1.8173596858978271,0.6209207773208618
2823,1,-1.3446379899978638,0.8313419222831726
2824,1,-1.1662476062774658,0.4526733458042145
2825,1,-0.6595435738563538,1.151003122329712
2826,1,-0.6233893632888794,1.0408412218093872
2827,1,-0.6233893632888794,0.787199854850769
2828,1,0.03220640495419502,0.6026180982589722
2829,1,-0.40146076679229736,0.7400645017623901
2830,1,-0.7255579829216003,0.4729214608669281
2831,1,-0.6926963925361633,0.2714197635650635
2832,1,-0.5848572254180908,0.3226360082626343
2833,1,-0.013389315456151962,0.3775750696659088
2834,1,-1.0918017625808716,0.7903545498847961
2835,1,-0.13757623732089996,0.25708630681037903
2836,1,2.5434629917144775,0.02557138167321682
2837,1,0.7019242644309998,0.15963463485240936
2838,1,2.0763397216796875,0.04633774608373642
2839,1,0.32409724593162537,0.2428497076034546
2840,1,1.7506893873214722,0.029400348663330078
2841,1,2.3673555850982666,0.071184441447258
2842,1,1.6365405321121216,-0.09397996962070465
2843,1,0.9535146951675415,0.26864296197891235
2844,1,3.1089653968811035,0.1503123790025711
2845,1,1.5891783237457275,-0.21523013710975647
2846,1,2.383700132369995,0.32069796323776245
2847,1,2.6158030033111572,0.20920738577842712
2848,1,-0.9835479259490967,-0.2735966742038727
2849,1,0.10216860473155975,0.01711522601544857
2850,1,1.744794249534607,-0.029395747929811478
2851,1,-0.9835479259490967,-0.1240704208612442
2852,1,1.0566304922103882,-0.0935642346739769
2853,1,0.23538224399089813,1.1776254177093506
2854,1,0.9154713153839111,0.3161529302597046
2855,1,1.1791040897369385,0.020204920321702957
2856,1,2.553067922592163,0.2265101671218872
2857,1,2.8123996257781982,0.08882415294647217
2858,1,0.263825386762619,0.47423067688941956
2859,1,3.1298978328704834,0.09180036932229996
2860,1,4.372321128845215,0.09935739636421204
2861,1,2.195336103439331,-0.09792313724756241
2862,1,1.6139456033706665,0.3671747148036957
2863,1,2.497086763381958,0.20890410244464874
2864,1,3.306267023086548,-0.24345800280570984
2865,1,2.7997264862060547,0.5426368713378906
2866,1,1.4575586318969727,0.378269761800766
2867,1,1.504980206489563,-0.22685594856739044
2868,1,1.4817438125610352,0.09210529923439026
2869,1,4.848991870880127,0.030053412541747093
2870,1,1.2032891511917114,-0.11086922883987427
2871,1,1.6439788341522217,-0.08425106853246689
2872,1,1.29815673828125,0.6068507432937622
2873,1,0.9117754697799683,0.17846998572349548
2874,1,1.4199045896530151,0.0009601592901162803
2875,1,1.933820366859436,0.164629727602005
2876,1,1.6787798404693604,0.07657824456691742
2877,1,1.0800471305847168,0.1671580970287323
2878,1,2.4107375144958496,0.008785044774413109
2879,1,1.98118257522583,0.0873691514134407
2880,1,2.1565780639648438,-0.1228569895029068
2881,1,1.2821743488311768,0.2646622657775879
2882,1,2.8881049156188965,0.21580128371715546
2883,1,2.935408115386963,-0.22381551563739777
2884,1,2.0329103469848633,0.3108012080192566
2885,1,1.98118257522583,0.27466756105422974
2886,1,2.192495346069336,-0.17543631792068481
2887,1,0.11502811312675476,-0.022597437724471092
2888,1,3.4711196422576904,-0.06144508719444275
2889,1,0.48534274101257324,-0.14409621059894562
2890,1,1.4012725353240967,-0.13585171103477478
2891,1,1.2227966785430908,0.6767743229866028
2892,1,1.6076903343200684,0.12349507957696915
2893,1,2.611656904220581,-0.013160335831344128
2894,1,2.728342294692993,0.09853248298168182
2895,1,3.0342824459075928,0.05345550924539566
2896,1,1.0968642234802246,0.09778769314289093
2897,1,2.6581475734710693,-0.020997608080506325
2898,1,4.092513084411621,-0.006418272852897644
2899,1,2.7940638065338135,-0.1412121206521988
2900,1,2.275153636932373,0.16814878582954407
2901,1,1.62498939037323,0.1419384777545929
2902,1,2.5250134468078613,-0.22304236888885498
2903,1,2.956298828125,0.3234584927558899
2904,1,1.9727510213851929,0.22512200474739075
2905,1,2.738189220428467,-0.13775797188282013
2906,1,3.022313356399536,-0.016012627631425858
2907,1,3.5076560974121094,-0.09452416002750397
2908,1,3.0961108207702637,-0.17347267270088196
2909,1,3.912061929702759,-0.15460193157196045
2910,1,-1.3942043781280518,0.3524568974971771
2911,1,-1.3641711473464966,0.8095113039016724
2912,1,-1.4767104387283325,0.3115087151527405
2913,1,-0.11253932118415833,0.14935043454170227
2914,1,0.032861582934856415,0.2772655487060547
2915,1,-1.29815673828125,0.1200251579284668
2916,1,-1.8340035676956177,0.36357495188713074
2917,1,0.616878867149353,0.08151871711015701
2918,1,-0.030033236369490623,0.22006793320178986
2919,1,-0.20842353999614716,-0.016328120604157448
2920,1,-1.0400738716125488,0.2852310538291931
2921,1,2.3332483768463135,-0.064922995865345
2922,1,-0.18487930297851562,0.4101865291595459
2923,1,2.3332483768463135,0.31454455852508545
2924,1,-0.7354821562767029,0.07607411593198776
2925,1,2.3673555850982666,0.010714888572692871
2926,1,1.5891783237457275,0.008282965049147606
2927,1,2.5661070346832275,-0.14007572829723358
2928,1,2.17868709564209,-0.10307826101779938
2929,1,-0.5715383291244507,0.35184407234191895
2930,1,-1.6455227136611938,1.018967866897583
2931,1,-1.3463784456253052,0.41355547308921814
2932,1,0.6045563817024231,0.07361789047718048
2933,1,0.34582212567329407,0.361071914434433
2934,1,0.5528879165649414,0.1591186821460724
2935,1,-2.959597587585449,0.5706707239151001
2936,1,2.6471633911132812,0.14028029143810272
2937,1,0.8715066909790039,0.23401398956775665
2938,1,1.07108736038208,-0.010019123554229736
2939,1,-3.0779519081115723,0.2835542857646942
2940,1,2.6217687129974365,-0.05791590362787247
2941,1,0.3829234838485718,0.4911108911037445
2942,1,-1.0183489322662354,0.3964664041996002
2943,1,-0.5330062508583069,0.0645914077758789
2944,1,1.8462116718292236,0.10580839216709137
2945,1,1.8697559833526611,-0.004001200199127197
2946,1,1.6768404245376587,-0.10866962373256683
2947,1,1.721962332725525,-0.0906197652220726
2948,1,0.28546592593193054,0.4050162434577942
2949,1,-0.03315281495451927,0.6490349769592285
2950,1,0.48534274101257324,0.26049748063087463
2951,1,0.5696492195129395,0.03830018639564514
2952,1,0.6687392592430115,0.2693667411804199
2953,1,0.5696492195129395,0.11667118221521378
2954,1,1.4791991710662842,0.4128517508506775
2955,1,1.546578049659729,0.053663063794374466
2956,1,0.31460878252983093,0.20309707522392273
2957,1,0.31460878252983093,-0.007336461450904608
2958,1,0.5696492195129395,0.2183179408311844
2959,1,1.1476536989212036,-0.10436873137950897
2960,1,-0.27443793416023254,0.2797141969203949
2961,1,-0.20501308143138885,0.22450284659862518
2962,1,0.28546592593193054,0.039568398147821426
2963,1,-0.17991724610328674,0.0150639358907938
2964,1,1.4589425325393677,-0.10601957887411118
2965,1,0.182406947016716,-0.1228642612695694
2966,1,0.05573347210884094,-0.032247625291347504
2967,1,0.31183531880378723,0.3458563983440399
2968,1,0.33107247948646545,0.7985590696334839
2969,1,0.4089992046356201,0.27278780937194824
2970,1,0.3497045636177063,0.10278914123773575
2971,1,-0.2418758124113083,0.2778518497943878
2972,1,0.009847073815762997,0.1668107956647873
2973,1,0.5794370174407959,0.3814052939414978
2974,1,0.7407817244529724,0.025167161598801613
2975,1,0.1979234665632248,0.1869673728942871
2976,1,0.1407453864812851,-0.07026691734790802
2977,1,0.9109824895858765,0.20048029720783234
2978,1,0.5794370174407959,-0.18827490508556366
2979,1,0.24351918697357178,0.31071728467941284
2980,1,0.9627103805541992,0.20887312293052673
2981,1,-0.12480123341083527,-0.02862035110592842
2982,1,-0.1413743942975998,0.07742754369974136
2983,1,0.5794370174407959,-0.048994630575180054
2984,1,-0.10867909342050552,-0.07235348969697952
2985,1,0.5260738134384155,0.009111305698752403
2986,1,7.472139358520508,1.2540279626846313
2987,1,7.2265849113464355,1.4303514957427979
2988,1,4.977166652679443,1.0658371448516846
2989,1,7.98739767074585,0.7134309411048889
2990,1,8.920000076293945,1.4398691654205322
2991,1,8.483975410461426,1.3716232776641846
2992,1,8.027130126953125,0.5426069498062134
2993,1,8.097977638244629,0.3682017922401428
2994,1,7.297601222991943,0.8335380554199219
2995,1,8.392894744873047,0.8812198638916016
2996,1,7.327796459197998,0.9145252108573914
2997,1,5.259514808654785,0.7061401009559631
2998,1,6.506483554840088,1.1159911155700684
2999,1,7.752178192138672,0.3986036777496338
3000,1,9.314399719238281,0.16684980690479279
3001,1,4.892764091491699,0.4694048762321472
3002,1,5.307282447814941,1.0729424953460693
3003,1,5.55207633972168,1.341976284980774
3004,1,5.156419277191162,0.5661335587501526
3005,1,6.780235290527344,0.26680701971054077
3006,1,8.58305835723877,1.1588727235794067
3007,1,8.229696273803711,1.3957273960113525
3008,1,5.593153476715088,0.27689993381500244
3009,1,5.736030578613281,0.20833821594715118
3010,1,6.982303142547607,0.6768630743026733
3011,1,4.974817752838135,0.655372142791748
3012,1,7.194701671600342,0.5130530595779419
3101,1,-8.445844650268555,0.663354754447937
3102,1,-4.481256008148193,0.543739914894104
3103,1,-4.1582350730896,0.3712897300720215
3104,1,-3.2047202587127686,0.692672073841095
3105,1,-3.0342824459075928,0.2139616459608078
3106,1,-2.6035408973693848,0.34897154569625854
3107,1,-5.66865873336792,0.27128851413726807
3108,1,-5.982758045196533,0.5093671083450317
3109,1,-3.3998169898986816,0.2303275167942047
3110,1,-2.9891605377197266,-0.16781648993492126
3111,1,-5.003495693206787,0.2496865689754486
3112,1,-1.6760064363479614,1.9917361736297607
3113,1,-1.8652080297470093,1.3716795444488525
3114,1,-1.713875651359558,1.1979490518569946
3115,1,-3.366955280303955,1.3806025981903076
3116,1,-3.1820759773254395,1.7093801498413086
3125,1,7.333680629730225,0.8473774790763855
3126,1,7.001897811889648,1.2287875413894653
3127,1,7.144952774047852,1.6313285827636719
3128,1,7.522779941558838,1.5115416049957275
3129,1,7.5053019523620605,2.1224169731140137
3130,1,4.871823787689209,0.8194025158882141
3131,1,4.364882946014404,0.6017373204231262
3132,1,5.456684589385986,0.6009684801101685
3133,1,5.4266510009765625,0.5296324491500854
3134,1,4.986851692199707,0.8315321207046509
3135,1,1.304995059967041,0.9246867895126343
3136,1,3.000711679458618,0.9520963430404663
3137,1,2.5434629917144775,0.9018548727035522
3138,1,2.4208016395568848,0.579575777053833
3139,1,2.4574975967407227,0.9592512249946594
3140,1,2.6983089447021484,1.4172064065933228
3141,1,2.728342294692993,1.2100050449371338
3142,1,9.519164085388184,1.6016290187835693
3143,1,6.61243200302124,1.785251259803772
3144,1,6.531947135925293,1.2793705463409424
3145,1,1.8910470008850098,1.3755512237548828
3146,1,1.913749098777771,1.2039766311645508
3147,1,4.273555755615234,0.6593586206436157
3148,1,4.4166107177734375,0.6010411381721497
3149,1,4.233213901519775,0.4926990568637848
3150,1,6.635976314544678,0.6821497678756714
3151,1,11.054069519042969,2.1094813346862793
3152,1,11.138376235961914,2.100477933883667
3153,1,0.32409724593162537,1.1913176774978638
3154,1,0.6553633213043213,1.2470331192016602
3155,1,-0.860901951789856,0.5779102444648743
3156,1,-0.8657383322715759,0.6230430006980896
3157,1,-0.030033236369490623,0.6972521543502808
3158,1,-0.7716429829597473,0.7903545498847961
3159,1,8.988038063049316,1.7353055477142334
3160,1,2.1671829223632812,1.5870647430419922
3161,1,7.224715232849121,2.7210853099823
3162,1,0.0,0.06780456006526947
3163,1,1.03739333152771,1.180732011795044
3164,1,1.1143004894256592,1.1681134700775146
3165,1,-0.48241159319877625,0.9060880541801453
3166,1,0.526875913143158,1.2248973846435547
3167,1,2.79435658454895,1.7101579904556274
3168,1,0.9234814643859863,0.4413584768772125
3169,1,3.5814502239227295,1.0422059297561646
3170,1,10.913369178771973,3.3781216144561768
3171,1,0.272369384765625,0.7949038743972778
3172,1,0.14070072770118713,0.6611512899398804
3173,1,-0.44068965315818787,0.7502514719963074
3174,1,0.3806231915950775,0.8524068593978882
3175,1,6.88686990737915,1.4365679025650024
3176,1,1.4301855564117432,1.8396127223968506
3177,1,3.5196218490600586,2.7944717407226562
3178,1,3.419841766357422,0.8899507522583008
3179,1,4.233213901519775,1.5728096961975098
3180,1,9.222419738769531,0.8453291058540344
3181,1,9.20455551147461,1.3753454685211182
3182,1,2.669166088104248,0.6286479830741882
3183,1,1.6365405321121216,1.3282487392425537
3184,1,7.660467147827148,0.9025734066963196
3185,1,7.824039936065674,1.5553832054138184
3186,1,5.248260974884033,0.9803740382194519
3187,1,6.459868907928467,0.8717309832572937
3188,1,0.14070072770118713,0.9519935846328735
3189,1,5.681691646575928,0.6503230929374695
3190,1,7.61213493347168,0.878375232219696
3191,1,5.030045509338379,0.5858575701713562
3192,1,5.522698879241943,0.6004182696342468
3193,1,4.827918529510498,2.8784358501434326
3194,1,9.929821014404297,1.2762129306793213
3195,1,8.366068840026855,1.6233713626861572
3196,1,5.637726783752441,0.995433509349823
3197,1,0.5925281047821045,0.15963463485240936
3198,1,6.1120476722717285,3.0399532318115234
3199,1,4.895524978637695,1.4361207485198975
3200,1,1.03739333152771,1.1755454540252686
3201,1,2.3505473136901855,1.4204450845718384
3202,1,3.273448944091797,1.2179497480392456
3203,1,0.9234814643859863,-0.04637166112661362
3204,1,3.6101016998291016,0.667339026927948
3205,1,4.317520618438721,2.1622395515441895
3206,1,4.273555755615234,1.3906495571136475
3207,1,4.932125091552734,3.2834391593933105
3208,1,6.85371732711792,2.5652384757995605
3209,1,3.556931257247925,2.632777214050293
3210,1,7.333680629730225,1.2540279626846313
3211,1,7.201478481292725,1.4303514957427979
3212,1,4.907029151916504,1.0658371448516846
3213,1,7.955412864685059,0.7134309411048889
3214,1,8.886950492858887,1.4398691654205322
3215,1,8.457395553588867,1.3716232776641846
3216,1,4.94042444229126,0.3895571231842041
3217,1,7.546120643615723,1.4718939065933228
3218,1,7.678322792053223,1.4330867528915405
3219,1,3.5714170932769775,1.9860107898712158
3220,1,0.3446420133113861,0.6503230929374695
3221,1,9.231593132019043,1.3507922887802124
3222,1,0.48534274101257324,0.5091367959976196
3223,1,0.20706579089164734,0.4879777431488037
3224,1,0.28546592593193054,0.3072464168071747
3225,1,-0.050451911985874176,0.6934849619865417
3226,1,0.6687392592430115,0.7196345925331116
3227,1,1.111736536026001,0.7897052764892578
3228,1,0.4106564223766327,0.4707701802253723
3229,1,5.7712931632995605,0.3528118431568146
3230,1,-0.08199673146009445,0.5422701239585876
3231,1,-0.2402186095714569,1.113582968711853
3232,1,-0.2402186095714569,0.9815347790718079
3233,1,4.6621623039245605,1.5100009441375732
3234,1,2.3825201988220215,1.6779295206069946
3235,1,3.3970813751220703,1.051530361175537
3236,1,-0.6954318284988403,1.0814166069030762
3237,1,-1.0495623350143433,1.0173444747924805
3238,1,5.331493854522705,1.3412152528762817
3239,1,0.07379743456840515,0.5506266355514526
3240,1,0.11502811312675476,0.48699259757995605
3241,1,0.037101369351148605,0.41878455877304077
3242,1,1.4012725353240967,0.6302963495254517
3243,1,-0.5162599682807922,1.3235502243041992
3244,1,-0.8384865522384644,1.29103684425354
3245,1,1.2537312507629395,0.48196786642074585
3246,1,5.903494834899902,0.23742461204528809
3247,1,5.834187984466553,0.3688303530216217
3248,1,1.331018328666687,0.6068507432937622
3249,1,3.013808250427246,1.4720953702926636
3250,1,-0.01634453982114792,1.0339078903198242
3251,1,1.8898556232452393,2.2550048828125
3252,1,-0.06601440161466599,0.06456954777240753
3253,1,-0.8384865522384644,1.2746661901474
3254,1,1.0361416339874268,1.1129544973373413
3255,1,-0.3073604106903076,0.822559654712677
3256,1,-1.7550112009048462,1.2891004085540771
3257,1,3.345353603363037,1.6369469165802002
3258,1,0.25873422622680664,0.33361199498176575
3259,1,2.1459031105041504,1.054843783378601
3260,1,5.3034586906433105,1.3422340154647827
3261,1,8.94481372833252,3.1341819763183594
3262,1,-0.6389058828353882,0.7148828506469727
3263,1,-0.31760478019714355,0.5103257894515991
3264,1,-0.9173604846000671,0.6739004254341125
3265,1,-0.49729984998703003,0.7222278714179993
3266,1,3.0429511070251465,1.8026005029678345
3267,1,3.640117645263672,2.5475003719329834
3268,1,2.3932597637176514,0.9438477754592896
3269,1,3.81807541847229,0.6282353401184082
3270,1,1.29815673828125,0.4636439383029938
3271,1,0.0,1.2077268362045288
3272,1,1.29815673828125,0.7827664613723755
3273,1,2.864560604095459,1.2512609958648682
3274,1,-1.1571053266525269,0.7815259099006653
3275,1,-0.9173604846000671,0.780366063117981
3276,1,5.68878698348999,0.9294770956039429
3277,1,3.1058459281921387,1.5828742980957031
3278,1,0.781731903553009,0.9043977856636047
3279,1,-0.17991724610328674,0.5924302935600281
3280,1,1.774827480316162,0.7296924591064453
3281,1,-0.4106564223766327,0.4659532606601715
3282,1,-0.2402186095714569,0.4059223234653473
3283,1,5.530481815338135,2.64890193939209
3284,1,2.0329103469848633,0.8496457934379578
3285,1,1.98118257522583,0.164629727602005
3286,1,5.474548816680908,2.761439085006714
3287,1,2.8231136798858643,1.2281187772750854
3288,1,1.135921597480774,0.9346046447753906
3289,1,0.8283241987228394,1.3750922679901123
3290,1,1.0800471305847168,0.8177089691162109
3291,1,-0.9866675138473511,-0.049259938299655914
3292,1,0.0947713702917099,0.6424902677536011
3293,1,0.7870935201644897,1.9530671834945679
3294,1,2.8433704376220703,1.2003201246261597
3295,1,0.5256845355033875,3.2459959983825684
3296,1,2.123957872390747,2.5364067554473877
3297,1,0.6170114278793335,2.5257277488708496
3298,1,6.485773086547852,1.1159911155700684
3299,1,7.723918437957764,0.3986036777496338
3300,1,9.287432670593262,0.16684980690479279
3301,1,2.5388455390930176,0.7309768795967102
3302,1,4.833294868469238,1.2498347759246826
3303,1,4.912168979644775,1.5261409282684326
3304,1,5.05522346496582,1.5751540660858154
3305,1,4.2332587242126465,2.126044750213623
3306,1,4.011033535003662,0.9547082185745239
3307,1,3.893831253051758,0.8195045590400696
3308,1,3.2047202587127686,0.7406476140022278
3309,1,3.0059688091278076,0.6600295305252075
3310,1,2.6196630001068115,0.8924781084060669
3311,1,1.6952435970306396,0.7481852769851685
3312,1,2.104952812194824,0.7832907438278198
3313,1,0.07745373249053955,0.780143141746521
3314,1,-0.2884680926799774,0.2846791744232178
3315,1,-0.1413743942975998,0.8892726898193359
3316,1,0.9109824895858765,1.3127639293670654
3317,1,0.47637805342674255,1.2213292121887207
3318,1,4.029724597930908,1.6194117069244385
3319,1,3.0342824459075928,1.7890228033065796
3320,1,2.3834073543548584,1.4120793342590332
3321,1,0.18353120982646942,1.1677353382110596
3322,1,0.019533153623342514,1.1322139501571655
3323,1,4.871827125549316,1.4528753757476807
3324,1,3.3369221687316895,0.810827374458313
3325,1,3.366955280303955,0.7640911936759949
3326,1,3.307779312133789,0.5772892236709595
3327,1,4.481256008148193,0.800750732421875
3328,1,7.4294352531433105,2.1044533252716064
3329,1,7.459468841552734,2.1192312240600586
3330,1,0.47637805342674255,1.3928471803665161
3331,1,0.27762654423713684,1.2956151962280273
3332,1,1.3301128149032593,0.5672357678413391
3333,1,1.0810645818710327,0.2549704611301422
3334,1,2.1838266849517822,0.39729785919189453
3335,1,1.3641711473464966,0.6767743229866028
3336,1,6.909813404083252,1.8067066669464111
3337,1,0.1687806099653244,1.3913567066192627
3338,1,4.481256008148193,2.8121497631073
3339,1,0.009847073815762997,0.0714627131819725
3340,1,0.8196556568145752,1.2047770023345947
3341,1,3.229379177093506,1.0417770147323608
3342,1,1.0968642234802246,0.8205875158309937
3343,1,0.07745373249053955,1.402790904045105
3344,1,3.6910526752471924,1.5647032260894775
3345,1,0.47637805342674255,0.3157044053077698
3346,1,2.3268814086914062,1.0504860877990723
3347,1,5.8454270362854,1.2227027416229248
3348,1,5.768519878387451,3.042229175567627
3349,1,0.22795669734477997,0.6221908330917358
3350,1,0.5010368824005127,0.5428066253662109
3351,1,-0.11668532341718674,0.6452955007553101
3352,1,0.45373380184173584,0.7749801874160767
3353,1,5.61288595199585,1.362551212310791
3354,1,1.4057077169418335,1.6223825216293335
3355,1,3.776484251022339,2.6137022972106934
3356,1,2.275153636932373,0.8835508227348328
3357,1,3.770814895629883,0.9973337054252625
3358,1,8.00904655456543,1.086167573928833
3359,1,1.6076903343200684,0.657924473285675
3360,1,3.1820759773254395,1.3641763925552368
3361,1,4.671950340270996,0.9806386828422546
3362,1,1.713875651359558,1.4663323163986206
3363,1,1.5049165487289429,1.0292224884033203
3364,1,2.6392178535461426,0.9689828753471375
3365,1,2.3268814086914062,1.140757441520691
3366,1,5.824452877044678,1.7768863439559937
3367,1,2.3268814086914062,0.9060832858085632
3368,1,1.1970338821411133,0.5040761232376099
3369,1,4.261293888092041,0.8678733706474304
3370,1,-0.08147980272769928,0.401416152715683
3371,1,1.0863780975341797,0.4687081277370453
3372,1,2.6196630001068115,2.469752311706543
3373,1,6.543062686920166,1.3661859035491943
3374,1,6.320304870605469,1.5084152221679688
3375,1,1.9727510213851929,1.054155945777893
3376,1,2.9262657165527344,0.09853248298168182
3377,1,2.817300319671631,2.1514649391174316
3378,1,4.460281848907471,1.5873959064483643
3379,1,0.779313862323761,1.1249128580093384
3380,1,2.5388455390930176,1.608614206314087
3381,1,1.9727510213851929,1.148755669593811
3382,1,-0.6595435738563538,-0.027109205722808838
3383,1,1.6076903343200684,0.8242009878158569
3384,1,3.229379177093506,2.483745813369751
3385,1,2.956298828125,3.2152295112609863
3386,1,6.367666721343994,2.376582145690918
3387,1,2.486466407775879,2.519136905670166
3388,1,5.140655517578125,0.5661335587501526
3389,1,8.55279541015625,1.1588727235794067
3390,1,8.204559326171875,1.3957273960113525
3391,1,3.3328986167907715,1.0331803560256958
3392,1,6.034609317779541,2.202272891998291
3393,1,0.2953702211380005,1.0116791725158691
3394,1,7.373743534088135,1.773545503616333
3395,1,1.014561414718628,0.8291789889335632
3396,1,2.087496757507324,0.8019278645515442
3397,1,1.968727469444275,0.6196238994598389
3398,1,1.6139456033706665,1.0492455959320068
3399,1,-0.4486997723579407,1.013020634651184
3400,1,0.07138418406248093,1.090018630027771
3401,1,-0.7596147656440735,0.9455064535140991
3402,1,0.12930475175380707,0.5173653364181519
3403,1,0.8311648964881897,1.2398462295532227
3404,1,1.4026328325271606,1.693961501121521
3405,1,0.03846171498298645,1.9254928827285767
3406,1,4.620742321014404,1.2614796161651611
3407,1,-0.01093788631260395,1.325022578239441
3408,1,0.03846171498298645,1.1495343446731567
3409,1,7.481286525726318,1.7815494537353516
3410,1,-0.029628772288560867,0.8096870183944702
3411,1,1.9420958757400513,1.0242516994476318
3412,1,1.2265255451202393,1.4005396366119385
3413,1,1.159019112586975,1.0081207752227783
3414,1,0.2798077166080475,1.1776254177093506
3415,1,-0.2930837571620941,1.597882628440857
3416,1,1.3923884630203247,1.586194396018982
3417,1,2.279642343521118,1.2790085077285767
3418,1,-0.8585862517356873,1.0425615310668945
3419,1,1.6279964447021484,1.4586585760116577
3420,1,5.622589111328125,2.0086798667907715
3421,1,-1.4927713871002197,0.4049347937107086
3422,1,4.176570892333984,1.240945816040039
3423,1,2.5231902599334717,1.4281193017959595
3424,1,8.737914085388184,3.2572898864746094
3425,1,1.4817438125610352,0.7020829916000366
3426,1,1.25759756565094,0.9881700277328491
3427,1,2.452770709991455,1.842523217201233
3428,1,5.8396077156066895,2.950625419616699
3429,1,3.9859397411346436,0.9495503306388855
3430,1,4.372321128845215,0.8464056253433228
3431,1,0.46085023880004883,0.8650747537612915
3432,1,0.5055848360061646,1.4625705480575562
3433,1,3.2812302112579346,1.0192893743515015
3434,1,6.527771949768066,1.7075313329696655
3435,1,1.2265255451202393,1.0625139474868774
3436,1,1.4026328325271606,0.6869543790817261
3437,1,4.923678398132324,1.3057787418365479
3438,1,0.32947757840156555,1.2072232961654663
3439,1,1.917059063911438,0.6944535374641418
3440,1,4.598098278045654,0.9454149007797241
3441,1,2.3270046710968018,0.6418682336807251
3442,1,2.486314535140991,0.596953272819519
3443,1,2.5432751178741455,0.2265101671218872
3444,1,3.074164390563965,1.544677972793579
3445,1,4.55336332321167,1.4178707599639893
3446,1,1.5567675828933716,1.4931414127349854
3447,1,1.5435720682144165,1.0737757682800293
3448,1,0.1925964206457138,0.00666389474645257
3449,1,1.7657266855239868,0.8407274484634399
3450,1,2.894247055053711,2.15252685546875
3451,1,5.649281024932861,1.2734462022781372
3452,1,0.9628335237503052,3.2156131267547607
3453,1,7.070630073547363,2.8450729846954346
3454,1,3.388773202896118,2.7599191665649414
4636,1,-0.9422295689582825,0.21268697082996368
4637,1,5.884189128875732,1.6981570720672607
4638,1,-1.0332770347595215,0.511346161365509
4639,1,7.270103931427002,1.9638420343399048
4640,1,-0.7559911608695984,0.2407020628452301
4641,1,1.769350290298462,1.8231658935546875
4642,1,-0.12497672438621521,0.6429045796394348
4643,1,4.031302452087402,1.8597419261932373
4644,1,-0.8727518916130066,0.31557363271713257
4645,1,2.416813850402832,1.5447232723236084
4646,1,-1.929858684539795,0.702924370765686
4647,1,0.7984834909439087,1.8259779214859009
4648,1,-3.8578996658325195,0.3914458453655243
4649,1,1.8472059965133667,1.658797025680542
4650,1,-4.137707710266113,0.7944824695587158
4651,1,0.09561484307050705,2.064059019088745
1405,2,0.0,0.8528115153312683
1406,2,-0.486391544342041,1.3006569147109985
1407,2,0.15543822944164276,1.6268970966339111
1408,2,-0.21983741223812103,0.8345392942428589
1409,2,-0.44731462001800537,2.152994394302368
1410,2,-0.21131277084350586,0.734108567237854
1411,2,-0.5890467166900635,0.49804559350013733
1412,2,0.19934363663196564,3.0993359088897705
1413,2,1.2245169878005981,3.0843443870544434
1414,2,0.10801676660776138,1.5449917316436768
1415,2,0.4106564223766327,1.1807916164398193
1416,2,0.3482353687286377,0.37582090497016907
1417,2,0.4106564223766327,1.058327078819275
1418,2,1.2093250751495361,1.0315824747085571
1419,2,0.15543822944164276,1.1113426685333252
1420,2,0.3143717646598816,2.147036075592041
1421,2,1.6426256895065308,3.3271663188934326
1422,2,-0.4730774760246277,1.3811935186386108
1423,2,0.588454008102417,1.1141926050186157
1424,2,0.3482353687286377,2.443592071533203
1425,2,0.27845457196235657,2.314373254776001
1426,2,-0.15484607219696045,2.3159542083740234
1427,2,0.7909240126609802,2.293902635574341
1428,2,2.0150461196899414,2.188934803009033
1429,2,-0.9246088266372681,1.7896324396133423
1430,2,1.907029390335083,2.42113995552063
1431,2,0.4106564223766327,2.073225975036621
1432,2,2.4257025718688965,2.907111406326294
1433,2,0.8063132762908936,2.0011379718780518
1434,2,0.5428582429885864,1.606622338294983
1435,2,-0.011969134211540222,0.5330190658569336
1436,2,2.1162474155426025,2.185102939605713
1437,2,1.6927218437194824,1.0748975276947021
1438,2,0.690199077129364,1.699284315109253
1439,2,0.5358468890190125,2.5136749744415283
1440,2,0.11091385036706924,0.6246681213378906
1441,2,0.0,0.7343178391456604
1442,2,-0.09423819184303284,1.2694742679595947
1443,2,0.5143008232116699,2.7701945304870605
1444,2,-0.017686447128653526,1.5480467081069946
1445,2,-0.05472675710916519,0.1456260234117508
1446,2,-0.18216991424560547,0.6071106791496277
1447,2,1.607864499092102,2.9985756874084473
1448,2,4.731656074523926,4.110289573669434
1449,2,1.9408929347991943,2.4469358921051025
1450,2,3.3057219982147217,1.7612613439559937
1451,2,-0.18216991424560547,1.1752493381500244
1452,2,0.08128507435321808,1.7860591411590576
1453,2,0.274082213640213,0.6067981719970703
1454,2,0.9939247965812683,1.840842843055725
1455,2,0.9706884026527405,1.3883132934570312
1456,2,1.4865336418151855,1.8123207092285156
1457,2,2.1307570934295654,1.8720016479492188
1458,2,0.017173724249005318,1.341538429260254
1459,2,-0.017686447128653526,2.6241660118103027
1460,2,4.731656074523926,3.9481282234191895
1461,2,-0.6170114278793335,1.5635138750076294
1462,2,-0.09423819184303284,0.485858678817749
1463,2,0.8910936117172241,0.9016653895378113
1464,2,0.274082213640213,2.965822458267212
1465,2,0.29562830924987793,2.1298131942749023
1466,2,0.033863615244627,0.6741456389427185
1467,2,0.17908690869808197,0.8977742195129395
1468,2,0.274082213640213,0.3962004780769348
1469,2,0.20430143177509308,0.5966490507125854
1470,2,0.050096191465854645,1.1558314561843872
1471,2,1.7616124153137207,1.3524911403656006
1472,2,0.20430143177509308,0.36313456296920776
1473,2,0.7853956818580627,1.4416015148162842
1474,2,0.5215702652931213,0.6380473375320435
1475,2,1.0003997087478638,0.8185955286026001
1476,2,-0.13657419383525848,1.7944809198379517
1477,2,0.16606545448303223,2.9978346824645996
1478,2,-0.5695899724960327,0.44594860076904297
1479,2,-0.34476056694984436,2.1869797706604004
1480,2,-0.8722296357154846,2.971106767654419
1481,2,0.9025979042053223,3.492372989654541
1482,2,1.1035670042037964,3.5437417030334473
1483,2,-0.8954659700393677,2.10042142868042
1484,2,-1.4000883102416992,3.0945303440093994
1485,2,-0.13220183551311493,1.1558314561843872
1486,2,0.2402186095714569,0.8078687787055969
1487,2,0.9535146951675415,2.8474156856536865
1488,2,0.20982979238033295,2.14258074760437
1489,2,0.3143717646598816,1.336478590965271
1490,2,-0.0624210461974144,3.0913238525390625
1491,2,0.1202327087521553,0.8577081561088562
1492,2,1.1202380657196045,1.2796506881713867
1493,2,0.26912444829940796,1.266972303390503
1494,2,1.2319692373275757,0.8977742195129395
1495,2,0.27845457196235657,2.185102939605713
1496,2,0.6508750319480896,1.0748975276947021
1497,2,0.4180161654949188,1.699284315109253
1498,2,0.5993249416351318,2.5136749744415283
1499,2,-0.07911093533039093,1.2694742679595947
1500,2,-0.07911093533039093,0.37169498205184937
1501,2,0.1439339518547058,0.554796040058136
1502,2,0.7830768823623657,0.36804667115211487
1503,2,0.17779755592346191,0.3023093342781067
1504,2,0.042846519500017166,1.232527494430542
1505,2,0.9824205040931702,1.840842843055725
1506,2,0.4106564223766327,1.3883132934570312
1507,2,1.0857164859771729,0.5431771278381348
1508,2,0.08280224353075027,0.8532905578613281
1509,2,-0.07911093533039093,0.7166011333465576
1510,2,0.0,0.7701022624969482
1511,2,0.19934363663196564,0.410999596118927
1512,2,0.2402186095714569,0.7136808633804321
1513,2,-0.04618846997618675,0.27506524324417114
1514,2,0.19934363663196564,0.850386917591095
1515,2,-0.07911093533039093,0.34192126989364624
1516,2,-0.0624210461974144,0.52546626329422
1517,2,0.05646670609712601,1.271816611289978
1518,2,-0.19052284955978394,1.353000283241272
1519,2,0.4998636245727539,1.4416015148162842
1520,2,0.33154547214508057,2.965822458267212
1521,2,0.10801676660776138,0.5279438495635986
1522,2,0.5428582429885864,2.7701945304870605
1523,2,0.166723370552063,1.5480467081069946
1524,2,4.635371685028076,4.110289573669434
1525,2,2.784808874130249,2.1262898445129395
1526,2,0.19934363663196564,1.6223968267440796
1527,2,0.259645015001297,0.43774694204330444
1528,2,-0.014999586157500744,0.1791881024837494
1529,2,0.06978078931570053,0.34973496198654175
1530,2,-0.44104522466659546,0.3962004780769348
1531,2,-0.44104522466659546,0.6246681213378906
1532,2,-0.5810942649841309,0.7343178391456604
1533,2,-0.2552182078361511,0.5966490507125854
1534,2,-0.4106564223766327,0.32552140951156616
1535,2,-0.2552182078361511,0.31648319959640503
1536,2,-0.327854186296463,0.1456260234117508
1537,2,-0.5069410800933838,0.14174355566501617
1538,2,-0.014999586157500744,1.8853991031646729
1539,2,1.0857164859771729,1.3524911403656006
1540,2,0.4671231210231781,0.6071106791496277
1541,2,0.43246692419052124,2.9985756874084473
1542,2,0.13220183551311493,2.4469358921051025
1543,2,2.6268067359924316,1.7612613439559937
1544,2,1.1421831846237183,1.1094200611114502
1545,2,0.588454008102417,1.101586937904358
1546,2,-0.04618846997618675,0.5260347723960876
1547,2,-0.030388813465833664,0.5007739067077637
1548,2,0.19052284955978394,3.521228313446045
1549,2,-0.4314463436603546,2.152994394302368
1550,2,0.2733250856399536,3.2770156860351562
1551,2,0.20581859350204468,3.521228313446045
1552,2,-0.3927019536495209,2.152994394302368
1553,2,0.3062743544578552,3.2770156860351562
1554,2,2.1780316829681396,2.185102939605713
1555,2,1.7777824401855469,1.0748975276947021
1556,2,0.17779755592346191,0.3962004780769348
1557,2,0.07762795686721802,0.6246681213378906
1558,2,0.0,0.7343178391456604
1559,2,-0.12265188246965408,1.2694742679595947
1560,2,0.5773797631263733,2.7701945304870605
1561,2,0.0,1.5480467081069946
1562,2,-0.12265188246965408,0.1456260234117508
1563,2,-0.2224189043045044,0.6071106791496277
1564,2,1.7777824401855469,2.9985756874084473
1565,2,1.9783879518508911,2.4469358921051025
1566,2,0.0,1.245980978012085
1567,2,-0.2224189043045044,1.1752493381500244
1568,2,0.07762795686721802,1.7860591411590576
1569,2,0.0,2.1381583213806152
1570,2,0.17779755592346191,0.6067981719970703
1571,2,0.9778892993927002,1.840842843055725
1572,2,0.9778892993927002,1.3883132934570312
1573,2,1.5760760307312012,1.8123207092285156
1574,2,2.1780316829681396,1.8720016479492188
1575,2,0.0,1.341538429260254
1576,2,0.0,2.6241660118103027
1577,2,-0.7232534885406494,1.5635138750076294
1578,2,0.17779755592346191,0.36313456296920776
1579,2,-0.12265188246965408,0.485858678817749
1580,2,0.8777795433998108,0.9016653895378113
1581,2,0.17779755592346191,2.965822458267212
1582,2,0.27845457196235657,2.1298131942749023
1583,2,-0.05472675710916519,0.1504565179347992
1584,2,-0.05472675710916519,0.36495018005371094
1585,2,0.4106564223766327,0.30965426564216614
1586,2,0.43623384833335876,0.15890200436115265
1587,2,0.6391429305076599,0.7944008708000183
1588,2,0.346296101808548,0.09291363507509232
1589,2,0.20430143177509308,0.7711840867996216
1590,2,-0.03591717779636383,0.7802181243896484
1591,2,1.0497993230819702,1.2282435894012451
1592,2,0.0962846651673317,0.2513379454612732
1593,2,0.46870511770248413,0.8528115153312683
1594,2,0.1527513712644577,0.8111740946769714
1595,2,0.2402186095714569,0.9878851175308228
1596,2,-0.2063549906015396,1.3006569147109985
1597,2,0.050096191465854645,1.06425940990448
1598,2,0.8793615102767944,1.8034013509750366
1599,2,0.11091385036706924,0.18568725883960724
1600,2,0.8384865522384644,1.058327078819275
1601,2,0.20430143177509308,0.12255839258432388
1602,2,1.6597994565963745,0.8733041882514954
1603,2,0.3839247226715088,0.5299542546272278
1604,2,0.6391429305076599,1.1113426685333252
1605,2,0.7062847018241882,2.147036075592041
1606,2,1.801238775253296,3.3271663188934326
1607,2,-0.3143717646598816,1.3811935186386108
1608,2,0.43623384833335876,1.6094930171966553
1609,2,0.9873782992362976,1.1141926050186157
1610,2,-0.05472675710916519,0.4138977527618408
1611,2,0.5215702652931213,1.0848129987716675
1612,2,0.4106564223766327,0.16413384675979614
1613,2,-0.2063549906015396,0.8131742477416992
1614,2,-0.15893353521823883,2.314373254776001
1615,2,0.050096191465854645,2.3159542083740234
1616,2,1.1578161716461182,2.293902635574341
1617,2,1.5432579517364502,2.188934803009033
1618,2,-0.8954659700393677,1.7896324396133423
1619,2,1.6907169818878174,2.1160740852355957
1620,2,1.6382533311843872,2.073225975036621
1621,2,1.2699328660964966,2.253981113433838
1622,2,0.5897433161735535,2.0011379718780518
1623,2,0.0,0.7408368587493896
1624,2,0.274082213640213,1.053863763809204
1625,2,1.019410490989685,1.5340169668197632
1626,2,0.43623384833335876,1.606622338294983
1627,2,-0.05472675710916519,0.1234668493270874
1628,2,0.8793615102767944,0.3368523418903351
1629,2,-0.13657419383525848,0.5330190658569336
1630,2,0.346296101808548,0.2122725248336792
1631,2,-0.2063549906015396,0.17904092371463776
1632,2,0.19182829558849335,1.08876633644104
1633,2,0.31641823053359985,0.11462134122848511
1634,2,-0.3143717646598816,1.1944243907928467
1635,2,1.2699328660964966,0.25513768196105957
1636,2,0.9535146951675415,1.104482889175415
1637,2,0.8384865522384644,0.5033096671104431
1638,2,0.7471597194671631,2.2253127098083496
1639,2,1.398034691810608,1.794864296913147
1640,2,1.6805893182754517,0.9910712242126465
1641,2,-0.09423819184303284,1.7999778985977173
1642,2,1.1820012331008911,1.5337461233139038
1643,2,0.6024847030639648,1.8266605138778687
1644,2,2.0033140182495117,1.6035029888153076
1645,2,1.6805893182754517,2.3007349967956543
1646,2,2.4967727661132812,2.428797483444214
1647,2,0.19182829558849335,0.7399373650550842
1648,2,0.2630080282688141,2.162947177886963
1649,2,0.346296101808548,0.510025143623352
1650,2,0.25172290205955505,0.9980890154838562
1651,2,0.31641823053359985,1.028337836265564
1652,2,1.9539144039154053,2.024196147918701
1653,2,3.6053051948547363,2.231590986251831
1654,2,0.2461729496717453,1.3516303300857544
1655,2,2.299455165863037,2.178086757659912
1656,2,0.2461729496717453,1.0890614986419678
1657,2,0.44551658630371094,1.6259368658065796
1658,2,0.38309553265571594,1.0747706890106201
1659,2,1.6103440523147583,1.8469692468643188
1660,2,0.3541897237300873,2.0641000270843506
1661,2,0.20951473712921143,0.8749812841415405
1662,2,0.38309553265571594,1.038702368736267
1663,2,-0.3929699659347534,1.1018109321594238
1664,2,0.0,1.2180655002593994
1665,2,-0.2966853082180023,0.24620142579078674
1666,2,0.0,0.9014468193054199
1667,2,0.0,1.0266655683517456
1668,2,2.9120941162109375,1.3500763177871704
1669,2,0.0,1.0137001276016235
1670,2,2.671875476837158,1.5521278381347656
1671,2,1.1502879858016968,2.0040173530578613
1672,2,0.38309553265571594,0.22240519523620605
1673,2,0.20951473712921143,1.6941938400268555
1674,2,0.2461729496717453,0.15992626547813416
1675,2,-0.1188877522945404,0.5987722277641296
1676,2,0.034860171377658844,0.09747569262981415
1677,2,1.7291240692138672,0.855877697467804
1678,2,0.15681762993335724,0.4292941093444824
1679,2,1.4157211780548096,0.880946159362793
1680,2,0.856173038482666,1.6130399703979492
1681,2,0.3541897237300873,3.1913294792175293
1682,2,0.5464380383491516,1.2393333911895752
1683,2,0.06778264045715332,1.2228715419769287
1684,2,0.11397110670804977,0.9980581998825073
1685,2,-0.21388307213783264,0.4124487042427063
1686,2,0.2461729496717453,1.000236988067627
1687,2,0.6138347387313843,0.12419483810663223
1688,2,0.3541897237300873,0.9360024333000183
1689,2,0.20951473712921143,1.612562894821167
1690,2,0.44551658630371094,2.6897668838500977
1691,2,3.928029775619507,2.4134795665740967
1692,2,1.7281535863876343,2.338777780532837
1693,2,0.06778264045715332,2.0781402587890625
1694,2,3.1905486583709717,2.538492441177368
1695,2,3.4931883811950684,1.9441312551498413
1696,2,0.4942387044429779,2.261598825454712
1697,2,1.9106091260910034,2.2130582332611084
1698,2,1.1502879858016968,2.85686993598938
1699,2,0.3541897237300873,2.257398843765259
1700,2,-0.1644834727048874,0.848004937171936
1701,2,-0.2966853082180023,0.8451257944107056
1702,2,0.0,1.019626259803772
1703,2,0.5674740672111511,2.3303325176239014
1704,2,-0.1188877522945404,0.16155578196048737
1705,2,0.28069448471069336,0.4710739552974701
1706,2,0.0,0.5521801710128784
1707,2,0.0,0.2528611421585083
1708,2,-0.2966853082180023,0.26138070225715637
1709,2,0.18667039275169373,1.3500763177871704
1710,2,-0.17779755592346191,1.5521278381347656
1711,2,1.7856985330581665,0.855877697467804
1712,2,2.121842622756958,2.4134795665740967
1713,2,2.022315502166748,2.538492441177368
1714,2,0.17043781280517578,1.9441312551498413
1715,2,1.945265293121338,2.2130582332611084
1716,2,5.407962322235107,2.945220470428467
1717,2,0.37862420082092285,3.683399200439453
1718,2,5.3548712730407715,3.317230224609375
1719,2,-0.7697627544403076,2.814087390899658
1720,2,3.3227505683898926,3.9625885486602783
1721,2,3.7808284759521484,3.069655656814575
1722,2,0.20430143177509308,0.5060964822769165
1723,2,0.03743046522140503,0.5060964822769165
1724,2,0.09897152334451675,0.5060964822769165
1725,2,0.15346455574035645,0.5060964822769165
1726,2,0.17804041504859924,0.5060964822769165
1727,2,0.16688379645347595,0.5060964822769165
1728,2,0.033863615244627,2.1429874897003174
1729,2,0.5680727958679199,2.1429874897003174
1730,2,0.562376081943512,2.1429874897003174
1731,2,0.604783296585083,2.1429874897003174
1732,2,0.42363035678863525,2.1429874897003174
1733,2,0.25973644852638245,2.1429874897003174
1734,2,-0.0624210461974144,0.5656798481941223
1735,2,0.010214941576123238,0.5656798481941223
1736,2,0.03307567536830902,0.5656798481941223
1737,2,0.1905435174703598,0.5656798481941223
1738,2,0.20338982343673706,0.5656798481941223
1739,2,0.10136527568101883,0.5656798481941223
1740,2,-0.39687785506248474,0.5899582505226135
1741,2,-0.46173831820487976,0.5899582505226135
1742,2,-0.1527513712644577,0.5899582505226135
1743,2,0.05744243040680885,0.5899582505226135
1744,2,0.16824759542942047,0.5899582505226135
1745,2,0.09897152334451675,0.5899582505226135
1746,2,0.12519049644470215,1.2793980836868286
1747,2,1.090846061706543,1.2793980836868286
1748,2,1.2168970108032227,1.2793980836868286
1749,2,1.2081542015075684,1.2793980836868286
1750,2,1.0331718921661377,1.2793980836868286
1751,2,0.8676430583000183,1.2793980836868286
1752,2,-0.2611351013183594,1.3884975910186768
1753,2,0.36605143547058105,1.3884975910186768
1754,2,0.6841716170310974,1.3884975910186768
1755,2,0.6901730895042419,1.3884975910186768
1756,2,-0.09132687747478485,1.155702829360962
1757,2,-0.14770087599754333,1.155702829360962
1758,2,-0.37473925948143005,1.155702829360962
1759,2,-0.19875149428844452,1.155702829360962
1760,2,-0.1678786277770996,1.155702829360962
1761,2,-0.07655175030231476,1.155702829360962
1762,2,0.1265324056148529,1.155702829360962
1763,2,0.123016357421875,1.155702829360962
1764,2,0.2917686700820923,1.155702829360962
1765,2,0.3238008916378021,1.155702829360962
1766,2,-0.6862740516662598,2.6390931606292725
1767,2,0.7340859770774841,2.6390931606292725
1768,2,1.669722080230713,2.6390931606292725
1769,2,1.445011854171753,2.6390931606292725
1770,2,1.481518030166626,2.6390931606292725
1771,2,1.8215218782424927,2.6390931606292725
1772,2,1.6300702095031738,2.6390931606292725
1773,2,1.6149024963378906,2.6390931606292725
1774,2,1.5354089736938477,2.6390931606292725
1775,2,-0.8744037747383118,1.6477149724960327
1776,2,-0.297102689743042,1.6477149724960327
1777,2,-0.22198787331581116,1.6477149724960327
1778,2,0.09047991037368774,1.6477149724960327
1779,2,0.2870479226112366,1.6477149724960327
1780,2,0.28069448471069336,1.6477149724960327
1781,2,0.28546592593193054,1.6477149724960327
1782,2,0.3632349669933319,1.6477149724960327
1783,2,0.38309553265571594,1.6477149724960327
1784,2,0.3238008916378021,1.6477149724960327
1785,2,-0.44731462001800537,2.6651461124420166
1786,2,1.056810736656189,2.6651461124420166
1787,2,2.0351312160491943,2.6651461124420166
1788,2,1.92812979221344,2.6651461124420166
1789,2,2.0941569805145264,2.6651461124420166
1790,2,2.4425549507141113,2.6651461124420166
1791,2,2.2926394939422607,2.6651461124420166
1792,2,2.342900276184082,2.6651461124420166
1793,2,2.2499032020568848,2.6651461124420166
1794,2,0.26777946949005127,2.6390931606292725
1795,2,0.7765509486198425,2.6390931606292725
1796,2,1.0553276538848877,2.6390931606292725
1797,2,1.7124065160751343,2.6390931606292725
1798,2,2.0376904010772705,2.6390931606292725
1799,2,2.2031702995300293,2.6390931606292725
1800,2,2.0335617065429688,2.6390931606292725
1801,2,2.455331325531006,2.6390931606292725
1802,2,2.272951126098633,2.6390931606292725
1803,2,2.2118194103240967,2.6390931606292725
1804,2,-0.2372637242078781,2.890162706375122
1805,2,1.3352652788162231,2.890162706375122
1806,2,2.802323579788208,2.890162706375122
1807,2,2.929168939590454,2.890162706375122
1808,2,3.330226421356201,2.890162706375122
1809,2,3.4945363998413086,2.890162706375122
1810,2,3.46814227104187,2.890162706375122
1811,2,3.392699718475342,2.890162706375122
1812,2,3.3738555908203125,2.890162706375122
1813,2,0.09132687747478485,0.13718174397945404
1814,2,0.14770087599754333,0.13718174397945404
1815,2,0.37473925948143005,0.13718174397945404
1816,2,0.19875149428844452,0.13718174397945404
1817,2,0.1678786277770996,0.13718174397945404
1818,2,0.07655175030231476,0.13718174397945404
1819,2,-0.1265324056148529,0.13718174397945404
1820,2,-0.123016357421875,0.13718174397945404
1821,2,-0.2917686700820923,0.13718174397945404
1822,2,-0.3238008916378021,0.13718174397945404
1823,2,0.8744037747383118,0.18736909329891205
1824,2,0.297102689743042,0.18736909329891205
1825,2,0.22198787331581116,0.18736909329891205
1826,2,-0.09047991037368774,0.18736909329891205
1827,2,-0.2870479226112366,0.18736909329891205
1828,2,-0.28069448471069336,0.18736909329891205
1829,2,-0.28546592593193054,0.18736909329891205
1830,2,-0.3632349669933319,0.18736909329891205
1831,2,-0.38309553265571594,0.18736909329891205
1832,2,-0.3238008916378021,0.18736909329891205
1833,2,0.6862740516662598,0.23579855263233185
1834,2,-0.7340859770774841,0.23579855263233185
1835,2,-1.669722080230713,0.23579855263233185
1836,2,-1.445011854171753,0.23579855263233185
1837,2,-1.481518030166626,0.23579855263233185
1838,2,-1.8215218782424927,0.23579855263233185
1839,2,-1.6300702095031738,0.23579855263233185
1840,2,-1.6149024963378906,0.23579855263233185
1841,2,-1.5354089736938477,0.23579855263233185
1842,2,-0.26777946949005127,0.23579855263233185
1843,2,-0.7765509486198425,0.23579855263233185
1844,2,-1.0553276538848877,0.23579855263233185
1845,2,-1.7124065160751343,0.23579855263233185
1846,2,-2.0376904010772705,0.23579855263233185
1847,2,-2.2031702995300293,0.23579855263233185
1848,2,-2.0335617065429688,0.23579855263233185
1849,2,-2.455331325531006,0.23579855263233185
1850,2,-2.272951126098633,0.23579855263233185
1851,2,-2.2118194103240967,0.23579855263233185
1852,2,0.44731462001800537,0.2531867027282715
1853,2,-1.056810736656189,0.25318676233291626
1854,2,-2.0351312160491943,0.25318676233291626
1855,2,-1.92812979221344,0.25318676233291626
1856,2,-2.0941569805145264,0.25318676233291626
1857,2,-2.4425549507141113,0.25318676233291626
1858,2,-2.2926394939422607,0.25318676233291626
1859,2,-2.342900276184082,0.25318676233291626
1860,2,-2.2499032020568848,0.25318676233291626
593,3,5.474915027618408,2.8294224739074707
594,3,0.5993249416351318,0.15374818444252014
595,3,5.3983635902404785,0.960303783416748
596,3,3.232964515686035,0.38232263922691345
597,3,5.437874794006348,0.24132242798805237
598,3,5.903257846832275,0.4134930670261383
599,3,4.073703765869141,1.6436351537704468
600,3,5.755609512329102,1.5353341102600098
822,3,-2.412727117538452,-1.2376670837402344
823,3,-2.102992057800293,-0.6865625381469727
824,3,-0.26777946949005127,0.297622948884964
825,3,4.2353901863098145,1.2213064432144165
826,3,2.5614840984344482,2.8936984539031982
827,3,3.3792171478271484,1.9171152114868164
828,3,2.6352171897888184,2.7145049571990967
829,3,3.681856870651245,1.9628369808197021
830,3,5.640436172485352,3.1943154335021973
831,3,4.554719924926758,2.4048330783843994
832,3,1.8142549991607666,2.8936984539031982
833,3,1.6411057710647583,2.782928466796875
834,3,1.384631872177124,3.2900233268737793
835,3,1.0941568613052368,3.1258468627929688
836,3,1.1116822957992554,4.275428295135498
837,3,1.5540213584899902,3.7543463706970215
838,3,0.4080484211444855,4.235353946685791
839,3,1.2549387216567993,4.54209566116333
840,3,1.5348256826400757,3.533067226409912
841,3,1.3181935548782349,4.122297286987305
842,3,0.8942657113075256,4.472212314605713
843,3,0.6092560887336731,3.89628267288208
844,3,1.904421329498291,4.978357315063477
845,3,2.032426357269287,4.657869338989258
846,3,1.4909703731536865,5.177358150482178
847,3,1.726972222328186,4.833904266357422
848,3,1.23908269405365,0.3762587904930115
849,3,0.7919731140136719,0.6973587274551392
850,3,1.152734398841858,0.7125734090805054
851,3,1.3393713235855103,1.1923704147338867
852,3,1.4172372817993164,0.8982840776443481
853,3,0.7395939230918884,1.8830732107162476
854,3,1.8496946096420288,2.4005494117736816
855,3,2.0937232971191406,1.0339187383651733
856,3,1.9795986413955688,1.7071075439453125
857,3,1.6881089210510254,2.4573967456817627
858,3,1.8496946096420288,1.5799812078475952
859,3,2.730074644088745,2.835538148880005
860,3,2.7169570922851562,2.5161917209625244
861,3,2.5094218254089355,3.5178375244140625
862,3,2.788503646850586,2.7949235439300537
863,3,1.7919657230377197,2.8936984539031982
864,3,3.559509038925171,0.8895465731620789
865,3,2.102992057800293,1.9171152114868164
866,3,0.3820299804210663,1.2118629217147827
867,3,4.852370262145996,3.941626787185669
868,3,3.0586442947387695,2.472923994064331
869,3,2.843151092529297,3.1027941703796387
870,3,3.8954012393951416,4.463892459869385
871,3,1.552952527999878,2.252659559249878
872,3,1.5768485069274902,2.5974199771881104
873,3,2.7478888034820557,3.266845226287842
874,3,1.8645553588867188,2.9130568504333496
875,3,3.130239963531494,4.461478233337402
876,3,1.0506681203842163,3.3993618488311768
877,3,2.8912806510925293,4.210988521575928
878,3,2.3889827728271484,4.818467140197754
879,3,-0.16837136447429657,2.836179733276367
880,3,3.322336435317993,4.155300617218018
881,3,0.6943662762641907,3.574820041656494
882,3,1.0754432678222656,2.5502076148986816
883,3,4.779135227203369,4.803122043609619
884,3,3.3951475620269775,3.7480857372283936
885,3,2.9869043827056885,3.9013447761535645
886,3,4.229416370391846,4.8879828453063965
887,3,1.0270099639892578,3.5309181213378906
888,3,1.3861162662506104,4.103743076324463
889,3,1.5050040483474731,3.6187186241149902
890,3,2.054677724838257,3.0930192470550537
891,3,3.130239963531494,4.3401336669921875
892,3,1.7679566144943237,3.6777596473693848
893,3,2.843151092529297,3.8204638957977295
894,3,2.412727117538452,4.3140387535095215
895,3,1.2657638788223267,1.1923704147338867
896,3,1.0992237329483032,4.249034881591797
897,3,6.62026834487915,2.3764266967773438
898,3,3.3951475620269775,4.174923896789551
899,3,2.269850254058838,3.296581268310547
900,3,5.496315956115723,5.114230155944824
901,3,4.373137474060059,4.098060607910156
902,3,4.542801380157471,4.69924783706665
903,3,5.257837295532227,5.293368339538574
904,3,1.0270099639892578,0.8982840776443481
905,3,1.6006518602371216,3.7437446117401123
906,3,6.548087120056152,1.3281452655792236
907,3,3.3951475620269775,3.8646469116210938
908,3,2.5566611289978027,2.7058234214782715
909,3,5.830841064453125,4.481490135192871
910,3,4.876004219055176,2.9872069358825684
911,3,4.68193244934082,4.638450622558594
912,3,5.472614765167236,4.938387870788574
913,3,0.33384764194488525,0.6973587274551392
914,3,0.35808926820755005,3.273315906524658
915,3,3.1786303520202637,1.551654577255249
916,3,2.843151092529297,2.5458805561065674
917,3,1.7919657230377197,1.770551323890686
918,3,5.161859035491943,4.2677178382873535
919,3,3.7284178733825684,2.9074089527130127
920,3,4.158278465270996,3.4726974964141846
921,3,5.066775321960449,4.563962459564209
922,3,0.42960184812545776,0.580856204032898
923,3,-0.4558051824569702,0.2640126347541809
924,3,1.9107438325881958,0.5826550722122192
925,3,1.7679566144943237,2.252659559249878
926,3,-0.38275691866874695,0.9717916250228882
927,3,4.0619282722473145,1.0903127193450928
928,3,0.7388210296630859,0.6194232106208801
929,3,-0.07258199155330658,0.573235809803009
930,3,-0.4069419801235199,0.35075584053993225
931,3,3.2014195919036865,0.8259466290473938
932,3,3.2497003078460693,0.6756601333618164
933,3,1.6727427244186401,2.8936984539031982
934,3,-0.4069419801235199,2.7109215259552
935,3,2.077467203140259,1.7758334875106812
936,3,0.35808926820755005,0.4975372850894928
937,3,3.8236682415008545,0.8895465731620789
938,3,3.0105111598968506,1.4449962377548218
939,3,-0.16837136447429657,0.3306472599506378
940,3,2.508270740509033,1.9171152114868164
941,3,2.7478888034820557,1.465968370437622
942,3,4.253561973571777,1.4799528121948242
943,3,2.2222042083740234,0.6584644317626953
944,3,2.3408265113830566,0.9874178171157837
945,3,3.2014195919036865,1.214756727218628
946,3,3.8236682415008545,1.4735314846038818
947,3,3.7509472370147705,1.2511649131774902
948,3,2.102992057800293,0.8984032869338989
949,3,4.349467754364014,1.3729480504989624
950,3,1.5768485069274902,0.8434246778488159
951,3,2.077467203140259,1.6009070873260498
952,3,4.229416370391846,1.232908844947815
953,3,3.6092748641967773,2.310926914215088
954,3,0.35808926820755005,2.8595800399780273
955,3,3.631322145462036,1.3844867944717407
956,3,2.6529457569122314,1.0426180362701416
957,3,-0.6471605896949768,2.64251708984375
958,3,2.3889827728271484,2.1884193420410156
959,3,-0.8855306506156921,2.148479461669922
960,3,5.042290210723877,1.3355801105499268
961,3,4.565590858459473,1.1402480602264404
962,3,5.019353866577148,1.3990620374679565
963,3,0.45606809854507446,0.40842264890670776
964,3,1.8645553588867188,1.7183300256729126
965,3,3.537736654281616,1.9235198497772217
966,3,2.8912806510925293,1.6880003213882446
967,3,4.109651565551758,1.2696927785873413
968,3,2.819136619567871,2.1616368293762207
969,3,2.1983838081359863,2.3456289768218994
970,3,2.795217752456665,1.7454315423965454
971,3,2.102992057800293,1.1098134517669678
972,3,1.5768485069274902,0.8434246778488159
973,3,3.5118329524993896,1.0431499481201172
974,3,2.2936041355133057,2.0911993980407715
975,3,1.5768485069274902,2.009643316268921
976,3,4.349467754364014,1.3781092166900635
977,3,4.516676902770996,2.142238140106201
978,3,2.795217752456665,2.4190495014190674
979,3,4.109651565551758,2.4909846782684326
980,3,2.3189265727996826,1.3213484287261963
981,3,4.0619282722473145,1.4048383235931396
982,3,2.581045150756836,2.562614917755127
983,3,1.5050040483474731,3.0347259044647217
984,3,3.9671037197113037,3.6064095497131348
985,3,1.6727427244186401,0.8682211637496948
986,3,2.1983838081359863,1.9978609085083008
987,3,2.581045150756836,1.74420166015625
988,3,0.19934363663196564,0.19543923437595367
989,3,-0.4757164716720581,-0.019713502377271652
990,3,-0.014392253942787647,0.2602848410606384
991,3,-0.4549265205860138,0.2988184690475464
992,3,-1.3409347534179688,0.39343151450157166
993,3,-1.982764482498169,0.41768860816955566
994,3,-0.396605521440506,0.22325578331947327
995,3,-2.393420934677124,0.5380479693412781
996,3,-3.0551669597625732,-0.10013210773468018
997,3,-3.36055588722229,0.4351993501186371
998,3,0.1809239685535431,0.7728793025016785
999,3,-0.14287693798542023,0.46870046854019165
1000,3,0.46132421493530273,0.7982977628707886
1001,3,-0.17043781280517578,0.516022801399231
1002,3,-0.6724210977554321,0.4599422812461853
1003,3,-0.9126397371292114,1.3853679895401
1004,3,-0.6100000739097595,0.5850558876991272
1005,3,-0.6100000739097595,1.313234806060791
1006,3,-0.7422019243240356,0.46429356932640076
1007,3,-0.4106564223766327,0.508647620677948
1030,3,4.259236812591553,1.0254623889923096
1031,3,-0.13220183551311493,0.6529839038848877
1202,3,0.6508750319480896,0.6555078625679016
1203,3,-0.9508990049362183,0.443561315536499
1204,3,2.763950824737549,1.6526577472686768
1205,3,-0.9561419486999512,0.2529589533805847
1206,3,1.7170486450195312,0.7342144250869751
1207,3,-0.42659780383110046,0.8865033984184265
1208,3,-2.0757222175598145,4.687401294708252
1209,3,-0.6287487745285034,2.750296115875244
1210,3,2.3017444610595703,2.0799107551574707
1211,3,-0.5122073292732239,0.4639267325401306
1212,3,-1.9794374704360962,1.1024762392044067
1213,3,-0.21733520925045013,0.8796035647392273
1214,3,0.9587345719337463,2.234828472137451
1215,3,-0.6123114824295044,0.4627099931240082
1216,3,-0.4138105511665344,0.7142945528030396
1217,3,0.2758272886276245,2.1618459224700928
1218,3,-1.8472355604171753,1.3724873065948486
1219,3,-0.3423922061920166,1.3670763969421387
1220,3,1.118950605392456,1.3575236797332764
1221,3,1.7852216958999634,1.8178726434707642
1222,3,0.6697938442230225,1.077378749847412
1223,3,0.5312100648880005,0.9629467725753784
1224,3,-2.452514886856079,5.698065280914307
1225,3,-2.0757222175598145,4.138665199279785
1226,3,-1.8355034589767456,2.320030689239502
1227,3,-0.40960875153541565,3.2743401527404785
1228,3,0.9891233444213867,2.7765426635742188
1229,3,-1.1080924272537231,1.3495174646377563
1230,3,-2.9318337440490723,1.127918004989624
1231,3,-2.016425609588623,1.101843237876892
1232,3,-1.5924550294876099,0.7499290108680725
1233,3,-3.5360348224639893,0.5701626539230347
1234,3,-1.4694386720657349,0.4258368909358978
1235,3,-2.809424638748169,0.5473005175590515
1236,3,-3.5096993446350098,0.5775524377822876
1237,3,-0.4528871178627014,1.5462836027145386
1238,3,0.4528871178627014,0.06446385383605957
1239,3,1.8279184103012085,2.252659559249878
1240,3,3.6436209678649902,0.6165989637374878
1241,3,2.238574743270874,1.2213064432144165
1242,3,0.5046222805976868,0.6036597490310669
1243,3,4.294496059417725,1.6728267669677734
1244,3,2.5326898097991943,2.564166307449341
1245,3,4.556260585784912,4.350491046905518
1246,3,1.8363221883773804,1.9953800439834595
1247,3,2.0956978797912598,3.1161484718322754
1248,3,2.8455445766448975,3.278456211090088
1249,3,2.582089424133301,4.675365447998047
1250,3,-1.5434516668319702,1.7475172281265259
1251,3,-4.384282112121582,1.3029494285583496
1252,3,-0.6709600687026978,1.5462836027145386
1253,3,-2.4665775299072266,0.5701626539230347
1254,3,0.4730774760246277,1.4925613403320312
1255,3,0.3220660388469696,2.5187134742736816
1256,3,1.4830588102340698,4.003306865692139
1257,3,-2.1472480297088623,1.5704774856567383
1258,3,-1.5569682121276855,2.5743892192840576
1259,3,-0.6917499899864197,2.9143900871276855
1260,3,-0.9873782992362976,4.118607521057129
1261,3,4.384282112121582,0.5789739489555359
3118,3,0.051550064235925674,1.2779439687728882
3119,3,0.1837518960237503,0.6497780084609985
3120,3,0.76484614610672,2.421271800994873
3468,3,2.365107297897339,0.5979569554328918
3469,3,1.2257654666900635,0.8922435641288757
3470,3,3.0738284587860107,2.7573790550231934
3471,3,1.9264557361602783,2.089005947113037
3472,3,0.4106564223766327,0.8769637942314148
3473,3,2.2370340824127197,0.51522296667099
3474,3,0.22198787331581116,0.3158084750175476
3475,3,2.2844555377960205,0.4784959852695465
3476,3,2.7958486080169678,0.6106276512145996
3477,3,-0.020789921283721924,0.34767788648605347
3478,3,3.8573801517486572,0.5368611216545105
4023,3,0.4106564223766327,1.6575762033462524
4024,3,0.3555048108100891,2.1158628463745117
4025,3,1.8372485637664795,-0.4910961091518402
4026,3,1.7820247411727905,3.9517197608947754
4027,3,1.2988171577453613,3.7347183227539062
4028,3,2.8385491371154785,0.9511141777038574
4029,3,0.17043781280517578,2.2606513500213623
5440,3,0.8213128447532654,0.39342302083969116
5441,3,0.0,0.3415197730064392
5442,3,2.5961403846740723,0.8259466290473938
5443,3,-0.3026396632194519,0.29404085874557495
5444,3,2.4998557567596436,0.6756601333618164
5445,3,0.19934363663196564,1.115740180015564
5446,3,2.185483932495117,2.8936984539031982
5447,3,-2.261219024658203,2.7109215259552
5448,3,0.0,1.6368143558502197
5449,3,2.2143898010253906,1.7758334875106812
5450,3,-0.5428582429885864,0.4975372850894928
5451,3,-0.13220183551311493,1.0793300867080688
5452,3,2.6789426803588867,0.8895465731620789
5453,3,1.9302657842636108,1.4449962377548218
5454,3,-0.8970479965209961,0.3306472599506378
5455,3,0.7588918209075928,0.5430701375007629
5456,3,2.0532820224761963,1.9171152114868164
5457,3,0.10801676660776138,1.2118629217147827
5458,3,0.10801676660776138,1.0458577871322632
5459,3,2.2143898010253906,1.465968370437622
5460,3,3.5002553462982178,1.4799528121948242
5461,3,1.8312941789627075,0.6584644317626953
5462,3,2.185483932495117,0.9874178171157837
5463,3,-1.496372938156128,3.650620222091675
5525,3,0.5894072651863098,0.580856204032898
5526,3,-1.4773621559143066,0.2640126347541809
5527,3,0.8707124590873718,1.1090567111968994
5528,3,2.7824625968933105,2.252659559249878
5529,3,-0.0947713702917099,2.836179733276367
5530,3,0.23677411675453186,0.9717916250228882
5531,3,-1.3147715330123901,1.0903127193450928
5532,3,-0.8585193753242493,0.6383439302444458
5533,3,1.5096182823181152,0.6194232106208801
5534,3,-0.5828139781951904,0.35075584053993225
5535,3,-0.051081907004117966,0.4120664596557617
5536,3,0.5186731815338135,0.4655989706516266
5537,3,0.8012278079986572,0.05774747207760811
5538,3,1.733952522277832,1.1112362146377563
5539,3,0.8407392501831055,1.576642394065857
5540,3,2.2508599758148193,2.172207832336426
5541,3,1.733952522277832,1.1536202430725098
5542,3,0.038235973566770554,1.1895830631256104
5543,3,2.144608974456787,1.3563599586486816
5544,3,2.5226452350616455,0.6639261245727539
5545,3,0.038235973566770554,0.8056057095527649
5546,3,0.27845457196235657,1.0024397373199463
5560,3,1.2389806509017944,1.5419291257858276
5561,3,2.185483932495117,0.3798012137413025
5562,3,0.4106564223766327,0.9520622491836548
5563,3,-1.8037333488464355,1.7531154155731201
5564,3,-1.8037333488464355,-0.16767510771751404
5565,3,2.996121644973755,2.696572780609131
5566,3,3.76096773147583,1.6597627401351929
5567,3,0.6982964873313904,0.9520622491836548
5568,3,-2.355921745300293,1.7531154155731201
5569,3,-1.5861589908599854,-0.16767510771751404
5638,3,2.573214054107666,1.1829127073287964
5639,3,-0.5298199653625488,1.7502985000610352
5640,3,2.5961403846740723,2.163158893585205
5641,3,-1.0106927156448364,1.9897868633270264
6047,3,3.831104278564453,0.8259466290473938
6048,3,3.590885639190674,0.8259466290473938
6049,3,3.0436551570892334,0.8259466290473938
6050,3,3.4651825428009033,0.6756601333618164
6051,3,3.650061845779419,0.6756601333618164
6052,3,4.162887096405029,0.6756601333618164
6053,3,3.239405393600464,2.8936984539031982
6054,3,3.0652012825012207,2.8936984539031982
6055,3,2.9027695655822754,2.8936984539031982
6056,3,3.2093722820281982,1.7758334875106812
6057,3,3.831104278564453,1.7758334875106812
6058,3,3.400191068649292,1.7758334875106812
6059,3,3.974159002304077,0.8895465731620789
6060,3,4.092513084411621,0.8895465731620789
6061,3,3.752230405807495,0.8895465731620789
6062,3,3.420447826385498,1.4449962377548218
6063,3,3.2093722820281982,1.4449962377548218
6064,3,2.92996883392334,1.4449962377548218
6065,3,3.239405393600464,1.9171152114868164
6066,3,3.4651825428009033,1.9171152114868164
6067,3,3.239405393600464,1.9171152114868164
6068,3,2.450101137161255,1.465968370437622
6069,3,3.620028495788574,1.465968370437622
6070,3,3.8750691413879395,1.465968370437622
6071,3,4.984199523925781,1.4799528121948242
6072,3,4.573543071746826,1.4799528121948242
6073,3,4.984199523925781,1.4799528121948242
6074,3,3.590885639190674,0.6584644317626953
6075,3,3.2549679279327393,0.6584644317626953
6076,3,3.305419921875,0.6584644317626953
6077,3,0.35178300738334656,0.29404085874557495
6078,3,1.3023427724838257,1.115740180015564
6079,3,1.9412486553192139,1.115740180015564
6080,3,-2.077467203140259,2.7109215259552
6081,3,-2.1198689937591553,2.7109215259552
6082,3,1.142086148262024,1.6368143558502197
6083,3,1.06242036819458,1.6368143558502197
6084,3,1.0388641357421875,1.6368143558502197
6085,3,0.5910182595252991,0.4975372850894928
6086,3,0.9857154488563538,1.0793300867080688
6087,3,-0.4991435110569,0.3306472599506378
6088,3,1.8707118034362793,0.5430701375007629
6089,3,0.8916863799095154,1.2118629217147827
6090,3,1.5581531524658203,1.2118629217147827
6091,3,1.1825987100601196,1.0458577871322632
6333,3,1.111736536026001,0.1940288245677948
6427,3,1.3017500638961792,1.8778274059295654
6428,3,1.5081050395965576,2.559471607208252
6429,3,1.3930768966674805,1.8301506042480469
6430,3,0.2951873242855072,0.5890004634857178
6431,3,3.1518187522888184,1.888054609298706
6432,3,2.5512847900390625,2.048945903778076
6433,3,0.6671075820922852,0.3486178517341614
6434,3,1.2099658250808716,0.7475026249885559
6435,3,0.4804372191429138,1.6548315286636353
6436,3,1.989831566810608,0.4422593116760254
6437,3,3.2562007904052734,1.0803158283233643
6438,3,0.9608744382858276,0.5575563311576843
6439,3,0.15162824094295502,0.23362846672534943
6440,3,-0.5490620136260986,0.5081184506416321
6441,3,3.3001062870025635,1.7837543487548828
6442,3,-1.0615314245224,1.2633854150772095
6443,3,2.027261972427368,1.3980928659439087
6444,3,2.2007148265838623,0.7538749575614929
6445,3,2.8903894424438477,0.9103453755378723
6446,3,3.9618523120880127,1.2992613315582275
6447,3,0.8243905305862427,0.595069408416748
6448,3,1.8500686883926392,2.341085910797119
6449,3,5.811737537384033,2.197876453399658
6450,3,0.888344407081604,0.8550736308097839
6451,3,2.6700212955474854,0.6042593717575073
6452,3,2.2552647590637207,1.711622953414917
6453,3,2.2552647590637207,2.4933230876922607
6454,3,2.8636953830718994,1.7942708730697632
6455,3,0.05646670609712601,0.4718438684940338
6456,3,2.9032068252563477,2.403754472732544
6457,3,3.984496593475342,2.062204122543335
6458,3,0.8163550496101379,0.4543268084526062
6459,3,1.6057047843933105,1.145237922668457
6460,3,0.8012278079986572,1.423254370689392
6461,3,1.8893908262252808,0.35841304063796997
6462,3,3.7898736000061035,1.1183303594589233
6463,3,0.3802676200866699,0.6374510526657104
6464,3,-0.08478038012981415,0.21702928841114044
6465,3,0.961361825466156,0.4595232903957367
6466,3,3.4235925674438477,1.8207334280014038
6467,3,3.498105049133301,1.0825121402740479
6468,3,1.7433984279632568,1.3138797283172607
6469,3,2.062467575073242,0.5324649810791016
6470,3,3.067734956741333,1.0290541648864746
6471,3,3.075479507446289,0.9462943077087402
6472,3,0.2402186095714569,0.7176723480224609
6473,3,3.0129363536834717,2.3721184730529785
6474,3,5.432499408721924,2.3485817909240723
6475,3,0.5349057912826538,0.8323137164115906
6476,3,2.695870876312256,0.6266090273857117
6573,3,0.0,0.38240981101989746
6574,3,0.05646670609712601,0.04889896139502525
6575,3,2.665921211242676,0.7869880795478821
6576,3,0.3143717646598816,0.2582613527774811
6577,3,1.472187876701355,0.6091814041137695
6578,3,0.27845457196235657,0.27883514761924744
242,4,1.0857164859771729,0.4597461223602295
243,4,0.9917506575584412,0.902775764465332
244,4,1.009981393814087,1.3455746173858643
245,4,0.9729411005973816,0.8279333114624023
246,4,1.6457033157348633,0.8976618051528931
247,4,0.7697627544403076,-0.470694363117218
248,4,2.6548469066619873,1.383730173110962
249,4,2.077467203140259,1.5974390506744385
250,4,3.0309817790985107,0.058145664632320404
251,4,2.17301082611084,2.372745990753174
252,4,3.0309817790985107,0.6770259737968445
253,4,0.2402186095714569,3.9999923706054688
254,4,0.0,0.658253014087677
255,4,0.5810942649841309,0.3733633756637573
256,4,0.3591063618659973,-0.3047197759151459
257,4,0.6829072833061218,0.32426875829696655
258,4,0.7422019243240356,0.2742466330528259
259,4,-1.009981393814087,-0.3403797447681427
634,4,2.317685842514038,1.1142350435256958
635,4,3.0309817790985107,2.3318190574645996
696,4,1.5992153882980347,3.4780890941619873
697,4,0.8984887003898621,0.3523938059806824
698,4,-0.5018116235733032,0.4292944073677063
699,4,0.39763498306274414,1.4843313694000244
700,4,-0.4014550745487213,1.6757290363311768
701,4,1.4974024295806885,3.041308879852295
702,4,0.29746535420417786,0.9711874127388
703,4,-0.6010016798973083,0.6844061613082886
704,4,-0.9017500281333923,1.0493066310882568
705,4,1.8000420331954956,1.2363574504852295
706,4,-0.10145894438028336,1.56857168674469
707,4,0.0,1.3006993532180786
708,4,-0.4014550745487213,0.26438239216804504
709,4,-0.4014550745487213,0.2779058516025543
710,4,-0.10145894438028336,0.24185338616371155
711,4,-0.5018116235733032,0.2860167622566223
712,4,-0.4014550745487213,0.19582374393939972
713,4,0.19934363663196564,0.4351508617401123
714,4,-0.9017500281333923,0.3444879651069641
715,4,-0.20182165503501892,1.667694330215454
716,4,-0.4014550745487213,2.1448707580566406
717,4,-1.8022412061691284,1.890929937362671
718,4,-0.9017500281333923,1.990918517112732
719,4,-1.2028181552886963,0.49258002638816833
720,4,-0.7013956308364868,0.21940484642982483
721,4,1.1360437870025635,3.4780890941619873
722,4,-0.11787066608667374,0.3523938059806824
723,4,-0.015469598583877087,0.4292944073677063
724,4,0.40297210216522217,1.4843313694000244
725,4,-0.9208399057388306,1.6757290363311768
726,4,1.326342225074768,3.041308879852295
727,4,0.2582642138004303,0.9711874127388
728,4,-0.5790618062019348,0.6844061613082886
729,4,-1.0864804983139038,1.0493066310882568
730,4,1.1793076992034912,1.2363574504852295
731,4,-1.1683279275894165,1.56857168674469
732,4,-0.5710011124610901,1.3006993532180786
733,4,-0.2796773910522461,0.26438239216804504
734,4,-0.24635806679725647,0.2779058516025543
735,4,-0.28459402918815613,0.24185338616371155
736,4,-0.9065632224082947,0.2860167622566223
737,4,-0.5630486011505127,0.19582374393939972
738,4,0.07719918340444565,0.4351508617401123
739,4,-1.1467818021774292,0.3444879651069641
740,4,-1.0494401454925537,1.667694330215454
741,4,-0.9065632224082947,2.1448707580566406
742,4,-1.9596909284591675,1.890929937362671
743,4,-1.7567819356918335,1.990918517112732
744,4,-1.5574382543563843,0.49258002638816833
745,4,-0.6039235591888428,0.21940484642982483
1008,4,0.4753517508506775,1.8972736597061157
1009,4,2.162247657775879,2.4857168197631836
1010,4,1.897843837738037,2.373570680618286
1011,4,2.162247657775879,6.5844526290893555
1012,4,1.5231046676635742,2.3736894130706787
1013,4,2.162247657775879,1.8375104665756226
1014,4,2.162247657775879,1.465707540512085
1015,4,1.038295030593872,1.578319787979126
1016,4,1.9676246643066406,1.2949161529541016
1017,4,2.162247657775879,0.8330758213996887
1018,4,1.6758559942245483,1.0051381587982178
1019,4,0.9443292021751404,1.4234079122543335
1020,4,-0.09897152334451675,1.6433887481689453
1021,4,0.45456182956695557,2.16951584815979
1022,4,-0.45807787775993347,1.4334605932235718
1873,4,0.2402186095714569,1.1119698286056519
1874,4,4.938011169433594,2.578237295150757
1875,4,1.2561542987823486,2.40399432182312
1876,4,3.477555513381958,2.9157073497772217
1877,4,2.365107297897339,0.372528612613678
1878,4,0.27225083112716675,0.8695195317268372
1879,4,0.3854418992996216,0.8830782175064087
1880,4,3.773183822631836,3.6786627769470215
1881,4,1.9544508457183838,2.0425453186035156
4170,4,1.729231834411621,-1.027698278427124
4470,4,0.29772302508354187,0.8225516080856323
4471,4,0.40573978424072266,1.5177438259124756
4472,4,0.7580751776695251,0.68809974193573
4473,4,1.9157778024673462,0.42173415422439575
4474,4,1.9942853450775146,1.017653465270996
4475,4,2.0725505352020264,0.929230809211731
4476,4,0.6292684674263,2.278407096862793
4477,4,1.652940034866333,0.9566571116447449
4478,4,2.2047524452209473,2.685088634490967
4479,4,1.908984661102295,1.9421945810317993
4480,4,0.4299248456954956,2.0856099128723145
4481,4,0.4416569471359253,2.5813028812408447
4512,4,2.8872756958007812,2.4674153327941895
4513,4,4.455748081207275,3.907215118408203
4514,4,4.455748081207275,1.4348756074905396
4515,4,4.215529441833496,3.056594133377075
4516,4,2.6809208393096924,3.0881991386413574
4517,4,2.2293894290924072,2.0076146125793457
4518,4,3.408845901489258,2.390084743499756
4526,4,0.8213128447532654,2.1820120811462402
4527,4,4.133388519287109,3.4798102378845215
4528,4,3.8812005519866943,1.4810221195220947
4529,4,4.092513084411621,2.885354518890381
4530,4,3.5805726051330566,2.8740413188934326
4531,4,3.850174903869629,3.460811138153076
4532,4,3.393157958984375,2.754112720489502
4581,4,2.5755908489227295,1.8595364093780518
4582,4,1.8850841522216797,2.13389253616333
4583,4,1.0963916778564453,1.737947702407837
5547,4,0.6936055421829224,1.405388593673706
5548,4,2.1533782482147217,1.9181439876556396
5549,4,2.790146827697754,1.8260889053344727
5550,4,0.038346003741025925,1.2503129243850708
5551,4,0.20547401905059814,1.089614748954773
5552,4,0.9106241464614868,1.642769455909729
5553,4,0.03420586138963699,2.5995140075683594
5554,4,0.19162222743034363,1.099196434020996
5555,4,2.3625965118408203,3.8196969032287598
5556,4,0.43817728757858276,1.3970947265625
5612,4,2.230583667755127,0.27961084246635437
5613,4,1.6885002851486206,2.1651716232299805
5614,4,2.2666831016540527,0.06736170500516891
5615,4,0.43684640526771545,2.4488933086395264
5616,4,0.6970077157020569,2.9131083488464355
5617,4,0.08989062905311584,0.29905563592910767
5618,4,-0.9704915285110474,-0.13540367782115936
5619,4,-0.6311247944831848,3.4494099617004395
6040,4,0.5577501058578491,1.4172532558441162
6041,4,0.0,0.16271904110908508
6042,4,0.21131277084350586,0.15056703984737396
6092,4,1.0004743337631226,1.3080700635910034
6093,4,2.201554298400879,3.4780890941619873
6094,4,1.0004743337631226,0.9913334846496582
6095,4,0.30178165435791016,1.144368290901184
6096,4,1.0004743337631226,0.4130770266056061
6097,4,1.7991840839385986,3.041308879852295
6098,4,0.8008137345314026,0.415536493062973
6099,4,0.30178165435791016,0.9711874127388
6100,4,-0.2992199957370758,0.6844061613082886
6101,4,2.401493787765503,1.2363574504852295
6102,4,1.0004743337631226,0.5665985345840454
6103,4,-0.09967343509197235,0.2779058516025543
6104,4,0.9006381034851074,0.376278817653656
6105,4,1.1007846593856812,0.8023799657821655
6106,4,-0.5999683737754822,1.0283714532852173
6107,4,2.3011672496795654,0.49187034368515015
6108,4,0.9006381034851074,2.365774393081665
6109,4,1.8241292238235474,1.3080700635910034
6110,4,2.304816722869873,3.4780890941619873
6111,4,0.8626772165298462,0.9913334846496582
6112,4,0.6701434850692749,1.144368290901184
6113,4,1.6315052509307861,0.4130770266056061
6114,4,3.4585320949554443,1.796194076538086
6115,4,3.074397563934326,3.041308879852295
6116,4,1.0549668073654175,0.415536493062973
6117,4,0.574323296546936,0.9711874127388
6118,4,-0.2905236482620239,0.6844061613082886
6119,4,3.074397563934326,1.2363574504852295
6120,4,1.919624924659729,0.5665985345840454
6121,4,0.19088996946811676,0.2779058516025543
6122,4,0.4777107834815979,0.25553545355796814
6123,4,1.1507562398910522,4.647093772888184
6124,4,3.746721029281616,2.931715726852417
6125,4,-0.8671044707298279,1.0283714532852173
6126,4,1.919624924659729,0.49187034368515015
6127,4,3.5545313358306885,3.87323260307312
6128,4,0.7661910653114319,2.365774393081665
6129,4,0.19088996946811676,0.26212364435195923
6130,4,0.28575387597084045,0.7242560982704163
6131,4,1.6457569599151611,1.9452775716781616
6132,4,0.09720733761787415,0.22515106201171875
6133,4,1.6457569599151611,1.0749256610870361
6134,4,1.9372704029083252,4.241959571838379
6135,4,1.4525357484817505,1.8860275745391846
6136,4,0.9681078195571899,2.1381897926330566
6137,4,2.1297554969787598,1.5315303802490234
6138,4,0.09720733761787415,1.9349615573883057
6139,4,0.871229350566864,2.445923089981079
6140,4,-0.2906951308250427,0.4938564896583557
6141,4,0.4855044186115265,0.44608551263809204
6142,4,1.0649688243865967,0.48068732023239136
6143,4,1.7429593801498413,1.5858131647109985
6144,4,1.7429593801498413,2.5402863025665283
6145,4,3.193985939025879,1.4732434749603271
6146,4,0.29070067405700684,0.5979357361793518
6147,4,-0.5806019902229309,1.6131982803344727
6148,4,-0.2906951308250427,0.21787086129188538
6149,4,1.0008436441421509,1.9229615926742554
6150,4,-0.3999384045600891,0.9358416795730591
6151,4,-0.3999384045600891,1.9097869396209717
6152,4,0.10035651177167892,1.4731485843658447
6153,4,0.7011552453041077,1.4209623336791992
6154,4,0.10035651177167892,1.5976406335830688
6155,4,1.9992140531539917,0.9669235944747925
6156,4,0.7992769479751587,1.6137529611587524
6157,4,0.20002995431423187,1.3581311702728271
6158,4,1.3008146286010742,3.3126518726348877
6159,4,1.4003002643585205,0.4034191966056824
6160,4,0.30178165435791016,1.3543208837509155
6161,4,2.5012662410736084,2.5349669456481934
6162,4,0.2003227025270462,0.387954443693161
6163,4,2.201554298400879,0.7954298257827759
6164,4,0.0,2.2575082778930664
6165,4,0.8008137345314026,1.5765039920806885
6166,4,-0.09967343509197235,2.4969475269317627
6167,4,0.5011252760887146,1.3448330163955688
6168,4,2.3011672496795654,2.0028622150421143
6169,4,2.601687431335449,0.5722393989562988
6170,4,1.7991840839385986,0.7179109454154968
6171,4,1.6006627082824707,3.8218789100646973
6172,4,1.4007436037063599,3.1991565227508545
6173,4,1.7991840839385986,2.8614091873168945
6174,4,1.919624924659729,0.6630889177322388
6175,4,2.0166759490966797,5.989897727966309
6176,4,1.919624924659729,4.2168145179748535
6177,4,1.2470759153366089,4.0892534255981445
6178,4,3.4585320949554443,4.705186367034912
6179,4,2.208296537399292,3.9680213928222656
6180,4,4.708082675933838,3.2697196006774902
6181,4,3.169999122619629,2.6408884525299072
6182,4,5.862424373626709,3.094203472137451
6183,4,3.938493251800537,2.7372193336486816
6184,4,1.4377479553222656,3.8218789100646973
6185,4,0.7661910653114319,3.1991565227508545
6186,4,0.28575387597084045,1.7007938623428345
6187,4,2.1297554969787598,3.630168914794922
6188,4,1.5513603687286377,3.7779335975646973
6189,4,0.29070067405700684,3.773960828781128
6190,4,0.19255085289478302,2.5386481285095215
6191,4,2.1297554969787598,2.0124704837799072
6192,4,1.5513603687286377,2.0770411491394043
6193,4,2.0329933166503906,2.0614843368530273
6194,4,2.5166070461273193,1.4692310094833374
6195,4,2.6137888431549072,1.3393738269805908
6196,4,4.257757186889648,2.917788505554199
6197,4,3.000670909881592,3.264538526535034
6198,4,2.6137888431549072,2.767911195755005
6199,4,2.323566198348999,3.1736950874328613
6200,4,2.8070836067199707,3.306481122970581
6201,4,2.7103421688079834,3.2171883583068848
6202,4,3.38753080368042,2.706234931945801
6203,4,4.4514851570129395,1.9620460271835327
6204,4,3.000670909881592,2.6321489810943604
6205,4,2.0329933166503906,1.4936497211456299
6206,4,2.226851224899292,4.116602897644043
6207,4,1.9372704029083252,2.0702171325683594
6208,4,-0.5806019902229309,1.5496654510498047
6209,4,1.2585135698318481,2.682136058807373
6210,4,0.0,0.6254523396492004
6211,4,1.5513603687286377,1.3054633140563965
6212,4,1.7429593801498413,4.162904262542725
6213,4,1.0649688243865967,2.260038375854492
6214,4,1.3008146286010742,3.992727756500244
6215,4,1.7006744146347046,4.190537929534912
6216,4,1.7981401681900024,1.1996229887008667
6217,4,2.800978183746338,2.241701602935791
6218,4,0.5867636799812317,0.6163979768753052
6219,4,2.728342294692993,2.281888246536255
6220,4,0.7152742147445679,0.5819560885429382
6221,4,1.4368070363998413,0.7354555726051331
6222,4,0.17093296349048615,0.40365058183670044
6223,4,0.4096648693084717,0.7602133750915527
6224,4,1.5351040363311768,0.7326633334159851
6225,4,0.30580151081085205,3.8627548217773438
6226,4,1.712186336517334,2.5180907249450684
6227,4,3.437662124633789,2.014802932739258
6228,4,1.896231770515442,1.6681947708129883
6229,4,0.7152742147445679,0.8338295221328735
6230,4,3.437662124633789,2.179175615310669
6231,4,1.4919975996017456,0.5180951356887817
6232,4,1.1796982288360596,2.857210159301758
6233,4,1.1796982288360596,0.7743090391159058
6234,4,0.4096648693084717,0.2087005078792572
6235,4,0.4096648693084717,0.8464984893798828
6236,4,0.6034535765647888,0.5643479228019714
6237,4,0.551903486251831,0.7667134404182434
6238,4,-0.6982964873313904,0.5753756761550903
6239,4,-0.2876400649547577,0.2866436541080475
6240,4,0.3632349669933319,1.3846615552902222
6241,4,0.6034535765647888,3.4883201122283936
6242,4,1.8187329769134521,3.6073806285858154
6243,4,3.604046583175659,3.457775115966797
6244,4,-1.1089528799057007,-0.1977808028459549
6245,4,-1.2793906927108765,-0.09978754073381424
6246,4,1.9539144039154053,1.9864232540130615
6247,4,2.167797565460205,2.129251003265381
6248,4,2.7589051723480225,4.141019344329834
6249,4,0.7665860652923584,2.1000232696533203
6250,4,1.205237627029419,2.5866858959198
6251,4,1.9539144039154053,4.120955467224121
6252,4,1.9666558504104614,1.3697655200958252
6253,4,3.9646518230438232,4.570143222808838
6254,4,4.206310272216797,3.7874209880828857
6255,4,-0.7980764508247375,0.13574843108654022
6256,4,2.62937068939209,0.7528160214424133
6257,4,2.0998265743255615,1.642861008644104
6258,4,2.57879900932312,0.7683073282241821
6259,4,1.9676246643066406,1.0821317434310913
6260,4,0.7356554269790649,0.6924033164978027
6261,4,-0.3667510151863098,1.5465624332427979
6262,4,-0.641829788684845,1.0708495378494263
6263,4,-1.7309221029281616,1.3700281381607056
6264,4,3.0406603813171387,2.5082385540008545
6265,4,1.5169224739074707,2.35801362991333
6266,4,1.991344928741455,0.626611053943634
6267,4,1.4893616437911987,1.135174036026001
6268,4,2.8970348834991455,3.490978717803955
6269,4,1.6597994565963745,3.46307373046875
6270,4,0.9101451635360718,1.1651803255081177
6271,4,-0.03591717779636383,1.9614336490631104
6272,4,0.2402186095714569,0.2885904312133789
6273,4,2.0150461196899414,0.5177825689315796
6274,4,-1.774827480316162,-0.20375461876392365
6275,4,-2.0150461196899414,-0.19247670471668243
6276,4,0.7132960557937622,-0.276620477437973
6277,4,0.5019832849502563,0.5761788487434387
6278,4,1.4762879610061646,-0.03121965005993843
6279,4,1.1239525079727173,1.3990929126739502
6280,4,1.1089528799057007,0.3484277129173279
6281,4,0.8910936117172241,0.34849610924720764
6282,4,1.4554979801177979,1.234950304031372
6283,4,1.4554979801177979,2.366074323654175
6284,4,1.907029390335083,1.4885739088058472
6285,4,1.5808899402618408,0.541100263595581
6286,4,2.7525272369384766,2.026768207550049
6287,4,1.312620997428894,1.5302928686141968
6288,4,2.232905387878418,0.35119420289993286
6289,4,2.6203253269195557,3.826808452606201
6290,4,2.6203253269195557,-0.20047041773796082
6291,4,1.3225784301757812,0.18155056238174438
6292,4,1.5063303709030151,0.22515106201171875
6293,4,1.8089699745178223,-0.5000324249267578
6294,4,1.8089699745178223,2.1381897926330566
6295,4,1.83220636844635,0.711194634437561
6296,4,1.9169868230819702,0.07937901467084885
6297,4,2.15720534324646,1.8860275745391846
6298,4,2.3276431560516357,4.241959571838379
6299,4,2.738299608230591,1.9452775716781616
6300,4,2.7857210636138916,1.0749256610870361
6301,4,3.4212069511413574,1.6387176513671875
6302,4,3.5837974548339844,1.5315303802490234
6303,4,5.0657782554626465,0.3483273684978485
6304,4,5.3586249351501465,5.10956335067749
6305,4,5.3586249351501465,1.3354814052581787
6306,4,1.388119101524353,0.44608551263809204
6307,4,0.6891109943389893,0.48068732023239136
6308,4,-0.10772061347961426,1.6131982803344727
6309,4,2.039231300354004,1.9452775716781616
6310,4,0.4360252022743225,0.22515106201171875
6311,4,1.496372938156128,4.241959571838379
6312,4,0.6891109943389893,2.1381897926330566
6313,4,2.039231300354004,1.5315303802490234
6314,4,-0.10772061347961426,1.9349615573883057
6315,4,2.2143898010253906,0.8056735992431641
6316,4,2.94437575340271,0.7528160214424133
6317,4,2.5355451107025146,1.4732434749603271
6318,4,2.6203253269195557,1.931473731994629
6319,4,2.728342294692993,2.931715726852417
6320,4,-0.21131277084350586,0.01549014262855053
6483,4,-0.4778553247451782,1.4933788776397705
6484,4,-0.2331232875585556,1.4978145360946655
6485,4,0.45034053921699524,0.8726288080215454
6486,4,2.7175374031066895,1.6685428619384766
6487,4,2.0530591011047363,2.707218647003174
6510,4,-0.1188877522945404,0.87879478931427
6511,4,-0.13897278904914856,0.03317036107182503
6512,4,0.14287693798542023,0.24217204749584198
6513,4,0.5096279382705688,0.3699035048484802
6514,4,-0.18866854906082153,0.07628418505191803
6515,4,0.051550064235925674,0.3720267713069916
6519,4,0.8112425804138184,0.24923864006996155
6520,4,1.1104871034622192,0.3740611672401428
6521,4,1.0790220499038696,1.235691785812378
6522,4,2.74798321723938,2.7928760051727295
6523,4,1.3641711473464966,2.8040151596069336
6524,4,2.7973828315734863,2.674525022506714
6525,4,1.2860103845596313,0.17232617735862732
6526,4,1.9003349542617798,2.235598087310791
6527,4,2.7973828315734863,1.7627121210098267
6528,4,0.6351353526115417,-0.24261896312236786
6529,4,0.0,0.37656959891319275
6530,4,2.4099628925323486,0.686582624912262
6531,4,2.7973828315734863,3.564160108566284
6532,4,2.618992567062378,2.417410373687744
6533,4,2.7973828315734863,2.474461317062378
6534,4,2.4643545150756836,0.5741391181945801
6535,4,2.7973828315734863,2.0866355895996094
6536,4,2.7973828315734863,1.8723056316375732
6537,4,1.7475835084915161,-0.47173938155174255
6538,4,0.8599647283554077,0.8135005235671997
6539,4,2.4538683891296387,1.4250444173812866
6540,4,2.7973828315734863,4.186133861541748
6541,4,2.7415082454681396,3.4603843688964844
6542,4,2.7973828315734863,3.1865198612213135
6543,4,2.791428565979004,0.7759073972702026
6544,4,2.7973828315734863,2.6511824131011963
6545,4,2.7973828315734863,1.9395668506622314
6546,4,2.1223227977752686,-0.0781451091170311
6547,4,1.3228204250335693,0.8915632367134094
6548,4,-1.2214624881744385,-0.05356767773628235
6549,4,-1.3788002729415894,-0.05356767773628235
6550,4,-0.3963797688484192,-0.1927643120288849
6551,4,-0.7279252409934998,0.0334237739443779
6552,4,1.2214624881744385,0.5755413770675659
6553,4,1.3788002729415894,0.5755413770675659
6554,4,0.9824205040931702,0.30099278688430786
6555,4,0.6508750319480896,0.47398748993873596
6556,4,0.29242265224456787,0.0592784509062767
6557,4,0.09752010554075241,0.7081831097602844
6558,4,-0.9751043915748596,-0.7764263153076172
6559,4,-1.2214624881744385,-0.05356767773628235
6560,4,-0.9225372672080994,0.40708279609680176
6561,4,1.5138851404190063,-0.4527033865451813
6562,4,1.2214624881744385,0.5755413770675659
6563,4,0.24635806679725647,-0.879820704460144
6564,4,2.730912446975708,3.1970152854919434
6565,4,0.23156951367855072,1.0757251977920532
6566,4,-0.2150040864944458,0.34327492117881775
6567,4,0.659399688243866,0.5157577991485596
6568,4,1.1265227794647217,1.7536876201629639
6569,4,0.3843208849430084,1.851139783859253
6570,4,0.15741637349128723,0.3151480257511139
6571,4,-0.02633553557097912,0.8831841349601746
6572,4,0.24874325096607208,0.558982253074646
265,5,-0.4106564223766327,1.1100192070007324
266,5,2.287297010421753,1.202898383140564
387,5,0.708987295627594,2.284365177154541
388,5,0.6154942512512207,0.06927285343408585
389,5,-0.7745522260665894,1.7361294031143188
630,5,-0.007359746843576431,0.10325239598751068
631,5,-0.08225392550230026,0.6304611563682556
632,5,2.0126030445098877,-0.002966964151710272
633,5,1.8239344358444214,3.0827815532684326
1034,5,0.04742146283388138,0.09924446791410446
1035,5,-0.31932955980300903,0.2939785420894623
1036,5,0.09132687747478485,0.052925996482372284
1037,5,0.8213128447532654,0.16778592765331268
1038,5,0.7132960557937622,0.1220506802201271
1039,5,1.1313122510910034,0.14204512536525726
1040,5,1.2561542987823486,0.40875449776649475
1041,5,0.5622846484184265,0.1821187436580658
1042,5,0.7132960557937622,0.20168530941009521
1043,5,0.7167708873748779,0.6256383657455444
1044,5,0.6391429305076599,1.4911701679229736
1045,5,0.033863615244627,2.7532858848571777
1046,5,-0.07415315508842468,0.29928916692733765
1047,5,0.0962846651673317,2.0155951976776123
1048,5,0.20430143177509308,0.9222472310066223
1049,5,3.645939826965332,4.018956661224365
1050,5,0.42783015966415405,1.5840215682983398
3121,5,-0.793380618095398,1.7608152627944946
3122,5,-1.2527592182159424,-0.12065136432647705
3123,5,0.793380618095398,1.8868257999420166
3124,5,1.2527592182159424,2.8662402629852295
4030,5,-0.27507877349853516,0.11387084424495697
4031,5,0.37579625844955444,1.4345406293869019
4032,5,-0.07190047949552536,0.3755136728286743
4033,5,0.1219574585556984,0.39666250348091125
4034,5,0.9150529503822327,1.8769035339355469
4035,5,1.7057868242263794,1.5477392673492432
4036,5,1.6644362211227417,1.3338017463684082
4037,5,0.6891109943389893,2.6719744205474854
4038,5,-0.39396652579307556,2.4051706790924072
4118,5,2.5983803272247314,3.6826488971710205
4119,5,0.8030821084976196,1.28755784034729
4120,5,2.811924457550049,2.5673670768737793
4121,5,2.4605627059936523,2.4903674125671387
4422,5,0.7422019243240356,1.812112808227539
4423,5,1.1963605880737305,0.9639409780502319
4424,5,1.667994499206543,1.051565408706665
4425,5,2.03191876411438,0.08670830726623535
4426,5,2.7775838375091553,2.052063465118408
4427,5,2.8493804931640625,1.214821696281433
4428,5,2.8541905879974365,0.7354841232299805
4429,5,2.8913276195526123,1.795661211013794
4430,5,2.9276857376098633,2.176115036010742
4431,5,3.1290411949157715,1.1350324153900146
4432,5,3.459150552749634,1.9777882099151611
4433,5,1.0515739917755127,1.0996630191802979
4434,5,1.009981393814087,0.1571059674024582
4435,5,0.6442553997039795,1.5249897241592407
4436,5,0.18506699800491333,0.13656242191791534
4437,5,3.814058780670166,1.9777882099151611
4438,5,2.3874666690826416,2.052063465118408
4439,5,1.2319692373275757,0.9639409780502319
4440,5,1.989831566810608,0.08670830726623535
4441,5,1.8028225898742676,2.052063465118408
4442,5,0.8493078947067261,0.9639409780502319
4443,5,0.3912300169467926,0.08670830726623535
4548,5,0.8734071850776672,1.2725484371185303
4549,5,1.8127912282943726,2.213881492614746
4550,5,1.6158939599990845,0.25458481907844543
4551,5,0.10001825541257858,3.99206805229187
4552,5,1.8573336601257324,1.3104453086853027
4553,5,2.4906718730926514,0.12554918229579926
4554,5,0.5854030251502991,1.7966325283050537
4555,5,1.452401041984558,2.665433883666992
4556,5,1.3977943658828735,0.37572166323661804
5093,5,-0.21131277084350586,0.5480327010154724
5094,5,1.009981393814087,3.3219871520996094
5095,5,0.5186731815338135,3.5371646881103516
5096,5,0.0,0.18243536353111267
5097,5,3.681856870651245,2.9774937629699707
5098,5,0.49345865845680237,1.4004056453704834
5099,5,0.3802676200866699,0.9749981164932251
5100,5,3.681856870651245,2.2852160930633545
5101,5,0.4106564223766327,1.6520154476165771
5102,5,0.2402186095714569,1.317665934562683
5103,5,0.0,0.3168436586856842
5104,5,0.10801676660776138,0.6634315848350525
5105,5,0.3482353687286377,0.8870567083358765
5106,5,-0.0624210461974144,0.6631585359573364
5107,5,0.27845457196235657,0.6734076738357544
5108,5,-0.13220183551311493,0.32274359464645386
5109,5,0.7751243710517883,0.4525418281555176
5110,5,0.05646670609712601,0.43319016695022583
5111,5,1.5196093320846558,1.3321728706359863
5112,5,3.681856870651245,3.601644515991211
5113,5,0.4671231210231781,1.0300524234771729
5114,5,0.3143717646598816,2.4133753776550293
5115,5,0.6508750319480896,0.4102558195590973
5116,5,0.19934363663196564,0.8829072713851929
5117,5,0.3802676200866699,0.7364146113395691
5118,5,0.7250281572341919,0.6706445217132568
5119,5,0.3143717646598816,0.2784446179866791
5120,5,0.6307899951934814,3.140742301940918
5121,5,-0.21131277084350586,1.5512337684631348
5122,5,0.7422019243240356,4.012640476226807
5123,5,-0.0624210461974144,0.16023540496826172
5124,5,1.2793906927108765,1.8413007259368896
5125,5,0.12424934655427933,1.4180108308792114
5126,5,0.17043781280517578,1.9609525203704834
5127,5,0.3591063618659973,1.587199091911316
5128,5,-0.13220183551311493,0.9351845979690552
5129,5,-0.08478038012981415,0.5480327010154724
5130,5,1.0241725444793701,3.3219871520996094
5131,5,0.8998063206672668,3.5371646881103516
5132,5,3.756010055541992,2.9774937629699707
5133,5,2.6412787437438965,2.191657304763794
5134,5,0.6508750319480896,1.4004056453704834
5135,5,0.6307899951934814,0.9749981164932251
5136,5,4.673607349395752,0.5053387880325317
5137,5,5.417921543121338,2.2852160930633545
5138,5,6.082001209259033,1.8111515045166016
5139,5,0.5736418962478638,1.6520154476165771
5140,5,0.25324004888534546,1.317665934562683
5141,5,0.019426396116614342,0.240441232919693
5142,5,0.0,0.8870567083358765
5143,5,0.4300828278064728,0.6734076738357544
5144,5,-0.21131277084350586,0.32274359464645386
5145,5,1.2793906927108765,0.4525418281555176
5146,5,0.14004899561405182,0.43319016695022583
5147,5,2.185483932495117,2.2060511112213135
5148,5,2.077467203140259,0.04022197797894478
5149,5,1.0582308769226074,-0.14755962789058685
5150,5,2.289372205734253,2.2894225120544434
5151,5,3.0743792057037354,2.7730793952941895
5152,5,0.9041150808334351,0.5978387594223022
5153,5,1.3358573913574219,2.0012943744659424
5154,5,-0.08478038012981415,0.3687291145324707
5155,5,1.8576297760009766,3.037490129470825
5156,5,1.383597493171692,2.4669957160949707
5157,5,1.7648701667785645,2.0893170833587646
5158,5,2.432249069213867,2.6496031284332275
5159,5,2.790170431137085,3.6022579669952393
5160,5,3.0309817790985107,2.821841239929199
5161,5,2.488123655319214,2.1674647331237793
5162,5,2.8525915145874023,1.9006067514419556
5163,5,2.634376287460327,2.1360409259796143
5164,5,2.3812906742095947,1.9200702905654907
5165,5,2.7163729667663574,1.623705267906189
5166,5,2.297600746154785,1.7960014343261719
5167,5,3.3591322898864746,2.513782262802124
5168,5,2.3057167530059814,2.8384804725646973
5169,5,2.923438787460327,3.662921190261841
5170,5,2.683220148086548,2.9220032691955566
5171,5,3.1270294189453125,3.8226559162139893
5172,5,2.289372205734253,2.306896924972534
5173,5,2.772106647491455,2.2145915031433105
5174,5,2.700028657913208,2.742365598678589
5175,5,2.488123655319214,1.7622432708740234
5176,5,0.0,0.2541505694389343
5177,5,0.17043781280517578,0.9377075433731079
5178,5,0.0,0.2183954268693924
5179,5,0.0,0.12265951931476593
5180,5,0.0,0.29957258701324463
5181,5,0.0,0.5008397102355957
5182,5,0.17043781280517578,0.08278185874223709
5183,5,0.17043781280517578,0.2981758713722229
5184,5,0.3026396632194519,0.5594333410263062
5185,5,0.0,0.6547340154647827
5186,5,0.3026396632194519,1.025998830795288
5187,5,0.17043781280517578,0.3095322251319885
5188,5,0.3026396632194519,1.0525097846984863
5189,5,0.17043781280517578,0.19098754227161407
5190,5,0.17043781280517578,0.12256763875484467
5191,5,0.17043781280517578,0.380133718252182
5192,5,0.19081901013851166,2.1493098735809326
5193,5,-0.01742631569504738,0.19124841690063477
5194,5,0.17339269816875458,3.0920164585113525
5195,5,-0.19081901013851166,0.10658016055822372
5196,5,2.4577348232269287,2.1493098735809326
5197,5,0.7132960557937622,1.3078796863555908
5198,5,0.7697627544403076,3.0920164585113525
5199,5,0.0,0.19124841690063477
5200,5,0.6218704581260681,1.646288514137268
5201,5,1.3641711473464966,1.8413007259368896
5202,5,0.0,1.4180108308792114
5203,5,-0.18106503784656525,-0.14315131306648254
5204,5,0.22013357281684875,1.9609525203704834
5205,5,0.09638339281082153,1.587199091911316
5206,5,-0.08250609040260315,0.9351845979690552
5207,5,0.0,0.5480327010154724
5208,5,0.8954659700393677,3.3219871520996094
5209,5,0.7132960557937622,3.5371646881103516
5210,5,3.93766713142395,2.9774937629699707
5211,5,2.232905387878418,2.191657304763794
5212,5,0.7132960557937622,1.4004056453704834
5213,5,0.9252009987831116,0.9749981164932251
5214,5,6.2779974937438965,2.2852160930633545
5215,5,4.503169536590576,0.5053387880325317
5216,5,0.6389058828353882,1.6520154476165771
5217,5,0.4106564223766327,1.317665934562683
5218,5,0.030783649533987045,0.0803319662809372
5219,5,-0.07798352837562561,0.6634315848350525
5220,5,0.283371239900589,0.8870567083358765
5221,5,0.0,0.6734076738357544
5222,5,-0.16519483923912048,0.32274359464645386
5223,5,0.21190492808818817,0.4525418281555176
5224,5,0.19509665668010712,0.43319016695022583
5225,5,2.077467203140259,2.2060511112213135
5226,5,1.087294340133667,-0.14755962789058685
5227,5,2.077467203140259,0.04022197797894478
5228,5,2.077467203140259,2.2894225120544434
5229,5,2.728342294692993,2.7730793952941895
5230,5,1.3641711473464966,0.5978387594223022
5231,5,1.3641711473464966,2.0012943744659424
5232,5,0.0,0.3687291145324707
5233,5,2.5499517917633057,2.6496031284332275
5234,5,2.912252187728882,3.6022579669952393
5235,5,3.1588070392608643,2.821841239929199
5236,5,2.6049611568450928,2.1674647331237793
5237,5,2.9685609340667725,1.9006067514419556
5238,5,2.758375406265259,2.1360409259796143
5239,5,2.4998557567596436,1.9200702905654907
5240,5,2.8363590240478516,1.623705267906189
5241,5,2.4217395782470703,1.7960014343261719
5242,5,3.47526478767395,2.513782262802124
5243,5,2.4257025718688965,2.8384804725646973
5244,5,3.0482640266418457,3.662921190261841
5245,5,2.801797866821289,2.9220032691955566
5246,5,2.409689426422119,2.306896924972534
5247,5,2.8856005668640137,2.2145915031433105
5248,5,2.824389934539795,2.742365598678589
5249,5,2.32709002494812,2.790915012359619
5250,5,2.8981871604919434,3.5212581157684326
5251,5,2.8363590240478516,3.8066680431365967
5252,5,2.610769510269165,2.418013334274292
5253,5,2.610769510269165,3.658048629760742
5254,5,2.6815128326416016,2.546536922454834
5255,5,1.9775469303131104,3.037490129470825
5256,5,1.5067094564437866,2.4669957160949707
5257,5,1.88284432888031,2.0893170833587646
5258,5,0.4106564223766327,3.0920164585113525
5259,5,0.0,0.12940670549869537
5260,5,1.30829656124115,2.2702202796936035
5261,5,1.6668107509613037,1.3321728706359863
5262,5,1.774827480316162,2.237696886062622
5263,5,2.317685842514038,3.601644515991211
5264,5,1.8240691423416138,2.218963146209717
5265,5,0.5428582429885864,1.0300524234771729
5266,5,0.6940276622772217,2.4133753776550293
5267,5,0.21190492808818817,0.8829072713851929
5268,5,0.0,0.7658534049987793
5269,5,0.5891849398612976,0.7364146113395691
5270,5,0.17043781280517578,1.008923888206482
5271,5,0.2734968066215515,0.2784446179866791
5272,5,0.25581035017967224,1.190913200378418
5273,5,0.6389058828353882,3.140742301940918
5274,5,2.412388563156128,2.1261250972747803
5275,5,-0.16781052947044373,-0.10907331854104996
5276,5,2.317685842514038,1.807419776916504
5277,5,0.04376433789730072,1.6224040985107422
5278,5,-0.13220183551311493,1.5512337684631348
5279,5,1.0482174158096313,4.012640476226807
5280,5,1.496372938156128,2.140803575515747
5281,5,1.0482174158096313,1.4500144720077515
5282,5,-0.09861256927251816,0.16023540496826172
5283,5,0.0,0.5058313608169556
5284,5,1.3641711473464966,1.1089808940887451
5285,5,1.6662180423736572,3.0272891521453857
5286,5,1.165419578552246,1.697739601135254
5287,5,0.21190492808818817,0.7052838206291199
5288,5,-0.6102371215820312,2.9181151390075684
5289,5,1.3641711473464966,1.7163747549057007
5290,5,1.165419578552246,1.9272518157958984
5291,5,1.2093250751495361,1.7873742580413818
5292,5,-0.4106564223766327,0.9569608569145203
5293,5,-0.3477616012096405,1.024118423461914
5294,5,1.4973200559616089,3.657616376876831
5295,5,0.4106564223766327,2.3944039344787598
5296,5,0.7130590677261353,0.6187953352928162
5297,5,1.4973200559616089,0.8305686712265015
5298,5,0.0,3.9823882579803467
5299,5,0.5428582429885864,2.6929516792297363
5300,5,0.5428582429885864,1.1665582656860352
5301,5,0.13314899802207947,-0.07140570133924484
5302,5,0.4106564223766327,1.1611738204956055
5303,5,-0.15638691186904907,2.4704501628875732
5304,5,-0.23903489112854004,0.39323189854621887
5305,5,1.4973200559616089,3.540107011795044
5306,5,0.4106564223766327,2.685581684112549
5307,5,0.5428582429885864,0.9058521389961243
5308,5,0.21107575297355652,0.20053641498088837
5309,5,0.0,0.9148701429367065
5310,5,1.3641711473464966,3.0865585803985596
5311,5,0.13220183551311493,3.177393674850464
5312,5,0.13220183551311493,2.4267921447753906
5313,5,0.0,0.8531131744384766
5314,5,0.4106564223766327,-0.0926826074719429
5315,5,-0.27845457196235657,1.148224115371704
5316,5,-0.5428582429885864,3.00311279296875
5317,5,1.3641711473464966,3.3085079193115234
5318,5,0.30293580889701843,3.025545597076416
5319,5,0.0,0.9123829007148743
5320,5,0.30293580889701843,0.35172852873802185
5321,5,0.21086826920509338,0.90435391664505
5322,5,-0.17043781280517578,0.7755571603775024
5323,5,0.9243718385696411,0.10178358852863312
5324,5,2.728342294692993,2.821298360824585
5325,5,0.5728914737701416,2.434616804122925
5326,5,1.774827480316162,3.0012667179107666
5327,5,-0.9746220707893372,1.958471655845642
5328,5,0.04969575256109238,0.7755571603775024
5329,5,0.10305897891521454,0.10178358852863312
5330,5,-0.011969134211540222,2.821298360824585
5331,5,0.024658843874931335,2.434616804122925
5332,5,-0.03508462756872177,3.0012667179107666
5333,5,0.13926894962787628,1.958471655845642
5334,5,3.1016509532928467,2.7730793952941895
5335,5,2.4010674953460693,2.1261250972747803
5336,5,3.602473735809326,3.5759055614471436
5337,5,1.4014806747436523,1.7163747549057007
5338,5,1.8023210763931274,3.0012667179107666
5339,5,1.9022706747055054,3.262880802154541
5340,5,-0.8983960151672363,1.958471655845642
5341,5,1.4014806747436523,2.892080068588257
5342,5,3.5785608291625977,2.3680381774902344
5343,5,3.3948090076446533,3.5549747943878174
5344,5,3.02142596244812,3.6407477855682373
5345,5,5.96136999130249,3.2608611583709717
5346,5,4.048243045806885,2.635817766189575
5347,5,4.351393222808838,1.0307185649871826
5348,5,4.463984966278076,2.648625612258911
5349,5,5.268608093261719,3.103315830230713
5350,5,3.063263416290283,1.537262201309204
5351,5,3.3123912811279297,2.440256118774414
5352,5,4.271187782287598,3.3138065338134766
5353,5,4.474026679992676,1.6685320138931274
5354,5,4.23505163192749,2.9454662799835205
5355,5,5.001758098602295,3.693852186203003
5356,5,3.0067968368530273,2.3308651447296143
5357,5,3.561387062072754,2.79770827293396
5358,5,2.3409221172332764,3.9946608543395996
5359,5,3.076577663421631,3.903212785720825
5360,5,3.8463404178619385,4.10324239730835
5361,5,2.7515785694122314,3.9144484996795654
5362,5,2.94437575340271,4.036006927490234
5363,5,1.6426256895065308,2.140803575515747
5364,5,3.740473985671997,2.748230457305908
5365,5,3.035702705383301,3.5891990661621094
5366,5,2.8162739276885986,3.7194457054138184
5367,5,5.4495320320129395,3.317594528198242
5368,5,3.525470018386841,3.254281520843506
5369,5,4.035335063934326,2.9433226585388184
5370,5,4.908470153808594,3.5642433166503906
5371,5,3.256808280944824,2.319490671157837
5372,5,3.3467459678649902,2.7505388259887695
5373,5,2.94437575340271,3.696974515914917
5374,5,2.3848276138305664,3.7517802715301514
5375,5,3.6723010540008545,2.6229782104492188
5376,5,2.6789426803588867,1.7083799839019775
5377,5,3.02142596244812,2.580570936203003
5378,5,2.007093667984009,1.3321728706359863
5379,5,1.9302657842636108,2.237696886062622
5380,5,2.9259908199310303,2.218963146209717
5381,5,1.2015804052352905,3.140742301940918
5382,5,2.433549642562866,2.1261250972747803
5383,5,1.546341061592102,4.012640476226807
5384,5,1.7124065160751343,2.140803575515747
5385,5,1.6276260614395142,1.4500144720077515
5386,5,1.965646505355835,1.8413007259368896
5387,5,1.4916142225265503,3.3219871520996094
5388,5,3.8640267848968506,2.9774937629699707
5389,5,2.1795296669006348,2.2060511112213135
5390,5,2.161298990249634,0.04022197797894478
5391,5,2.3973889350891113,2.2894225120544434
5392,5,3.1845943927764893,2.7730793952941895
5393,5,1.0997674465179443,0.5978387594223022
5394,5,1.6426256895065308,2.0012943744659424
5395,5,4.42743444442749,3.1315102577209473
5396,5,4.316718578338623,4.092900276184082
5397,5,7.11393928527832,3.6781840324401855
5398,5,3.7050933837890625,3.4595839977264404
5399,5,5.300297737121582,1.5887095928192139
5400,5,5.456684589385986,3.106903553009033
5401,5,6.066684722900391,3.757275104522705
5402,5,4.0805439949035645,2.2627272605895996
5403,5,4.533203125,3.134904384613037
5404,5,4.092513084411621,2.82051420211792
5405,5,6.058159828186035,3.583979845046997
5406,5,4.6586079597473145,3.1830382347106934
5407,5,5.041269302368164,1.4394807815551758
5408,5,4.980967998504639,3.1324963569641113
5409,5,3.6324572563171387,3.5646896362304688
5410,5,3.543700695037842,2.082502603530884
5411,5,3.7697887420654297,2.8483200073242188
5412,5,2.2143898010253906,3.6305174827575684
5413,5,4.016777992248535,3.5963234901428223
5414,5,3.056492567062378,4.254281044006348
5415,5,3.8463404178619385,4.091888904571533
5416,5,1.135684609413147,3.043164014816284
5417,5,2.939418077468872,3.5160326957702637
5570,5,2.5848121643066406,1.4513018131256104
5571,5,2.6698973178863525,3.191876173019409
5572,5,3.0725746154785156,0.5310707688331604
5573,5,0.6969138979911804,0.9176563024520874
5574,5,0.5019832849502563,1.9835935831069946
5575,5,1.9034278392791748,3.259665012359619
5607,5,0.916396975517273,3.761086940765381
5620,5,-0.4106564223766327,0.852931022644043
5621,5,0.9096092581748962,1.12868332862854
5622,5,1.1937333345413208,0.8666967153549194
5623,5,1.009981393814087,0.8666967153549194
5624,5,3.24170184135437,3.048649787902832
5625,5,1.128169298171997,3.0232911109924316
5626,5,0.1809239685535431,1.6133733987808228
5627,5,1.1089528799057007,2.7953338623046875
5658,5,1.1767563819885254,1.1091121435165405
5659,5,0.0841105654835701,1.8364193439483643
5660,5,0.5488527417182922,1.2016260623931885
5661,5,4.604454040527344,3.2827701568603516
5662,5,1.7332348823547363,1.32379150390625
5663,5,0.14215925335884094,0.8791508674621582
5664,5,0.28220826387405396,2.100754499435425
5665,5,4.140706539154053,3.4020888805389404
5666,5,4.46157693862915,3.55945086479187
5667,5,2.8705015182495117,1.2604107856750488
5668,5,2.567861795425415,4.455164432525635
5669,5,4.645328998565674,1.0709717273712158
5670,5,3.4212069511413574,2.0195677280426025
6321,5,1.3641711473464966,0.10537858307361603
6322,5,0.12541981041431427,0.7983584403991699
6579,5,0.33154547214508057,2.3222262859344482
6580,5,1.3409347534179688,2.5182743072509766
6581,5,1.3409347534179688,2.156627655029297
6582,5,0.38742002844810486,2.051670551300049
6583,5,0.6432303786277771,2.588351249694824
6584,5,0.176107257604599,2.532805919647217
6585,5,-0.6623793244361877,0.9581102132797241
6586,5,-0.8213128447532654,3.22162127494812
6587,5,0.45456182956695557,2.7406516075134277
6588,5,-0.15543822944164276,2.148285150527954
0,6,2.2805771827697754,5.533276557922363
1,6,1.1887755393981934,4.867640495300293
2,6,6.765445709228516,6.150963306427002
3,6,2.98250150680542,2.410841464996338
4,6,4.4118428230285645,6.13546085357666
5,6,2.3827457427978516,5.277162075042725
6,6,6.118068695068359,5.983200550079346
7,6,5.020848274230957,5.273687362670898
8,6,6.94906759262085,7.340803623199463
9,6,4.2901506423950195,2.497213125228882
10,6,6.866745948791504,6.511172294616699
11,6,6.646428108215332,5.473692417144775
12,6,-0.30999940633773804,0.48801058530807495
13,6,-0.731526792049408,0.3773483633995056
54,6,0.7960982918739319,2.9209327697753906
55,6,0.7515320777893066,3.7529983520507812
56,6,0.21785926818847656,1.9695335626602173
57,6,0.0,1.4129467010498047
58,6,0.0,3.355978012084961
59,6,0.14522328972816467,5.053258419036865
60,6,0.21785926818847656,3.014676570892334
61,6,-0.2402186095714569,0.15921136736869812
62,6,0.7132960557937622,2.156825542449951
63,6,1.6043896675109863,1.2658740282058716
229,6,0.7678360939025879,0.7556437253952026
230,6,1.3534959554672241,-0.07317019999027252
231,6,2.1472480297088623,0.5421873331069946
232,6,1.3164557218551636,0.7146838903427124
233,6,0.1208081841468811,0.9388189315795898
234,6,0.08525039255619049,1.0581077337265015
235,6,-0.025214528664946556,0.08794926106929779
267,6,-0.2876400649547577,0.9324332475662231
268,6,0.6742783188819885,1.8496506214141846
269,6,0.3632349669933319,0.8157446980476379
270,6,0.6616276502609253,0.6883782744407654
271,6,0.42034250497817993,1.194488286972046
520,6,-2.528998613357544,0.037159793078899384
521,6,-1.1648274660110474,-0.4540713429450989
522,6,-0.7541710138320923,0.8374933004379272
523,6,-1.5754839181900024,0.34319087862968445
524,6,-0.8970479965209961,1.1058636903762817
525,6,2.1026816368103027,0.8900167346000671
526,6,6.202554702758789,0.6943637132644653
527,6,0.9018709659576416,0.8101860880851746
528,6,0.20301209390163422,1.5072543621063232
529,6,1.5015023946762085,1.441631555557251
530,6,0.30366912484169006,0.731735110282898
531,6,2.800978183746338,1.4345920085906982
532,6,1.102177381515503,1.0492889881134033
533,6,1.9018551111221313,0.05568889528512955
534,6,-0.0978018268942833,1.3270798921585083
535,6,2.1026816368103027,1.0343443155288696
536,6,-0.056525953114032745,0.2684493958950043
537,6,0.6057530641555786,0.32144439220428467
538,6,0.6760072708129883,0.579457700252533
539,6,0.7336772680282593,-0.24725541472434998
540,6,0.8213128447532654,0.6793238520622253
541,6,0.871008574962616,0.34374499320983887
626,6,1.5957406759262085,1.6050554513931274
627,6,0.9787291884422302,1.196570634841919
628,6,1.7209311723709106,0.03906870633363724
629,6,0.46005603671073914,2.256561279296875
644,6,-0.5535333752632141,0.09431677311658859
746,6,0.2429177165031433,0.3721045255661011
747,6,1.1516977548599243,0.38659852743148804
748,6,2.2014970779418945,0.629487156867981
749,6,1.481581449508667,1.1375224590301514
750,6,2.884404420852661,2.2954890727996826
751,6,1.8249237537384033,1.492018699645996
752,6,2.980065107345581,1.9143598079681396
753,6,1.5216164588928223,0.3845556378364563
754,6,2.0003442764282227,0.31073206663131714
755,6,0.3265458643436432,0.26261335611343384
756,6,1.8964810371398926,1.3031641244888306
757,6,1.5135467052459717,2.0027060508728027
758,6,0.216517373919487,0.21460425853729248
759,6,4.037786483764648,-0.9031654596328735
760,6,1.3702386617660522,1.510656476020813
761,6,1.2165226936340332,0.8010528683662415
762,6,0.4149967432022095,0.44149333238601685
763,6,0.8147421479225159,0.7738417387008667
764,6,1.4942781925201416,0.8359155654907227
765,6,1.6271791458129883,0.34068357944488525
766,6,0.28495320677757263,0.27122992277145386
767,6,0.6479637026786804,0.4321885108947754
768,6,1.0801141262054443,0.5741743445396423
769,6,0.29562830924987793,0.8364100456237793
770,6,0.9322267174720764,0.8369815945625305
771,6,0.8714090585708618,0.7648572325706482
772,6,0.5393629670143127,0.5947543382644653
773,6,0.6680910587310791,0.33543771505355835
774,6,1.087313175201416,1.716475486755371
775,6,2.063082218170166,1.473440408706665
776,6,1.3641711473464966,1.35920250415802
777,6,1.2945013046264648,1.6563259363174438
778,6,2.88371205329895,2.069835662841797
779,6,0.1956523358821869,0.20854130387306213
780,6,0.2032642513513565,0.3044430613517761
781,6,0.2399224489927292,0.6537714600563049
782,6,0.18339650332927704,0.34346646070480347
783,6,0.1187262311577797,0.6274681091308594
784,6,0.0,0.13597533106803894
785,6,-0.05195394158363342,2.0983054637908936
786,6,0.26882827281951904,0.020658081397414207
787,6,0.4761781692504883,0.3016119599342346
788,6,-0.1839134246110916,1.8613977432250977
789,6,0.043651580810546875,1.850132703781128
790,6,0.6724210977554321,1.5895936489105225
791,6,5.307792663574219,1.72135329246521
792,6,-0.06978078931570053,2.0983054637908936
793,6,2.355921745300293,0.3306049704551697
794,6,1.6668107509613037,0.28168854117393494
795,6,1.2152793407440186,1.5151249170303345
796,6,2.6585614681243896,0.7145180106163025
797,6,0.7299859523773193,1.1935235261917114
798,6,-0.7299859523773193,2.1104326248168945
799,6,0.26777946949005127,1.4645211696624756
800,6,-0.46220648288726807,0.9073306322097778
801,6,0.46220648288726807,0.5843558311462402
802,6,-0.26777946949005127,0.9538677334785461
803,6,1.1528583765029907,1.3259620666503906
804,6,0.4228723645210266,0.7476116418838501
805,6,0.8850788474082947,-0.0737374797463417
806,6,-0.8850788474082947,1.1031591892242432
807,6,-0.4228723645210266,0.9691033363342285
808,6,-1.1528583765029907,1.0806573629379272
809,6,0.0,1.1361079216003418
810,6,0.02633553557097912,1.511884093284607
811,6,1.0386539697647095,1.1920051574707031
812,6,0.6508750319480896,1.341255784034729
813,6,0.486391544342041,3.075551748275757
814,6,1.743019700050354,3.0072128772735596
815,6,0.486391544342041,0.9919737577438354
816,6,0.4239705204963684,0.4159144461154938
817,6,1.3077044486999512,1.393296480178833
818,6,2.1215648651123047,1.2401750087738037
819,6,1.2615159749984741,1.1736981868743896
820,6,1.1755025386810303,0.6929850578308105
821,6,1.3827282190322876,0.10811495780944824
3117,6,0.9535146951675415,0.04640347510576248
3455,6,0.2884120047092438,0.5570098757743835
3456,6,0.41565605998039246,0.2897554039955139
3457,6,0.10968799889087677,0.36591923236846924
3458,6,-0.03091755323112011,0.33436885476112366
3459,6,2.025003433227539,1.8304271697998047
3460,6,1.4903172254562378,2.1825900077819824
3461,6,2.1438913345336914,1.4079562425613403
3462,6,1.4491522312164307,0.6640394926071167
3463,6,2.2867681980133057,0.00682119419798255
3464,6,1.0731322765350342,2.623866558074951
3465,6,2.985064744949341,3.006453514099121
3466,6,0.29455143213272095,0.6364942193031311
3467,6,0.4859897494316101,0.25196564197540283
4182,6,0.34248337149620056,0.5158140063285828
4183,6,0.09499531984329224,0.9557944536209106
4184,6,0.03743046522140503,0.8200956583023071
4185,6,0.06113170459866524,0.33532169461250305
4186,6,0.27360501885414124,1.1273486614227295
4187,6,0.17684276401996613,0.8739436268806458
4188,6,0.3052099347114563,0.49244123697280884
4189,6,0.265433132648468,0.40647092461586
4190,6,-0.02633553557097912,0.7976989150047302
4191,6,0.27360501885414124,0.858098030090332
4192,6,0.28166571259498596,0.18282286822795868
4193,6,0.11654140055179596,0.404550164937973
4194,6,0.08392112702131271,0.31669366359710693
4195,6,0.07263598591089249,0.3174159526824951
4196,6,0.17684276401996613,0.4196039140224457
4197,6,0.0,0.2113805115222931
4198,6,0.3128545880317688,0.31534436345100403
4199,6,0.23156951367855072,0.4230053424835205
4200,6,0.46005603671073914,0.6163246035575867
4201,6,1.0169651508331299,1.4007415771484375
4202,6,0.1863221973180771,0.7261971831321716
4203,6,0.9107969403266907,1.3241878747940063
4204,6,0.07263598591089249,0.8369897603988647
4205,6,0.7158663868904114,0.8483923077583313
4206,6,0.46005603671073914,0.8216462135314941
4207,6,0.3128545880317688,1.321256160736084
4208,6,-0.013021446764469147,1.796836256980896
4209,6,0.377549946308136,0.4741608500480652
4210,6,0.34248337149620056,0.38404521346092224
4211,6,0.3204018473625183,0.18431976437568665
4212,6,0.09499531984329224,0.4763511121273041
4213,6,0.04939959943294525,0.5530686378479004
4214,6,0.5218843221664429,1.607179045677185
4215,6,0.15741637349128723,0.6991007924079895
4216,6,0.8707124590873718,1.3567620515823364
4217,6,0.4889618456363678,0.3820549547672272
4218,6,-0.19677335023880005,0.6891123056411743
4219,6,0.22279229760169983,0.9161397218704224
4220,6,0.22279229760169983,0.23070459067821503
4221,6,0.46005603671073914,0.8741253614425659
4222,6,0.39101532101631165,0.7743077278137207
4223,6,0.40418148040771484,0.14093774557113647
4224,6,-0.02633553557097912,0.39468279480934143
4225,6,0.6422259211540222,0.8165437579154968
4226,6,0.7120067477226257,0.5779405832290649
4227,6,0.6334487199783325,0.230693981051445
4228,6,0.8882246017456055,1.1134483814239502
4229,6,0.39101532101631165,0.857203483581543
4230,6,1.1109310388565063,1.0684133768081665
4231,6,0.04939959943294525,0.29465538263320923
4232,6,1.200562834739685,1.1809718608856201
4233,6,-0.06817305088043213,1.010532259941101
4234,6,0.5530732274055481,0.6834990382194519
4235,6,0.29746535420417786,0.2525913119316101
4236,6,-0.12899070978164673,0.5410788059234619
4237,6,0.41706135869026184,0.8236910700798035
4238,6,0.11654140055179596,0.6029840707778931
4239,6,0.659399688243866,1.1194788217544556
4240,6,0.3128545880317688,0.22133588790893555
4241,6,1.3769124746322632,1.152039885520935
4242,6,0.1863221973180771,0.8587132692337036
4243,6,0.04939959943294525,0.7012404799461365
4244,6,0.22279229760169983,0.3183816969394684
4245,6,0.14745895564556122,0.23442547023296356
4246,6,0.2402186095714569,0.26947954297065735
4247,6,0.23156951367855072,0.5400355458259583
4248,6,0.3052099347114563,0.3475046455860138
4249,6,0.5165227055549622,0.5679278373718262
4250,6,0.2402186095714569,0.3193933367729187
4251,6,0.22279229760169983,0.22775240242481232
4252,6,0.204837828874588,0.13426534831523895
4253,6,0.257146954536438,0.07162495702505112
4254,6,0.09499531984329224,0.18280737102031708
4255,6,0.28166571259498596,0.13475926220417023
4256,6,-0.08280224353075027,0.27405640482902527
4257,6,0.24874325096607208,0.7694854736328125
4258,6,0.2402186095714569,0.009014296345412731
4259,6,0.2402186095714569,0.6706598401069641
4260,6,0.1956523358821869,0.010114872828125954
4261,6,0.28166571259498596,0.9598938822746277
4262,6,0.17684276401996613,0.9069070816040039
4263,6,-0.1619131714105606,0.6350825428962708
4264,6,0.204837828874588,0.5057395696640015
4265,6,0.1863221973180771,0.6975783705711365
4266,6,0.8707124590873718,0.3217809796333313
4267,6,-0.6638965010643005,0.4754592776298523
4268,6,1.156526803970337,0.27363166213035583
4269,6,0.29746535420417786,0.2902522087097168
4270,6,1.6920253038406372,0.6378491520881653
4271,6,0.4106564223766327,0.6780906319618225
4272,6,0.6109192967414856,0.2289849817752838
4273,6,0.8148378729820251,0.5260151624679565
4274,6,0.40418148040771484,0.7570682764053345
4275,6,0.265433132648468,0.773081362247467
4276,6,0.41706135869026184,0.4184575080871582
4277,6,0.08392112702131271,0.2929552495479584
4278,6,0.24874325096607208,0.1815272867679596
4279,6,1.4646269083023071,0.7292149066925049
4280,6,-0.12899070978164673,0.37562671303749084
4281,6,0.21388307213783264,1.1168053150177002
4282,6,0.012741394340991974,0.19399473071098328
4283,6,-0.25324004888534546,0.31613630056381226
4284,6,-0.29411500692367554,0.4245230257511139
4285,6,0.0,0.5110735893249512
4286,6,-0.06817305088043213,0.49470067024230957
4287,6,0.46005603671073914,0.9129117131233215
4288,6,0.7882063388824463,0.29409879446029663
4289,6,0.7882063388824463,0.3854343295097351
4290,6,0.7458703517913818,0.34136006236076355
4291,6,1.002914309501648,0.7651634216308594
4292,6,0.39101532101631165,0.5553945302963257
4293,6,-0.43699195981025696,1.8945257663726807
4294,6,-0.31566110253334045,0.3801792562007904
4295,6,-0.0978018268942833,0.1829700618982315
4296,6,0.03743046522140503,0.271752268075943
4297,6,-0.2150040864944458,0.1953173279762268
4298,6,-0.1619131714105606,0.5966973304748535
4299,6,-0.14522328972816467,0.3671201169490814
4300,6,-0.08280224353075027,0.2845737338066101
4301,6,0.24874325096607208,0.9324332475662231
4302,6,0.33521392941474915,0.218915656208992
4303,6,0.6200341582298279,1.8496506214141846
4304,6,1.2959980964660645,0.8717007637023926
4305,6,1.048509955406189,0.8140775561332703
4306,6,0.804990828037262,0.8157446980476379
4307,6,0.6378535628318787,0.6883782744407654
4308,6,0.7235110402107239,0.9201100468635559
4309,6,0.9190446734428406,1.194488286972046
4310,6,1.250980019569397,0.5595527291297913
4311,6,1.4402152299880981,0.4052503705024719
4312,6,-0.11319105327129364,1.1380620002746582
4313,6,1.6624155044555664,0.8951982259750366
4314,6,0.5969786047935486,0.2726496160030365
4315,6,0.5165227055549622,0.4525783956050873
4316,6,0.46005603671073914,0.30773958563804626
4317,6,-0.03995572030544281,0.15502524375915527
4318,6,0.6016620397567749,0.31968462467193604
4319,6,-0.23381365835666656,0.5545448064804077
4320,6,0.700274646282196,0.9905233383178711
4321,6,0.204837828874588,0.9325506091117859
4322,6,0.3707006871700287,0.24635884165763855
4323,6,0.39101532101631165,0.20289485156536102
4324,6,-0.0978018268942833,0.36626729369163513
4325,6,-0.08280224353075027,0.7327778935432434
4326,6,1.0636740922927856,0.9572790861129761
4327,6,1.0284249782562256,1.00112783908844
4328,6,0.12702755630016327,0.9447010159492493
4329,6,0.7458703517913818,0.7476416230201721
4330,6,0.28166571259498596,0.9238941073417664
4331,6,0.17684276401996613,0.05374687910079956
4332,6,0.27360501885414124,0.4275442957878113
4333,6,0.4106564223766327,0.4097243845462799
4334,6,0.6923221349716187,0.6540802121162415
4335,6,0.025214528664946556,0.4790256917476654
4336,6,0.327854186296463,0.2808745801448822
4337,6,-0.2733250856399536,0.3523673117160797
4338,6,0.36377134919166565,0.5537688136100769
4339,6,0.6719609498977661,0.6489478349685669
4340,6,0.46005603671073914,0.47589951753616333
4341,6,0.7310582995414734,0.5922880172729492
4342,6,0.39101532101631165,0.3597202003002167
4343,6,0.327854186296463,0.1183379739522934
4344,6,0.204837828874588,0.5557126998901367
4345,6,-0.013021446764469147,0.20828446745872498
4346,6,-0.17908690869808197,0.2573615610599518
4347,6,-0.23381365835666656,0.23172242939472198
4348,6,-0.0978018268942833,0.24249422550201416
4349,6,0.3204018473625183,0.9192708730697632
4350,6,-0.19677335023880005,0.3775860369205475
4351,6,-0.06817305088043213,0.9870377779006958
4352,6,-0.2733250856399536,0.28864556550979614
4353,6,0.24874325096607208,0.8751352429389954
4354,6,0.025214528664946556,0.3201201558113098
4355,6,0.012741394340991974,0.14069609344005585
4356,6,-0.12899070978164673,0.09629815071821213
4357,6,-0.23381365835666656,0.3709963858127594
4358,6,0.012741394340991974,0.3976913094520569
4359,6,-0.4106564223766327,0.2725277543067932
4360,6,-0.2150040864944458,0.1808808147907257
4361,6,-0.2150040864944458,0.09541124850511551
4362,6,-0.11319105327129364,0.48623961210250854
4363,6,-0.25324004888534546,0.4497303366661072
4364,6,0.23156951367855072,0.6359694600105286
4365,6,0.1956523358821869,0.6687623262405396
4366,6,-0.5238474607467651,0.5462198853492737
4367,6,0.14745895564556122,0.6478549242019653
4368,6,-0.06817305088043213,0.4381874203681946
4369,6,-0.02633553557097912,0.9710625410079956
4370,6,-0.0978018268942833,0.557907223701477
4371,6,-0.11319105327129364,0.5389877557754517
4372,6,1.0284249782562256,0.7970151305198669
4373,6,-0.17908690869808197,0.1767403781414032
4374,6,-0.06817305088043213,0.46319371461868286
4375,6,0.265433132648468,0.7958085536956787
4376,6,-0.49345865845680237,0.3498217463493347
4377,6,-0.23381365835666656,0.1632358729839325
4378,6,-0.2150040864944458,0.5664176344871521
4379,6,0.7120067477226257,0.2840728163719177
4380,6,-0.02633553557097912,0.5348416566848755
4381,6,0.265433132648468,0.5543841123580933
4382,6,0.17684276401996613,0.5704642534255981
4383,6,0.04939959943294525,0.21054363250732422
4384,6,0.265433132648468,0.4050445556640625
4385,6,0.33521392941474915,0.1708684265613556
4386,6,0.09499531984329224,0.2972358167171478
4387,6,-0.17908690869808197,0.11105658113956451
4388,6,0.1863221973180771,1.1399012804031372
4389,6,0.04939959943294525,0.8316795229911804
4390,6,0.15741637349128723,0.37703078985214233
4391,6,0.1956523358821869,1.124741792678833
4392,6,-0.08280224353075027,0.5633832812309265
4393,6,-0.17908690869808197,0.1778499335050583
4394,6,0.34966468811035156,0.8124538660049438
4395,6,-0.31566110253334045,0.2278345823287964
4396,6,-0.06817305088043213,0.1903817057609558
4397,6,0.12702755630016327,0.9376971125602722
4398,6,0.46005603671073914,0.28551536798477173
4399,6,0.04939959943294525,0.4165169298648834
4400,6,0.12702755630016327,0.2828107476234436
4401,6,0.28166571259498596,0.6306688189506531
4402,6,0.41706135869026184,0.9255926012992859
4403,6,0.17684276401996613,0.3513276278972626
4404,6,0.06113170459866524,0.8210443258285522
4405,6,0.204837828874588,0.2493753433227539
4406,6,0.8939488530158997,0.852398693561554
4407,6,0.21388307213783264,0.35268351435661316
4408,6,0.7385106086730957,0.7722257971763611
4409,6,-0.23381365835666656,0.12250413745641708
4410,6,0.04939959943294525,0.6185680031776428
4411,6,0.13733132183551788,0.5905071496963501
4412,6,0.10586630553007126,0.354566365480423
4413,6,0.2402186095714569,0.30145832896232605
4414,6,-0.06817305088043213,0.16672460734844208
4415,6,0.06113170459866524,0.39044201374053955
4416,6,0.09499531984329224,0.4792586863040924
4417,6,-0.14522328972816467,0.06374682486057281
4418,6,-0.29411500692367554,0.2432939112186432
4419,6,0.14745895564556122,0.7757530808448792
4420,6,-0.013021446764469147,0.26718005537986755
4421,6,0.04939959943294525,0.41550564765930176
4444,6,0.045595720410346985,0.9837562441825867
4445,6,0.03452153131365776,-0.1314285546541214
4446,6,-1.0724024772644043,-0.20758667588233948
4461,6,1.2212941646575928,-0.2991049289703369
4462,6,3.0476717948913574,0.5762998461723328
4463,6,1.8287239074707031,1.903303861618042
4464,6,2.077467203140259,2.8405957221984863
4465,6,1.4907034635543823,0.7127687335014343
4466,6,2.728342294692993,3.2759788036346436
4467,6,0.3355621099472046,1.2845903635025024
4468,6,4.92083740234375,2.4248313903808594
4469,6,7.745464324951172,3.87608003616333
5600,6,-0.05646670609712601,0.5117538571357727
5601,6,0.09897152334451675,0.7350037097930908
5602,6,0.1213308572769165,0.3115549087524414
5603,6,-1.420637845993042,0.6495862007141113
5604,6,-1.5528396368026733,1.2042732238769531
5605,6,-1.7232774496078491,0.7436569333076477
5606,6,-0.18866854906082153,0.37059834599494934
5608,6,0.5810942649841309,1.1796865463256836
5609,6,-0.2224259227514267,1.9953019618988037
5610,6,0.11757265031337738,1.2031972408294678
5611,6,-0.12264595180749893,0.7178861498832703
5628,6,2.049182891845703,2.630553960800171
6488,6,2.026362180709839,3.052513837814331
6489,6,0.047044701874256134,0.9898710250854492
6490,6,2.4438414573669434,1.6380525827407837
6491,6,1.144911289215088,1.0347905158996582
6492,6,1.0636261701583862,1.1053155660629272
6493,6,-0.15775099396705627,1.329331398010254
6494,6,0.8506515026092529,2.8120903968811035
6495,6,3.317598819732666,2.6527302265167236
6496,6,0.041853416711091995,0.7898343801498413
6497,6,0.15484607219696045,1.016868233680725
6498,6,-0.7570759654045105,3.138706684112549
6499,6,1.6270339488983154,1.7440370321273804
6500,6,0.6998547911643982,0.8977268934249878
6501,6,0.8830339908599854,1.9829984903335571
6502,6,0.44989702105522156,1.4121290445327759
6503,6,2.5299770832061768,2.2925093173980713
6504,6,2.286818265914917,2.2183754444122314
6505,6,2.4594626426696777,1.6405408382415771
6506,6,1.0289419889450073,1.5608799457550049
6507,6,2.5299770832061768,2.2925093173980713
6508,6,1.210966944694519,2.2603466510772705
6509,6,2.338982105255127,3.035984516143799
386,7,0.7486768364906311,4.843531608581543
586,7,-0.17829985916614532,1.1061904430389404
587,7,0.16116079688072205,0.25604385137557983
588,7,3.103360414505005,-0.27432769536972046
589,7,0.2353639453649521,0.5744900703430176
590,7,3.103360414505005,-0.20769229531288147
591,7,3.103360414505005,0.1845780313014984
592,7,0.2842833995819092,0.7191763520240784
601,7,0.0,0.8736894726753235
602,7,1.6426256895065308,-0.12404253333806992
603,7,1.8245233297348022,0.9265552759170532
604,7,0.9824205040931702,0.774820864200592
605,7,2.1063730716705322,0.8797491192817688
606,7,2.185483932495117,0.624197244644165
607,7,2.8363590240478516,0.579716145992279
608,7,2.97835373878479,-0.05485659837722778
609,7,2.6821537017822266,-0.005140495486557484
610,7,3.4705440998077393,0.437213271856308
611,7,5.2862467765808105,1.5560290813446045
612,7,5.046028137207031,0.7938755750656128
613,7,1.5944323539733887,1.2406034469604492
614,7,1.2502000331878662,1.7203044891357422
615,7,2.1472480297088623,1.170109510421753
616,7,4.200530052185059,0.5727972388267517
617,7,4.289029121398926,1.6885020732879639
618,7,1.6426256895065308,1.2044856548309326
619,7,0.7909240126609802,-0.34889763593673706
620,7,1.288435935974121,-0.6394127607345581
621,7,0.7013269662857056,1.9005768299102783
622,7,4.308547019958496,1.1689858436584473
623,7,0.6877506375312805,0.418520450592041
624,7,1.4865076541900635,-0.0738753080368042
625,7,0.2736794650554657,-0.32378166913986206
636,7,2.5961403846740723,0.5219655632972717
637,7,0.5019832849502563,3.2911579608917236
638,7,0.0,0.524917483329773
639,7,3.734722137451172,1.641779899597168
640,7,2.325532913208008,1.9886610507965088
641,7,1.2793906927108765,-0.5592280030250549
642,7,0.19934363663196564,-0.01414114236831665
643,7,0.0,-0.5435556769371033
645,7,1.3440860509872437,1.52040696144104
646,7,-0.0624210461974144,1.7076756954193115
647,7,-0.8621878027915955,0.7741780877113342
648,7,0.8687343001365662,0.210982084274292
649,7,0.0,0.6835489869117737
650,7,1.3017500638961792,2.516972780227661
651,7,2.377732276916504,2.812196969985962
652,7,-0.2402186095714569,0.26540493965148926
653,7,-0.4106564223766327,0.9143654704093933
654,7,1.5346089601516724,0.5164814591407776
655,7,-0.2402186095714569,0.23397307097911835
656,7,-0.2402186095714569,0.13134871423244476
657,7,0.3026396632194519,0.05234013870358467
658,7,2.6767921447753906,2.3182778358459473
659,7,1.4024070501327515,-0.25316768884658813
660,7,0.26598143577575684,0.0018773407209664583
661,7,0.0,-0.11626241356134415
662,7,0.26598143577575684,1.0671297311782837
663,7,0.6707527041435242,1.9441101551055908
664,7,0.19934363663196564,2.538132429122925
665,7,1.2319692373275757,1.0614980459213257
666,7,0.9655211567878723,1.4074430465698242
667,7,0.2807824909687042,1.8185338973999023
668,7,0.7752504348754883,1.8181082010269165
683,7,1.1491670608520508,0.6355911493301392
684,7,1.9018551111221313,0.41193437576293945
685,7,0.7310582995414734,0.08557865768671036
686,7,0.7310582995414734,1.0319284200668335
687,7,0.35676002502441406,1.1080520153045654
688,7,1.7348718643188477,1.2825926542282104
689,7,2.7729830741882324,1.3304985761642456
690,7,4.816024303436279,2.28910756111145
691,7,8.13113021850586,1.8690582513809204
692,7,6.1327738761901855,3.668154239654541
693,7,8.959454536437988,3.3857452869415283
694,7,10.734281539916992,3.2394421100616455
695,7,10.92611026763916,4.213789939880371
1339,7,0.9041150808334351,0.5848829746246338
1340,7,0.3002651035785675,0.45005568861961365
1341,7,0.11780958622694016,0.2208583801984787
1342,7,-0.32272469997406006,0.5699781179428101
1343,7,3.2620151042938232,2.211275577545166
1344,7,3.485543727874756,4.647685527801514
1345,7,0.8363124132156372,2.6613638401031494
1346,7,5.955931186676025,2.239863634109497
1347,7,3.66243052482605,2.6736698150634766
1348,7,2.6241354942321777,2.9606170654296875
1349,7,0.9395740032196045,1.680196762084961
1350,7,1.972199559211731,2.9509291648864746
1351,7,0.8482471108436584,0.7578598856925964
1352,7,0.33742108941078186,1.1330820322036743
1353,7,0.07221386581659317,1.8913681507110596
1354,7,1.7856985330581665,2.626802444458008
1355,7,-0.22398602962493896,0.8098746538162231
1356,7,0.6794324517250061,1.1898291110992432
1357,7,1.018684983253479,1.2072502374649048
1358,7,1.3359538316726685,1.4481841325759888
1359,7,2.2124183177948,2.344318389892578
1360,7,1.3213245868682861,0.863995373249054
1361,7,0.8143835067749023,0.6648033261299133
1362,7,0.9934704303741455,1.6638402938842773
1363,7,1.3213245868682861,1.1786301136016846
1364,7,1.5615432262420654,1.095346450805664
1365,7,1.6695599555969238,1.5420489311218262
1366,7,1.3063249588012695,0.8296636343002319
1367,7,0.17043781280517578,1.0601656436920166
1368,7,0.2402186095714569,3.082340955734253
1369,7,0.10065702348947525,2.1462128162384033
1370,7,1.171373963356018,2.8536572456359863
1371,7,0.10065702348947525,1.0552949905395508
1372,7,0.042336005717515945,0.888531506061554
1373,7,1.5007452964782715,2.7080674171447754
1374,7,-0.30999940633773804,1.5832974910736084
1375,7,0.178609699010849,1.5980901718139648
1376,7,1.0353621244430542,2.3022100925445557
1377,7,0.883733868598938,1.0399142503738403
1378,7,2.309282064437866,1.1785516738891602
1379,7,0.9102507829666138,1.2125835418701172
1380,7,0.20290906727313995,0.275901734828949
1381,7,-0.23193243145942688,0.8389396667480469
1382,7,0.2505223751068115,1.266570806503296
1383,7,0.3270741403102875,0.7424862384796143
1384,7,4.252427577972412,0.5465030670166016
1385,7,-0.2966853082180023,0.6137027740478516
1386,7,0.6568293571472168,1.7513349056243896
1387,7,0.557857871055603,0.9496122598648071
1388,7,0.2452607899904251,0.8587096929550171
1389,7,6.820855617523193,4.415822505950928
1390,7,6.645332336425781,3.3196473121643066
1391,7,6.9797892570495605,3.43357515335083
1392,7,6.773434162139893,5.220201015472412
1393,7,10.1070556640625,4.89440393447876
1394,7,8.531571388244629,4.508458614349365
1395,7,3.2368004322052,1.2336376905441284
1396,7,6.665417194366455,2.3407645225524902
1397,7,4.107512950897217,5.292774200439453
1398,7,6.454104423522949,4.166470050811768
1399,7,6.21388578414917,5.159499645233154
1400,7,9.123151779174805,4.422441482543945
1401,7,0.12062260508537292,0.7451430559158325
1402,7,2.166057586669922,0.9164846539497375
1403,7,7.171210765838623,3.8760006427764893
1404,7,7.240991592407227,3.789215564727783
1861,7,0.6915061473846436,0.7319357991218567
1862,7,0.8693669438362122,2.8628056049346924
1863,7,0.9254311323165894,3.9894371032714844
1864,7,1.7336586713790894,1.15387761592865
1865,7,2.5162453651428223,2.1356403827667236
1866,7,-0.05756485462188721,1.0794448852539062
1867,7,2.4454827308654785,3.316624402999878
1868,7,2.2953264713287354,1.662270188331604
1869,7,-0.042640842497348785,0.7725844383239746
1870,7,-0.045595720410346985,0.3139244616031647
1871,7,2.064861297607422,1.033991813659668
1872,7,1.1393417119979858,0.5832559466362
2012,7,1.4816070795059204,0.049400072544813156
2013,7,1.5000076293945312,1.660292625427246
2014,7,-0.1265324056148529,0.2256125956773758
2015,7,-0.18582704663276672,0.20829732716083527
2016,7,-0.1265324056148529,1.0284525156021118
2017,7,1.10543692111969,2.4275407791137695
2018,7,0.6276386380195618,1.0986897945404053
2019,7,-0.18582704663276672,1.3925665616989136
2020,7,0.31168490648269653,2.4620532989501953
2021,7,-0.1265324056148529,0.31554320454597473
2022,7,0.7290357351303101,0.5277457237243652
2023,7,-0.1265324056148529,0.8608695268630981
2024,7,0.0646953359246254,0.05666816234588623
2025,7,0.9207224249839783,0.8463090658187866
2026,7,-0.32587605714797974,0.6998780369758606
2027,7,2.2240757942199707,1.7289865016937256
2028,7,4.325087070465088,2.696617364883423
2029,7,3.0546562671661377,3.313159227371216
2030,7,1.3799108266830444,0.7408158183097839
2031,7,1.5072107315063477,1.6303575038909912
2032,7,3.1733052730560303,1.5261090993881226
2033,7,3.9962286949157715,2.5307164192199707
2034,7,3.857964038848877,1.9601930379867554
2035,7,4.159247875213623,2.0633323192596436
2036,7,5.735138893127441,3.0529494285583496
2037,7,0.7490248680114746,2.334521770477295
2038,7,0.7444849610328674,0.8614785075187683
2039,7,-0.18667039275169373,0.33544889092445374
2040,7,0.01579965651035309,0.2910120189189911
2041,7,2.4386024475097656,1.897735595703125
2042,7,2.145008087158203,0.7408158183097839
2043,7,2.371095895767212,1.660292625427246
2044,7,0.8948080539703369,0.7279776334762573
2045,7,1.305464506149292,0.97630375623703
2046,7,0.986134946346283,1.6495275497436523
2047,7,2.2154533863067627,1.2987648248672485
2048,7,1.5698682069778442,1.1433022022247314
2049,7,-0.12980671226978302,0.38519537448883057
2050,7,0.0,1.8175241947174072
2051,7,0.2420443445444107,2.1676688194274902
2052,7,0.0,1.1504299640655518
2053,7,0.0,1.836033582687378
2054,7,0.0,1.5477573871612549
2055,7,0.0,0.3588173985481262
2056,7,-0.059836238622665405,1.0912336111068726
2057,7,-0.059836238622665405,0.7051345109939575
2058,7,-0.059836238622665405,1.1580393314361572
2059,7,0.0,1.1887753009796143
2060,7,0.0,0.9695579409599304
2061,7,0.0,1.7166591882705688
2062,7,-0.059836238622665405,0.4515876770019531
2063,7,0.0,0.1328544318675995
2064,7,0.19953952729701996,0.4506424367427826
2065,7,-0.059836238622665405,0.7549532055854797
2066,7,0.0,1.0922350883483887
2067,7,0.10984250903129578,0.13115829229354858
2068,7,0.46060433983802795,0.8301021456718445
2069,7,0.10984250903129578,0.2018984854221344
2070,7,0.10984250903129578,0.13977916538715363
2071,7,0.0,0.1477215588092804
3013,7,-0.004828486125916243,1.5393905639648438
3014,7,-0.18866854906082153,1.1433022022247314
3015,7,0.13527154922485352,0.5667462348937988
3016,7,0.042667556554079056,0.688330352306366
3017,7,0.3999813199043274,0.8785241842269897
3018,7,-0.14902915060520172,0.32235705852508545
3019,7,-0.0028923670761287212,0.07743795216083527
3020,7,0.6385655999183655,0.8736095428466797
3021,7,-0.3298647701740265,0.5668054223060608
3022,7,-0.09357527643442154,0.3619800806045532
3023,7,0.017063796520233154,0.18639515340328217
3024,7,0.07995188981294632,0.2620469927787781
3025,7,-0.02454584650695324,0.42762166261672974
3026,7,-0.025549152866005898,0.31235405802726746
3027,7,0.1166100949048996,0.3278159499168396
3028,7,0.21198563277721405,0.14861400425434113
3029,7,-0.23973791301250458,0.8756691813468933
3030,7,-0.16279317438602448,-0.10195298492908478
3031,7,0.02264423295855522,0.09619717299938202
3032,7,0.12289611995220184,0.2806799113750458
3033,7,0.15484607219696045,1.2114063501358032
3034,7,0.17879411578178406,0.5157290697097778
3035,7,-0.10151255130767822,0.4565602242946625
3036,7,-0.010675098747015,0.34986552596092224
3037,7,-0.0028923670761287212,0.655181884765625
3038,7,1.281753420829773,1.2987648248672485
3039,7,-0.015591741539537907,0.24495172500610352
3040,7,0.206581249833107,0.45987385511398315
3041,7,0.5193140506744385,1.6495275497436523
3042,7,-0.027560876682400703,2.285369873046875
3043,7,-0.021546082571148872,1.0234216451644897
3044,7,-0.026554159820079803,0.5761779546737671
3045,7,0.08580537885427475,0.47146350145339966
3046,7,-0.12360850721597672,0.34044820070266724
3047,7,0.03364985063672066,0.3548189103603363
3048,7,0.41449108719825745,1.9301393032073975
3049,7,-0.4629063606262207,2.2508883476257324
3050,7,-0.17558960616588593,0.7200732231140137
3051,7,1.024149775505066,2.4620532989501953
3052,7,-0.07038220763206482,0.6625437140464783
3053,7,-0.20611460506916046,1.186652421951294
3054,7,-0.5042316913604736,1.469375729560852
3055,7,0.3045600950717926,2.4132585525512695
3056,7,1.380299687385559,1.8686376810073853
3057,7,1.9894969463348389,2.5155320167541504
3058,7,0.433300644159317,1.0010013580322266
3059,7,0.40485748648643494,0.2850041687488556
3060,7,0.4379112124443054,1.0932639837265015
3061,7,0.41449108719825745,0.8463090658187866
3062,7,0.043561823666095734,0.2256125956773758
3063,7,0.23182405531406403,0.7279776334762573
3064,7,1.1358543634414673,0.9501718282699585
3065,7,1.2705957889556885,0.44631853699684143
3066,7,0.7350139021873474,0.7408158183097839
3067,7,-0.0693001002073288,0.14511987566947937
3068,7,0.32156944274902344,0.36484530568122864
3069,7,1.5714305639266968,1.0125466585159302
3070,7,0.5466929078102112,0.5277457237243652
3071,7,0.1166100949048996,0.22094407677650452
3072,7,0.10140793025493622,0.4405858516693115
3073,7,0.6151982545852661,0.471989244222641
3074,7,0.6578863859176636,0.9589770436286926
3075,7,0.6450760960578918,1.3945515155792236
3076,7,-0.15900751948356628,1.0763540267944336
3077,7,1.68574059009552,0.4079607129096985
3078,7,2.5879082679748535,1.897735595703125
3079,7,0.18021486699581146,1.483719825744629
3080,7,0.12054666876792908,1.3164552450180054
3081,7,-0.397342324256897,1.1852964162826538
3082,7,0.6917499899864197,1.034456491470337
3752,7,3.059887647628784,2.8330888748168945
4039,7,0.12519049644470215,0.0336843803524971
4040,7,0.9322267174720764,0.5982967615127563
4041,7,0.7665860652923584,0.48141908645629883
4042,7,2.9048476219177246,2.5094051361083984
4043,7,2.982339382171631,2.9990170001983643
4044,7,2.536616325378418,1.1368268728256226
4045,7,2.2193474769592285,2.133793354034424
4046,7,2.200962543487549,3.1504597663879395
4047,7,0.20430143177509308,1.2955973148345947
4048,7,1.514223337173462,0.3970176577568054
4049,7,1.4692765474319458,1.7725553512573242
4050,7,0.6736644506454468,0.36987537145614624
4051,7,0.6956096291542053,0.31171900033950806
4052,7,0.37473925948143005,-0.026403451338410378
4053,7,0.8384865522384644,0.22700731456279755
4054,7,0.6956096291542053,0.3389720022678375
4055,7,0.0962846651673317,0.2086378037929535
4056,7,0.20430143177509308,0.44378551840782166
4057,7,0.20430143177509308,0.4002542495727539
4058,7,0.0962846651673317,0.310634970664978
4059,7,-0.03591717779636383,0.6689567565917969
4066,7,0.36920931935310364,1.2784996032714844
4067,7,-0.2322661131620407,1.3017709255218506
4068,7,1.1990468502044678,2.581433057785034
4069,7,0.4418452978134155,2.0511624813079834
4070,7,0.28640708327293396,3.340956926345825
4071,7,0.3153128921985626,1.0913851261138916
4072,7,0.3246430456638336,0.2909686267375946
4073,7,2.4362823963165283,0.02707653120160103
4074,7,2.6641392707824707,0.521194577217102
4075,7,2.629225015640259,-0.0012104988563805819
4076,7,-0.6196861267089844,0.30702918767929077
4077,7,-1.4884204864501953,0.5418611764907837
4078,7,1.0825053453445435,0.024254923686385155
4079,7,0.9372820854187012,0.2500012516975403
4080,7,0.9630449414253235,0.247051402926445
4081,7,1.5725946426391602,1.2430503368377686
4082,7,1.395359992980957,-0.15372462570667267
4083,7,1.5859588384628296,0.29785558581352234
4084,7,1.4518266916275024,0.5068097710609436
4085,7,0.4927620589733124,0.10761137306690216
4086,7,0.11596926301717758,0.16509905457496643
4087,7,-0.5349057912826538,0.17746731638908386
4088,7,1.1364256143569946,1.0896021127700806
4089,7,0.024689072743058205,0.9899431467056274
4090,7,3.6109721660614014,1.9122066497802734
4091,7,0.39468640089035034,1.222579002380371
4092,7,2.427799701690674,2.5125820636749268
4093,7,0.6251121759414673,1.1552226543426514
4094,7,0.70695960521698,0.29347413778305054
4095,7,2.108170986175537,-0.4370010793209076
4096,7,1.4836316108703613,0.22128859162330627
4097,7,2.396639108657837,-0.43273696303367615
4098,7,-0.8879506587982178,0.7022517919540405
4099,7,-0.4093972146511078,1.3675446510314941
4100,7,0.39144009351730347,0.1701926738023758
4101,7,0.7788600921630859,0.3202683925628662
4102,7,1.811485767364502,0.40073269605636597
4103,7,1.5959259271621704,1.3796024322509766
4104,7,0.70695960521698,-0.013796454295516014
4105,7,1.2143783569335938,0.3890947699546814
4106,7,1.3045446872711182,0.5897411108016968
4107,7,-0.1417320966720581,0.21959523856639862
4108,7,0.03665820509195328,0.06744268536567688
4109,7,-0.030388813465833664,0.24771562218666077
4110,7,0.8018864393234253,3.4891533851623535
4111,7,-0.5380995869636536,1.2784996032714844
4112,7,1.3038697242736816,2.581433057785034
4113,7,0.42946600914001465,3.340956926345825
4114,7,0.3177347779273987,1.0913851261138916
4115,7,-1.057721495628357,0.5418611764907837
4116,7,1.1873283386230469,0.024254923686385155
4117,7,-0.39184683561325073,3.5081329345703125
4126,7,0.33875593543052673,-0.12347569316625595
4127,7,1.0145800113677979,1.525205135345459
4128,7,0.4823150336742401,0.5153738856315613
4129,7,0.0,0.5862715840339661
4130,7,0.048722125589847565,0.45025724172592163
4482,7,0.8297165632247925,0.36021819710731506
4483,7,2.8000009059906006,1.214151382446289
4484,7,2.829263687133789,1.298659086227417
4485,7,0.01668989285826683,1.5694748163223267
4486,7,1.0515739917755127,0.9954179525375366
4487,7,0.7886925935745239,1.8037958145141602
4488,7,1.2648917436599731,0.7108794450759888
4489,7,4.4772186279296875,2.5008492469787598
4490,7,1.8539384603500366,1.867539644241333
4491,7,0.9959673881530762,2.015120267868042
4492,7,0.49712711572647095,0.38042521476745605
4493,7,2.8837804794311523,2.568782329559326
4494,7,1.278739333152771,1.3162254095077515
4495,7,1.0904372930526733,2.4133408069610596
4496,7,1.0544360876083374,0.46058082580566406
4497,7,0.28372085094451904,0.34270763397216797
4498,7,1.1381686925888062,0.8332709074020386
4499,7,0.6811227798461914,1.0146758556365967
4500,7,0.6463438272476196,0.26693686842918396
4501,7,2.234205961227417,1.6099106073379517
4502,7,0.5764208436012268,2.085726499557495
4503,7,0.31137704849243164,2.0581541061401367
4504,7,0.34635159373283386,1.133969783782959
4505,7,-0.18529273569583893,1.6162745952606201
4506,7,0.12470666319131851,0.6730422973632812
4507,7,3.650576591491699,2.466029167175293
4508,7,1.83893883228302,1.2515411376953125
4509,7,1.0890923738479614,2.3188748359680176
4510,7,1.7915173768997192,2.268251895904541
4511,7,0.1871277093887329,0.20761606097221375
4519,7,0.6843902468681335,1.1811192035675049
4520,7,0.7132960557937622,2.385901927947998
4521,7,0.8621878027915955,1.7052360773086548
4522,7,0.8165920972824097,3.3997128009796143
4523,7,1.325307846069336,2.25335693359375
4524,7,0.7132960557937622,1.5779467821121216
4525,7,1.2728441953659058,3.5722527503967285
4533,7,0.0,1.3879741430282593
4534,7,0.4106564223766327,0.773078203201294
4535,7,0.2402186095714569,1.0860141515731812
4536,7,0.0,2.036919116973877
4537,7,0.5428582429885864,1.7875192165374756
4538,7,0.0,1.6671726703643799
4539,7,0.0,2.4126744270324707
5557,7,-0.33671388030052185,1.5898995399475098
5558,7,1.2939426898956299,0.22870668768882751
5559,7,0.15640123188495636,0.32136452198028564
5576,7,0.06113170459866524,0.8603770136833191
5577,7,0.6104087829589844,0.856532871723175
5578,7,-0.08776002377271652,0.47214221954345703
5579,7,0.08886856585741043,0.49071136116981506
5589,7,2.077467203140259,1.5386556386947632
5590,7,2.728342294692993,0.589677095413208
5591,7,2.317685842514038,0.6602086424827576
5592,7,1.3072104454040527,1.4210455417633057
5593,7,2.728342294692993,0.48595404624938965
5594,7,2.728342294692993,3.2876923084259033
5595,7,2.077467203140259,2.8249783515930176
5596,7,2.317685842514038,0.4798406660556793
5597,7,-0.011969134211540222,0.23126249015331268
5598,7,0.030783649533987045,0.0407409630715847
5599,7,-0.21983741223812103,0.19945020973682404
5637,7,0.32587605714797974,1.3019840717315674
5866,7,0.6395467519760132,1.319807767868042
5867,7,0.38309553265571594,0.7752040028572083
5868,7,1.7401713132858276,0.8022876977920532
5869,7,1.7881416082382202,2.7788655757904053
5870,7,0.9535146951675415,1.9322360754013062
5871,7,1.9851295948028564,0.4214964807033539
5872,7,0.641829788684845,0.5459624528884888
5876,7,1.3676663637161255,0.7875500917434692
5877,7,0.0693911463022232,0.2362799197435379
5878,7,0.2775775194168091,0.5424566268920898
5879,7,2.4174656867980957,0.8627802729606628
14,8,2.1795296669006348,3.1998512744903564
15,8,4.680967330932617,3.3854126930236816
16,8,3.079859972000122,1.233864665031433
17,8,2.923438787460327,1.3902844190597534
18,8,3.2358014583587646,1.0419635772705078
19,8,5.0519232749938965,1.8018996715545654
20,8,2.099073648452759,4.215001583099365
21,8,2.5723960399627686,3.201178789138794
22,8,2.9246554374694824,3.1219277381896973
23,8,3.3903958797454834,4.191525936126709
24,8,0.7541710138320923,5.823638916015625
25,8,0.0248617734760046,0.22881022095680237
26,8,-2.728342294692993,-0.4428848624229431
27,8,-3.756010055541992,-1.463624119758606
28,8,-3.054218292236328,1.260956048965454
29,8,-2.7477686405181885,1.110018014907837
30,8,-3.549654960632324,2.5001957416534424
31,8,-1.2561542987823486,0.6241835355758667
32,8,-3.756010055541992,0.5601645112037659
33,8,-3.098123788833618,0.46165913343429565
34,8,2.728342294692993,3.201178789138794
35,8,3.756010055541992,5.088286399841309
36,8,3.054218292236328,3.1219277381896973
37,8,2.7477686405181885,2.3900158405303955
38,8,3.549654960632324,4.796223163604736
39,8,1.2561542987823486,1.912524938583374
40,8,3.756010055541992,1.233864665031433
41,8,3.098123788833618,1.3902844190597534
42,8,-2.232905387878418,0.25885099172592163
43,8,-1.0276678800582886,-0.7633246183395386
44,8,-1.0935636758804321,1.3911445140838623
45,8,-0.05646670609712601,1.7371231317520142
46,8,-1.0276678800582886,1.3500198125839233
47,8,-2.9815821647644043,-1.172831416130066
48,8,2.232905387878418,4.450507164001465
49,8,1.0276678800582886,4.062726020812988
50,8,1.0935636758804321,1.7888065576553345
51,8,0.05646670609712601,1.0888662338256836
52,8,1.0276678800582886,0.988930344581604
53,8,2.9815821647644043,3.1998512744903564
260,8,1.6384583711624146,3.4401237964630127
261,8,1.076115608215332,3.0138213634490967
262,8,2.5677878856658936,0.7325599193572998
375,8,0.9839035272598267,0.5202752947807312
376,8,1.2435485124588013,0.9891132116317749
377,8,1.4510266780853271,3.2533481121063232
378,8,2.2467401027679443,2.384397029876709
379,8,1.5695295333862305,2.022754192352295
380,8,-2.2467401027679443,1.5969479084014893
381,8,-1.5695295333862305,0.45869502425193787
382,8,1.5196093320846558,2.384397029876709
383,8,1.3337823152542114,2.022754192352295
384,8,-1.5196093320846558,1.5969479084014893
385,8,-1.3337823152542114,0.45869502425193787
396,8,-3.403402328491211,1.1874964237213135
397,8,-0.8970479965209961,0.4931538701057434
398,8,-1.038295030593872,1.1305772066116333
399,8,0.038235973566770554,0.5810925960540771
400,8,-0.37242045998573303,0.1228729709982872
401,8,-2.5882933139801025,0.9004316329956055
402,8,-6.336045742034912,1.3766884803771973
403,8,-3.232964515686035,0.7568828463554382
404,8,-2.9989495277404785,0.5680176019668579
405,8,1.733952522277832,1.4674315452575684
406,8,-0.13220183551311493,2.4631130695343018
407,8,-0.37987276911735535,0.7685278654098511
408,8,3.809299945831299,1.1115764379501343
409,8,-1.1109310388565063,1.3202239274978638
410,8,4.503169536590576,1.2454895973205566
411,8,-0.2402186095714569,0.7342276573181152
412,8,2.4257025718688965,1.1682695150375366
413,8,5.216465950012207,1.4052751064300537
414,8,5.216465950012207,3.7521584033966064
415,8,5.216465950012207,2.9790425300598145
416,8,2.9276857376098633,0.8335371017456055
417,8,-0.13220183551311493,3.8768253326416016
418,8,1.3522019386291504,3.129352331161499
419,8,3.112752914428711,2.9539132118225098
420,8,1.1343426704406738,1.055907964706421
421,8,0.9178253412246704,1.4237133264541626
422,8,-0.8493078947067261,0.8508410453796387
423,8,1.2376387119293213,1.0932151079177856
424,8,-0.6116429567337036,0.7388806343078613
425,8,-0.1495431363582611,0.9666312336921692
426,8,-0.09360992908477783,0.5508155822753906
427,8,1.1701807975769043,3.223639726638794
428,8,0.526220440864563,1.108548879623413
429,8,0.9001388549804688,0.7414426803588867
430,8,0.49740836024284363,1.916643500328064
431,8,0.11930190771818161,0.9946058988571167
432,8,0.6100000739097595,1.055907964706421
433,8,0.4848095774650574,1.4237133264541626
434,8,0.5810942649841309,0.8508410453796387
435,8,1.2655584812164307,1.0932151079177856
436,8,-0.3026396632194519,0.7388806343078613
437,8,-0.040874965488910675,0.9666312336921692
438,8,-0.040874965488910675,0.5508155822753906
439,8,0.9455621838569641,3.223639726638794
440,8,0.22690452635288239,1.108548879623413
441,8,-0.13220183551311493,0.7414426803588867
442,8,0.8012278079986572,1.916643500328064
443,8,0.4106564223766327,0.9946058988571167
444,8,-1.6664471626281738,0.42507433891296387
445,8,-2.3355860710144043,0.7275112271308899
446,8,-3.880681037902832,-1.4940921068191528
447,8,-1.960514783859253,-0.022672677412629128
448,8,8.058494567871094,2.281700849533081
449,8,-8.058494567871094,1.525911569595337
450,8,7.990222930908203,2.322036027908325
451,8,-0.06827136129140854,2.5852622985839844
452,8,2.8566248416900635,1.4221646785736084
453,8,-5.201869487762451,1.3110344409942627
454,8,1.704028606414795,1.6754677295684814
455,8,-6.354465484619141,0.6792307496070862
456,8,1.4230005741119385,0.9324138760566711
457,8,-6.635493755340576,1.0164754390716553
458,8,-0.20852912962436676,0.6449860334396362
459,8,-8.267023086547852,1.9530178308486938
460,8,-0.5173725485801697,0.5572372674942017
461,8,-8.57586669921875,1.8423353433609009
462,8,0.07911093533039093,0.41489729285240173
463,8,-7.97938346862793,1.982682228088379
464,8,1.6664471626281738,1.8806486129760742
465,8,1.1651908159255981,1.365928053855896
466,8,-0.24112796783447266,0.9245427250862122
467,8,2.3355860710144043,1.4600387811660767
468,8,-0.2329934984445572,0.8626230955123901
469,8,-0.5401384830474854,0.7853833436965942
470,8,-0.10947242379188538,0.8491268157958984
471,8,3.880681037902832,4.05429744720459
472,8,0.15850576758384705,1.4440313577651978
473,8,-0.2777280807495117,0.6608153581619263
474,8,1.960514783859253,1.4858744144439697
475,8,1.089340090751648,0.8560746312141418
476,8,6.679957866668701,4.629339218139648
477,8,4.665832996368408,3.931743621826172
478,8,4.068404197692871,4.092276573181152
479,8,8.723506927490234,5.525355815887451
480,8,8.263228416442871,4.65664529800415
481,8,0.9219698905944824,1.2320936918258667
482,8,0.13947127759456635,0.7639926671981812
483,8,0.33674702048301697,1.2499607801437378
484,8,0.7284601926803589,1.0619347095489502
485,8,0.17317432165145874,0.15000328421592712
486,8,0.9564331769943237,0.20652160048484802
487,8,1.4166347980499268,2.7492146492004395
488,8,0.30701202154159546,1.2253763675689697
489,8,0.22038573026657104,1.2830524444580078
490,8,3.419278860092163,2.2241008281707764
491,8,2.5794503688812256,1.3527109622955322
492,8,0.1919838935136795,0.6495742797851562
493,8,0.9071285128593445,1.3526846170425415
494,8,1.6646124124526978,1.2727940082550049
495,8,0.8999664783477783,0.9040948748588562
496,8,2.0840137004852295,1.2499443292617798
497,8,0.658144474029541,0.6882803440093994
498,8,0.304829865694046,0.6356204748153687
499,8,0.21277381479740143,0.49715256690979004
500,8,0.832183837890625,0.5586599111557007
501,8,0.4374687671661377,0.6579493284225464
502,8,0.007269441150128841,0.3359642028808594
503,8,1.4860434532165527,0.9704052805900574
504,8,2.188220500946045,0.7241657972335815
505,8,5.918128490447998,2.1477010250091553
506,8,0.6013163924217224,2.374610185623169
507,8,0.8481252193450928,3.0866141319274902
508,8,4.836801528930664,4.501954078674316
509,8,4.6368327140808105,3.086738109588623
510,8,1.24284029006958,1.0036381483078003
511,8,0.5113134384155273,0.4682416319847107
512,8,0.8704198002815247,0.24135136604309082
513,8,1.8566750288009644,0.38762179017066956
514,8,0.2779972553253174,0.2651277780532837
515,8,-2.0840137004852295,0.4296643137931824
516,8,-5.918128490447998,0.38365450501441956
1023,8,1.1621885299682617,1.9952423572540283
1024,8,1.4024070501327515,1.0748605728149414
1025,8,2.077467203140259,0.22542409598827362
1026,8,1.3641711473464966,0.9154278039932251
1027,8,0.9402005672454834,3.1299850940704346
1028,8,2.3043715953826904,1.9561535120010376
1938,8,-0.02557743899524212,0.2104143351316452
1939,8,-0.02557743899524212,0.2818538248538971
1940,8,-0.21370169520378113,0.3092220425605774
1941,8,0.14377030730247498,0.37750372290611267
1942,8,0.09961305558681488,0.46902793645858765
1943,8,0.07070722430944443,-0.07817742973566055
1944,8,2.9601571559906006,0.20532123744487762
1945,8,-0.21370169520378113,0.3097485303878784
1946,8,-0.04776924476027489,0.3413468897342682
1947,8,0.6339466571807861,-0.19375118613243103
1948,8,0.5428582429885864,0.902753472328186
1949,8,0.43484148383140564,0.9981500506401062
1950,8,1.1089528799057007,2.47597336769104
1951,8,0.5810942649841309,4.478901386260986
1952,8,2.819669008255005,4.103165149688721
1953,8,-0.6508750319480896,0.8244212865829468
1954,8,0.3854418992996216,2.3071694374084473
1955,8,1.6668107509613037,4.406479835510254
1956,8,1.4339518547058105,1.6703449487686157
1957,8,2.687467336654663,2.5772132873535156
1958,8,2.4224019050598145,1.6566321849822998
1959,8,1.88694429397583,0.49657759070396423
1960,8,1.6668107509613037,0.4491812586784363
1961,8,1.85547935962677,0.6211234331130981
1962,8,1.2561542987823486,1.7088788747787476
1963,8,0.5428582429885864,1.8609955310821533
1964,8,0.0,1.3490335941314697
1965,8,1.0615314245224,1.8671233654022217
1966,8,1.698531150817871,3.8121891021728516
1967,8,-3.441638231277466,1.0012319087982178
1968,8,-3.3792171478271484,0.8428794145584106
1969,8,-3.4583282470703125,0.7953212857246399
1970,8,-3.8861582279205322,1.8970931768417358
1971,8,-3.7898736000061035,1.0266788005828857
1972,8,3.578756809234619,1.549643874168396
1973,8,3.2938034534454346,0.4861321449279785
1974,8,-0.2931166887283325,0.9512591361999512
1975,8,0.3635777235031128,0.46985965967178345
1976,8,3.4007632732391357,3.411581039428711
1977,8,0.7907074689865112,0.6324795484542847
1978,8,4.527354717254639,0.9097380638122559
1979,8,1.8835296630859375,1.2249891757965088
1980,8,2.9847934246063232,1.5610840320587158
1981,8,4.913825988769531,0.528908908367157
1982,8,3.8939919471740723,1.8726520538330078
1983,8,0.29768186807632446,0.28791579604148865
1984,8,-0.43501293659210205,1.2086067199707031
1985,8,-0.657078742980957,1.1368573904037476
1986,8,0.016232576221227646,0.5405960083007812
1987,8,-0.39924708008766174,0.296531081199646
1988,8,4.529326438903809,1.535597801208496
1989,8,1.1089528799057007,0.6940728425979614
1990,8,1.135563611984253,0.3196517825126648
1991,8,-0.24642235040664673,1.4909204244613647
1992,8,-0.042640842497348785,0.49138179421424866
1993,8,3.852294683456421,1.549643874168396
1994,8,0.6341851353645325,0.9512591361999512
1995,8,0.7058437466621399,0.46985965967178345
1996,8,3.656642436981201,3.411581039428711
1997,8,1.0276678800582886,0.6324795484542847
1998,8,4.3771071434021,0.9097380638122559
1999,8,1.4762879610061646,1.2249891757965088
2000,8,3.7898736000061035,1.5610840320587158
2001,8,4.709524631500244,1.8726520538330078
2002,8,0.45807787775993347,0.28791579604148865
2003,8,-0.6970635056495667,1.2086067199707031
2004,8,0.15162824094295502,1.1368573904037476
2005,8,0.5810942649841309,0.5405960083007812
2006,8,0.0,0.296531081199646
2007,8,4.3327317237854,1.535597801208496
2008,8,1.0974485874176025,0.6940728425979614
2009,8,1.2411547899246216,0.3196517825126648
2010,8,1.032008171081543,1.4909204244613647
2011,8,0.6671075820922852,0.49138179421424866
4171,8,2.488123655319214,3.1355812549591064
4172,8,3.4500420093536377,2.344952344894409
4173,8,3.0476717948913574,2.4974944591522217
4174,8,4.001186370849609,2.255905866622925
4175,8,2.2457852363586426,1.3711954355239868
4176,8,3.563595771789551,1.432777762413025
4177,8,4.7972846031188965,4.004898548126221
4178,8,3.388547420501709,3.978353500366211
4179,8,5.125138759613037,1.4338395595550537
4180,8,1.9660552740097046,1.749267578125
4181,8,4.092513084411621,1.2981770038604736
4540,8,1.39213228225708,2.5405917167663574
4541,8,2.5254640579223633,2.055875062942505
4542,8,1.1885719299316406,2.2524449825286865
4543,8,0.2015419900417328,1.0056002140045166
4544,8,-0.020160991698503494,1.386702537536621
4545,8,0.0300583578646183,1.3701095581054688
4546,8,0.9423989653587341,1.760230302810669
4547,8,1.850210189819336,1.655310034751892
4620,8,-0.2552182078361511,0.27644863724708557
4621,8,-0.21131277084350586,2.332223892211914
4622,8,0.6891109943389893,0.7765445709228516
4623,8,1.9741711616516113,-0.33120495080947876
4624,8,3.8372950553894043,0.36396533250808716
4625,8,4.680967330932617,0.37373560667037964
4626,8,0.2402186095714569,1.1356821060180664
4627,8,4.472780704498291,0.3406095802783966
4628,8,-0.04390541464090347,-0.07828974723815918
4629,8,0.21131277084350586,2.241257429122925
4630,8,0.9004237651824951,0.5792120695114136
4631,8,2.185483932495117,-1.4677917957305908
4632,8,4.04860782623291,0.380490779876709
4633,8,4.892280101776123,0.9216291308403015
4634,8,0.45153138041496277,0.7159484624862671
4635,8,4.684093475341797,-0.13031582534313202
4661,8,0.25581035017967224,0.8849924802780151
4662,8,0.3038233816623688,1.9749828577041626
4663,8,1.1865808963775635,1.756848692893982
4664,8,1.2559173107147217,2.5931334495544434
4665,8,-0.08797912299633026,1.13552987575531
4666,8,0.0,1.3758633136749268
4667,8,3.150730848312378,2.5481016635894775
4668,8,2.846151828765869,2.672820806503296
4669,8,0.5928263664245605,1.3849533796310425
4670,8,0.9193722009658813,2.2183327674865723
4671,8,1.546341061592102,1.7421945333480835
4672,8,0.5062000751495361,1.8669979572296143
4673,8,1.6314117908477783,2.3713929653167725
4674,8,3.647714376449585,3.467329502105713
4675,8,3.059887647628784,2.519881248474121
4676,8,5.046028137207031,3.5704944133758545
4677,8,0.13692259788513184,1.5852043628692627
4678,8,5.738830089569092,3.259514570236206
4679,8,2.3420603275299072,2.604863405227661
4680,8,0.3482353687286377,2.6132264137268066
4681,8,0.15086328983306885,3.842862606048584
4682,8,1.2761919498443604,0.9854952096939087
4683,8,0.9391224384307861,0.9587688446044922
4684,8,4.963521957397461,1.270793080329895
4685,8,0.5428582429885864,3.9176719188690186
4686,8,1.270783543586731,3.8444161415100098
4687,8,1.0278971195220947,2.5401744842529297
4688,8,0.4254123568534851,0.5173160433769226
5418,8,-0.4022527039051056,1.5966037511825562
5419,8,0.6784359216690063,0.9548171758651733
5420,8,1.3202656507492065,2.091407537460327
5421,8,2.4327139854431152,0.4552537798881531
5422,8,0.9449900388717651,3.4871585369110107
5423,8,0.9783764481544495,0.8584896326065063
5424,8,1.513062834739685,2.190345048904419
5425,8,-0.04390541464090347,1.8038196563720703
5426,8,2.185483932495117,1.6454296112060547
5427,8,1.774827480316162,1.0364898443222046
5428,8,0.0,0.7744693756103516
5429,8,0.9096092581748962,1.7307608127593994
5430,8,0.11502811312675476,0.7711696028709412
5431,8,-0.23009097576141357,1.5966037511825562
5432,8,1.407914400100708,0.4552537798881531
5433,8,0.3910408318042755,1.580039381980896
5434,8,0.883733868598938,3.4871585369110107
5435,8,-0.1912277340888977,0.3503556549549103
5436,8,0.32008570432662964,0.20043940842151642
5437,8,1.0438679456710815,2.190345048904419
5438,8,1.020007610321045,1.7307608127593994
5439,8,1.407914400100708,2.0504603385925293
5651,8,0.07601718604564667,0.7140364646911621
5652,8,0.3254689872264862,0.6737631559371948
5653,8,0.3571796715259552,0.010964828543365002
5654,8,1.1953110694885254,3.1726620197296143
5655,8,1.0248732566833496,1.2093480825424194
5656,8,0.3714717626571655,1.682521104812622
5657,8,0.3016909658908844,0.7619598507881165
5813,8,0.09897152334451675,0.031343504786491394
5814,8,-0.5037813186645508,1.3727127313613892
5815,8,-0.5993249416351318,2.144101858139038
5816,8,-0.018230730667710304,0.36743348836898804
5817,8,-0.5295441746711731,1.1997978687286377
5818,8,-0.8469958901405334,1.2599725723266602
5819,8,0.034860171377658844,0.25226205587387085
5820,8,-0.5610889792442322,1.489729642868042
5821,8,-0.6562855839729309,2.0134944915771484
5822,8,-1.040370225906372,2.366345167160034
5823,8,-0.8699324131011963,2.5568454265594482
5824,8,-0.7966970801353455,1.8645433187484741
5825,8,-0.551903486251831,1.4293678998947144
5826,8,-1.2355707883834839,2.4128432273864746
5827,8,-1.4830588102340698,2.5709855556488037
5828,8,6.113513946533203,2.9377410411834717
5829,8,1.4830588102340698,0.19598820805549622
5830,8,1.5820304155349731,0.11147455871105194
5831,8,0.9792775511741638,0.3659241199493408
5832,8,0.883733868598938,0.19598820805549622
5833,8,1.4648281335830688,-0.18004660308361053
5834,8,0.9535146951675415,0.42298421263694763
5835,8,0.6360629796981812,0.11147455871105194
5836,8,1.5179190635681152,-0.6494658589363098
5837,8,0.9219698905944824,0.0937534049153328
5838,8,0.8267732858657837,-0.18004660308361053
5839,8,0.44268864393234253,0.3659241199493408
5840,8,0.6131264567375183,0.0937534049153328
5841,8,0.6863617897033691,-0.6494658589363098
5842,8,0.9311553239822388,0.018620586022734642
5843,8,0.24748805165290833,0.3132546544075012
5844,8,0.7250281572341919,2.0620274543762207
5845,8,1.7124065160751343,1.7344825267791748
5846,8,1.9482202529907227,4.073162078857422
5847,8,3.9603114128112793,3.2205843925476074
5848,8,0.7588918209075928,0.1621464490890503
5849,8,0.19934363663196564,1.2416671514511108
5850,8,0.09132687747478485,0.38855236768722534
5851,8,0.3026396632194519,0.2299058884382248
5852,8,1.654841661453247,0.7073959112167358
5853,8,1.8489806652069092,0.6987147331237793
5854,8,2.339020252227783,3.3298449516296387
5855,8,0.3026396632194519,0.18747447431087494
5856,8,0.2402186095714569,3.4487202167510986
5857,8,0.7422019243240356,2.3581714630126953
5858,8,0.7422019243240356,5.1981658935546875
5859,8,0.5428582429885864,1.2416671514511108
5860,8,1.0615314245224,0.8787637948989868
5861,8,0.9824205040931702,0.6878085136413574
5862,8,2.0344724655151367,1.4197450876235962
5863,8,0.9824205040931702,1.2409632205963135
5873,8,-0.07816073298454285,2.391813278198242
5874,8,-0.1930532306432724,1.4852325916290283
5875,8,0.28917425870895386,4.593712329864502
5898,8,3.2097911834716797,1.6828314065933228
5899,8,0.2841240167617798,0.2978011667728424
5900,8,0.3380204439163208,1.6116783618927002
5901,8,0.3632349669933319,0.4506770968437195
5902,8,-0.3667510151863098,0.17933323979377747
5903,8,1.9980957508087158,2.3125083446502686
5904,8,1.0911601781845093,0.9449847340583801
5905,8,0.5867636799812317,1.1675856113433838
5906,8,2.943742513656616,2.403144359588623
5907,8,2.7594141960144043,0.9757177233695984
5908,8,0.4106564223766327,1.1272287368774414
5909,8,0.8860082030296326,0.7061312198638916
5910,8,0.31168490648269653,1.6921873092651367
5911,8,-0.8687343001365662,0.8662515878677368
5912,8,1.5265793800354004,1.4920074939727783
5913,8,1.7174487113952637,4.2273945808410645
5914,8,1.4606835842132568,3.843465805053711
5915,8,0.3632349669933319,2.859895706176758
5916,8,0.551903486251831,2.456556797027588
5917,8,0.123016357421875,1.8588825464248657
6033,8,0.27845457196235657,1.8940109014511108
6034,8,0.9293296337127686,2.9824976921081543
6035,8,0.6891109943389893,1.547076940536499
6036,8,1.774827480316162,1.370254397392273
6037,8,0.36446794867515564,1.2220805883407593
6038,8,1.1179981231689453,0.6596762537956238
6039,8,1.6043896675109863,0.5988883376121521
6043,8,1.545855164527893,1.1226075887680054
6044,8,1.5608546733856201,1.0894191265106201
6045,8,2.4865458011627197,1.5970951318740845
6046,8,1.2686275243759155,1.0022433996200562
6598,8,-1.420204520225525,2.4631130695343018
6599,8,2.6683247089385986,3.223639726638794
6600,8,-0.16468580067157745,3.8768253326416016
6601,8,-0.13855770230293274,0.7685279250144958
6602,8,-0.08617144078016281,0.5508155822753906
6603,8,-0.43725475668907166,1.1730623245239258
64,9,1.171373963356018,1.2447296380996704
65,9,0.7960982918739319,1.2850581407546997
66,9,-0.10364440828561783,1.0604031085968018
67,9,1.392728567123413,0.8976211547851562
68,9,-0.0223593320697546,0.567010760307312
69,9,0.038921285420656204,0.1946258246898651
70,9,3.1128292083740234,0.44295650720596313
71,9,0.0689675435423851,0.679966390132904
72,9,-0.01481207087635994,0.7992042303085327
73,9,0.13947127759456635,0.3352794051170349
74,9,0.9785768389701843,0.8705088496208191
75,9,-0.21867252886295319,0.9197982549667358
76,9,-0.033863615244627,0.22173497080802917
77,9,-0.07806696742773056,0.02538566291332245
78,9,-0.18275535106658936,0.16438481211662292
79,9,-0.10364440828561783,0.09840907156467438
80,9,-0.31995680928230286,0.38568538427352905
81,9,-0.11685949563980103,0.12588205933570862
82,9,0.8357636332511902,0.48316749930381775
83,9,0.15374791622161865,0.5816158056259155
84,9,0.6118258237838745,0.16950282454490662
85,9,0.1248420923948288,0.3434959948062897
86,9,0.2450747936964035,0.08450832962989807
87,9,0.4796239733695984,1.1174681186676025
88,9,1.461734414100647,0.26573067903518677
89,9,-0.08647068589925766,1.3970674276351929
90,9,-0.5806068181991577,1.2322704792022705
91,9,0.34497565031051636,1.8987106084823608
92,9,1.88009512424469,1.1583948135375977
93,9,0.42688900232315063,1.7074778079986572
94,9,1.2246094942092896,0.5938456058502197
95,9,2.8289992809295654,1.3857758045196533
96,9,3.7547178268432617,2.198913335800171
97,9,1.5587940216064453,0.8227721452713013
98,9,0.7295286655426025,2.1743569374084473
99,9,1.3066062927246094,1.8934907913208008
100,9,5.3809494972229,1.1826175451278687
101,9,5.2453718185424805,1.7030807733535767
102,9,5.4200263023376465,0.8219612240791321
103,9,5.564701080322266,1.49406898021698
104,9,6.1457953453063965,2.210188627243042
105,9,-0.13220183551311493,0.3651339113712311
106,9,3.4705440998077393,1.9316661357879639
107,9,4.503169536590576,1.8194949626922607
108,9,1.6426256895065308,0.757631778717041
109,9,7.650989055633545,1.7525352239608765
110,9,1.8576297760009766,1.4840357303619385
111,9,0.05646670609712601,0.6196296215057373
112,9,1.3641711473464966,0.5552021265029907
113,9,0.5428582429885864,0.3913753926753998
114,9,8.624588966369629,2.5164077281951904
115,9,9.549198150634766,2.361483097076416
116,9,5.1131696701049805,1.7062969207763672
117,9,8.278043746948242,2.245673894882202
118,9,5.7239251136779785,2.2090275287628174
119,9,6.696013450622559,1.511165976524353
120,9,5.513151168823242,1.2320181131362915
121,9,8.122605323791504,2.9309284687042236
122,9,6.334464073181152,2.7501468658447266
123,9,6.2779974937438965,2.171792984008789
124,9,6.820855617523193,2.777172565460205
125,9,4.970293045043945,2.1201250553131104
126,9,5.201466083526611,1.7993711233139038
127,9,8.29304313659668,2.466158628463745
128,9,9.605664253234863,2.204709768295288
129,9,6.758434295654297,1.3347761631011963
130,9,6.439105033874512,2.110321521759033
131,9,6.107559680938721,2.145397663116455
132,9,6.721075534820557,1.193640947341919
133,9,5.764044761657715,0.8509460687637329
134,9,8.052824974060059,2.7573835849761963
135,9,7.040988922119141,2.1538875102996826
136,9,7.185323715209961,2.933318614959717
137,9,7.020199298858643,2.9519615173339844
138,9,6.866451263427734,1.6270616054534912
139,9,6.126986026763916,1.272387146949768
140,9,6.306902885437012,2.610555648803711
141,9,5.549701690673828,2.0702626705169678
142,9,7.6421685218811035,2.7673332691192627
143,9,8.991339683532715,3.0585310459136963
144,9,8.135626792907715,2.8077893257141113
145,9,7.5630574226379395,2.1589560508728027
146,9,6.745120525360107,1.8192684650421143
147,9,11.361334800720215,2.688854694366455
148,9,1.452102780342102,0.17771756649017334
149,9,7.207326889038086,1.698443055152893
150,9,3.527010917663574,0.5731220245361328
151,9,1.657254934310913,-0.1949402540922165
152,9,6.665239334106445,0.8941275477409363
153,9,5.712494850158691,1.020656943321228
154,9,3.549654960632324,0.24177637696266174
155,9,2.41373348236084,-0.16492269933223724
156,9,2.2351796627044678,-0.050777655094861984
157,9,7.471730709075928,0.9297498464584351
158,9,6.410199165344238,1.0749266147613525
159,9,2.528761625289917,0.052084457129240036
160,9,3.0104880332946777,0.3646518886089325
161,9,2.3477189540863037,0.6249570846557617
162,9,7.185323715209961,1.8856370449066162
163,9,6.440232276916504,1.9991605281829834
164,9,2.488123655319214,0.16519837081432343
165,9,4.635371685028076,1.7030807733535767
166,9,4.550590991973877,1.3432031869888306
167,9,4.550590991973877,2.2836835384368896
168,9,6.820855617523193,0.8520076870918274
169,9,6.912182331085205,2.210188627243042
170,9,7.666353225708008,-0.20386147499084473
171,9,6.912182331085205,1.4054064750671387
172,9,9.308979034423828,2.8848977088928223
173,9,-5.046028137207031,-0.06096110865473747
174,9,-4.168248653411865,0.1655566692352295
175,9,-9.549198150634766,0.08323512971401215
176,9,-3.866295337677002,-0.08238811045885086
177,9,-0.34297576546669006,-0.15085330605506897
178,9,-5.7239251136779785,-0.2029484212398529
179,9,-5.68190336227417,-0.20446200668811798
180,9,0.5960938334465027,0.12028658390045166
181,9,-5.549701690673828,-0.12846949696540833
182,9,4.06963586807251,1.8194949626922607
183,9,5.935123443603516,1.7525352239608765
184,9,0.8235527276992798,0.5552021265029907
185,9,0.4106564223766327,0.3913753926753998
186,9,-0.4106564223766327,0.062193263322114944
187,9,-0.8235527276992798,0.003388628363609314
188,9,5.4092631340026855,1.1826175451278687
189,9,1.408076524734497,0.3026786744594574
190,9,-0.8888193368911743,0.6365525722503662
191,9,3.0663626194000244,0.5825318098068237
192,9,5.18367338180542,1.7030807733535767
193,9,-0.32587605714797974,0.9376628994941711
194,9,1.897843837738037,0.6249570846557617
195,9,5.952121257781982,1.49406898021698
196,9,6.2547607421875,2.210188627243042
197,9,4.587950229644775,1.1826175451278687
198,9,1.1124482154846191,0.3026786744594574
199,9,-0.16740736365318298,0.6365525722503662
200,9,3.115762233734131,0.5825318098068237
201,9,4.890589714050293,1.7030807733535767
202,9,0.5148631930351257,0.9376628994941711
203,9,2.813122510910034,0.6249570846557617
204,9,6.076370716094971,2.210188627243042
236,9,1.104526162147522,-0.0192548930644989
237,9,2.043041229248047,0.8987544775009155
238,9,2.201974630355835,0.08992686122655869
239,9,0.3660154938697815,0.1353374421596527
240,9,-0.18986420333385468,0.018993167206645012
241,9,-0.12744316458702087,0.25553378462791443
393,9,0.6242006421089172,0.8554932475090027
394,9,0.7210696935653687,1.0332428216934204
395,9,0.9535146951675415,0.899572491645813
673,9,-0.0624210461974144,0.5113361477851868
674,9,1.4597147703170776,1.8931586742401123
675,9,1.34917151927948,4.925869941711426
676,9,3.681856870651245,0.010468577034771442
677,9,-1.774827480316162,0.09625091403722763
678,9,-1.2561542987823486,-0.003461557673290372
679,9,2.9685609340667725,0.07327207177877426
680,9,3.7200927734375,0.1366160660982132
681,9,0.6100000739097595,0.07376439869403839
682,9,0.6766378879547119,0.032911382615566254
1029,9,0.38986650109291077,0.08265533298254013
1032,9,-0.557857871055603,1.0255413055419922
1033,9,3.8372950553894043,6.302417755126953
1051,9,0.4106564223766327,0.19501809775829315
1052,9,3.1389987468719482,-0.010518711991608143
1053,9,0.0,0.11048471927642822
1054,9,0.0,0.06499461829662323
1055,9,1.4339518547058105,2.23059344291687
1056,9,0.6057023406028748,0.35974955558776855
1057,9,0.06347805261611938,0.9438403844833374
1058,9,5.276767253875732,0.9177337884902954
1059,9,1.526620626449585,1.08649480342865
1060,9,0.8213128447532654,2.23059344291687
1061,9,0.5822779536247253,0.35974955558776855
1062,9,-0.03615420684218407,0.9438403844833374
1063,9,2.185483932495117,0.9177337884902954
1064,9,1.2319692373275757,1.08649480342865
1065,9,-0.10801676660776138,0.10734393447637558
1066,9,0.09132687747478485,0.013020848855376244
1067,9,0.17043781280517578,-0.017982149496674538
1068,9,0.0,0.15711037814617157
1069,9,0.45807787775993347,-0.28034454584121704
1070,9,0.9126397371292114,0.35829466581344604
1071,9,1.0615314245224,0.47243189811706543
1072,9,1.0276678800582886,0.33720049262046814
1073,9,0.8454979062080383,-0.02649875357747078
3751,9,3.1007626056671143,4.405788421630859
4139,9,0.45807787775993347,0.5210082530975342
4140,9,1.383597493171692,0.0998530164361
4141,9,1.3232961893081665,0.8385007977485657
4142,9,3.0309817790985107,0.21642665565013885
4143,9,0.3026396632194519,1.076034426689148
4144,9,3.0309817790985107,0.8993239402770996
4145,9,0.3591063618659973,0.4065325856208801
4146,9,1.2067546844482422,0.17218056321144104
4147,9,3.0309817790985107,0.8896506428718567
4148,9,0.45807787775993347,0.5117799043655396
4149,9,0.3591063618659973,0.39690345525741577
5464,9,0.5660946369171143,0.5075129270553589
5465,9,0.5186731815338135,2.4711809158325195
5466,9,1.288435935974121,1.0879639387130737
5467,9,0.4671231210231781,2.0549910068511963
5468,9,1.1857807636260986,0.8642085790634155
5469,9,0.6100000739097595,0.6424819231033325
5470,9,1.5549901723861694,0.22421535849571228
5471,9,-0.17839030921459198,0.21158209443092346
5472,9,-0.343514621257782,1.216939926147461
5473,9,-0.011969134211540222,0.8508564233779907
5474,9,0.5660946369171143,0.06239239498972893
5475,9,0.08793172240257263,1.5678563117980957
5476,9,0.06714180111885071,0.7243308424949646
5477,9,1.4097667932510376,0.6477886438369751
5478,9,3.0141565799713135,3.5864815711975098
5479,9,0.2930837571620941,1.9119895696640015
5480,9,0.7250281572341919,0.7455150485038757
5481,9,-0.43484148383140564,0.6218650937080383
5482,9,-1.002914309501648,0.2774985730648041
5483,9,0.8213128447532654,2.0351598262786865
5484,9,1.135684609413147,1.2472383975982666
5485,9,1.1695482730865479,0.4042648673057556
5486,9,0.850218653678894,0.87193363904953
5487,9,0.4106564223766327,0.08538058400154114
5488,9,1.3017500638961792,1.1769670248031616
5489,9,1.420637845993042,0.6487762928009033
5490,9,0.5660946369171143,0.5866489410400391
5491,9,1.2169697284698486,0.7426325082778931
5492,9,-0.38742002844810486,0.8466829061508179
5493,9,0.4106564223766327,0.48353520035743713
5494,9,0.9991104006767273,0.5852170586585999
5495,9,-0.38742002844810486,0.9554758071899414
5496,9,0.20774735510349274,0.1908242106437683
5497,9,1.9741711616516113,0.8433432579040527
5498,9,1.288435935974121,0.8946465253829956
5499,9,0.5186731815338135,0.6969806551933289
5500,9,1.3759032487869263,0.23052878677845
5501,9,1.9302657842636108,0.44920969009399414
5502,9,0.7588918209075928,0.6261411905288696
5503,9,0.4106564223766327,0.5976587533950806
5504,9,0.5660946369171143,0.6332007646560669
5505,9,-0.08935531973838806,0.7844809293746948
5506,9,-0.4106564223766327,0.35072845220565796
5507,9,-0.13220183551311493,0.5178425312042236
5508,9,-0.5732470750808716,0.3925367295742035
5509,9,1.5964372158050537,0.3647584915161133
5510,9,0.8213128447532654,0.3055965006351471
5511,9,-0.07573513686656952,0.36774271726608276
5512,9,0.10801676660776138,0.2678402066230774
5580,9,0.6795530319213867,1.1960012912750244
5581,9,1.02851140499115,0.41983309388160706
5582,9,0.26824522018432617,0.40957847237586975
5583,9,0.05944105610251427,0.6403478980064392
5584,9,0.40239912271499634,0.8163281679153442
5788,9,1.729231834411621,1.3334423303604126
5789,9,1.729231834411621,1.597748041152954
5790,9,1.729231834411621,0.12324433028697968
5791,9,1.0139576196670532,0.6005045175552368
5792,9,1.0391721725463867,0.36844927072525024
5793,9,1.729231834411621,0.01737166941165924
5794,9,1.1433788537979126,0.21080467104911804
5795,9,1.729231834411621,0.9457316398620605
5796,9,0.20247004926204681,1.7330474853515625
5797,9,0.1188877522945404,1.6241538524627686
5798,9,0.4478629529476166,0.6928411722183228
5799,9,0.2617647051811218,0.49647846817970276
5800,9,0.3591063618659973,0.5525702834129333
5801,9,0.46811968088150024,0.2598302364349365
5802,9,-0.274082213640213,0.7504870295524597
5803,9,0.7546097040176392,1.3861457109451294
5804,9,1.1449693441390991,1.95903742313385
5805,9,-0.6847386360168457,0.8081458806991577
5806,9,-0.3482353687286377,1.1409109830856323
5807,9,-0.17779755592346191,0.9281050562858582
5808,9,1.729231834411621,1.4644243717193604
5809,9,1.729231834411621,1.1309120655059814
5810,9,0.33467188477516174,1.2276813983917236
5811,9,0.37095579504966736,0.09528796374797821
5812,9,1.1038674116134644,0.08545153588056564
5880,9,0.28495320677757263,0.3485386371612549
5881,9,0.15944580733776093,2.6105175018310547
5882,9,1.2165226936340332,1.4470466375350952
5883,9,-0.03591717779636383,0.6297932863235474
5884,9,0.17261195182800293,0.2094416618347168
5885,9,1.1326016187667847,3.9118614196777344
5886,9,-0.05472675710916519,0.7470914721488953
5887,9,1.475084900856018,1.1797271966934204
5888,9,1.733952522277832,1.125857949256897
5889,9,1.438324213027954,2.875333547592163
5890,9,1.0345971584320068,1.6634724140167236
5891,9,-0.040874965488910675,0.5478207468986511
5892,9,0.038235973566770554,0.250039279460907
5893,9,1.6426256895065308,1.4010837078094482
5894,9,1.733952522277832,3.021322727203369
5895,9,1.5910756587982178,0.6592541337013245
5918,9,0.3650606870651245,0.9681941866874695
5919,9,0.0624210461974144,1.4293595552444458
5920,9,0.5644043684005737,2.4446167945861816
5921,9,2.6803719997406006,0.8730505704879761
5922,9,0.5644043684005737,-0.0552225187420845
5923,9,-2.6803719997406006,0.7268699407577515
5924,9,-2.3153111934661865,1.6580874919891357
5925,9,-2.617950916290283,1.6940250396728516
5926,9,-2.1159675121307373,1.4696710109710693
5927,9,-2.1159675121307373,0.1293649971485138
5928,9,-0.5465883016586304,2.7428946495056152
5929,9,-0.046389494091272354,1.3012758493423462
5930,9,-0.2159343957901001,2.745872974395752
5931,9,-0.046389494091272354,0.6829744577407837
5932,9,-0.6558536291122437,1.8881969451904297
5933,9,-0.4490576684474945,0.2712927460670471
5934,9,0.4807125926017761,1.161596417427063
5935,9,0.8712080121040344,1.558680772781372
5936,9,-0.2759808897972107,0.7358071208000183
5937,9,-0.6945897936820984,0.6258975267410278
5938,9,0.7209311723709106,1.7784595489501953
5939,9,1.354171633720398,0.37328797578811646
5940,9,0.27628159523010254,1.705977201461792
5941,9,0.07225450128316879,1.7428264617919922
5942,9,0.6159898042678833,0.424868106842041
5943,9,1.5025767087936401,1.6144157648086548
5944,9,2.1401376724243164,0.22146835923194885
5945,9,2.5922298431396484,1.2738325595855713
5946,9,3.6194357872009277,-0.057610638439655304
5947,9,0.4699510633945465,0.8948943018913269
5948,9,1.2121529579162598,0.3874848783016205
5949,9,2.133366584777832,1.009810447692871
5950,9,3.2598674297332764,0.07346858084201813
5951,9,2.365586757659912,2.5160765647888184
5952,9,3.6263248920440674,2.9975924491882324
5953,9,4.122901916503906,4.079824447631836
5954,9,4.122901916503906,-0.2848012149333954
5955,9,4.122901916503906,0.05487833172082901
5956,9,4.122901916503906,-0.037757765501737595
5957,9,0.11002849042415619,2.212916374206543
5958,9,-0.33154547214508057,2.079045534133911
5959,9,0.1199859008193016,1.5303454399108887
5960,9,-0.07738618552684784,1.3938889503479004
5961,9,0.09990085661411285,0.16122159361839294
5962,9,-0.37545090913772583,0.9884939193725586
5963,9,-0.23420381546020508,0.14827358722686768
5964,9,0.3535848557949066,1.9949405193328857
5965,9,0.15822187066078186,0.807176411151886
5966,9,0.20278814435005188,0.4917467534542084
5967,9,0.31932955980300903,1.1891456842422485
5968,9,0.38596734404563904,1.1422760486602783
5969,9,1.0615314245224,0.7906383275985718
5970,9,-0.7013269662857056,2.1301698684692383
5971,9,-0.19934363663196564,1.1686277389526367
5972,9,-0.19934363663196564,0.8383158445358276
5973,9,-0.050451911985874176,0.6198431253433228
5974,9,-0.3530915677547455,0.6815549731254578
5975,9,-0.31075555086135864,2.0629889965057373
5976,9,-0.6271737813949585,1.522233247756958
5977,9,-0.3986872732639313,0.26113826036453247
5978,9,-0.5612779259681702,0.5788226127624512
5979,9,0.2361745536327362,0.91126549243927
5980,9,0.27542412281036377,0.11104895919561386
5981,9,0.11002849042415619,0.6399235725402832
5982,9,-0.1202327087521553,3.1938624382019043
5983,9,0.4226255416870117,0.899026095867157
5984,9,0.4682212769985199,0.15114761888980865
5985,9,0.3602045178413391,2.2014801502227783
5986,9,-0.2906705141067505,1.8495877981185913
5987,9,1.3137191534042358,1.8513200283050537
5988,9,-0.33154547214508057,0.11219099909067154
5989,9,0.1764526069164276,0.9461538195610046
5990,9,0.8152363896369934,0.3682236969470978
5991,9,-0.5019832849502563,0.8246800303459167
5992,9,0.5355589389801025,1.386481523513794
5993,9,0.476552277803421,0.5781194567680359
5994,9,0.924957275390625,0.3256336450576782
5995,9,0.336503267288208,0.21346011757850647
5996,9,0.29562830924987793,0.1006721705198288
5997,9,1.2900179624557495,0.5184999704360962
5998,9,0.9101451635360718,0.002632078481838107
5999,9,-0.11502811312675476,0.9457751512527466
6000,9,0.274082213640213,0.3435470461845398
6001,9,0.12519049644470215,0.311002254486084
6002,9,1.4300669431686401,0.544525682926178
6003,9,1.7201007604599,1.009810447692871
6004,9,3.130221366882324,0.40192747116088867
6005,9,3.977485179901123,0.07346858084201813
6006,9,1.8640347719192505,0.06210160255432129
6007,9,1.907029390335083,1.697049856185913
6008,9,1.958085536956787,1.055873155593872
6009,9,1.8037333488464355,0.899026095867157
6010,9,2.118934392929077,0.31598541140556335
6011,9,0.2402186095714569,1.7648149728775024
6012,9,1.0615314245224,1.693915605545044
6013,9,0.33154547214508057,0.2758944630622864
6014,9,2.728342294692993,0.06210160255432129
6015,9,2.246422052383423,1.697049856185913
6016,9,2.488123655319214,1.055873155593872
6017,9,2.6203253269195557,0.899026095867157
6018,9,1.7648701667785645,0.31598541140556335
6019,9,0.3026396632194519,1.7648149728775024
6020,9,0.6508750319480896,1.693915605545044
6021,9,0.8213128447532654,0.2758944630622864
6022,9,0.8562873601913452,0.2589591145515442
6023,9,0.39442384243011475,0.1522800475358963
6024,9,0.17839030921459198,0.47869953513145447
6025,9,0.19012241065502167,0.13138684630393982
6026,9,-0.39057138562202454,0.2123715579509735
6027,9,0.33445680141448975,0.8212285041809082
6028,9,2.6404104232788086,0.6211783289909363
6029,9,0.1114119216799736,1.1856045722961426
6030,9,-0.20550437271595,0.8464579582214355
6031,9,-0.6018841862678528,0.09591270983219147
6032,9,-0.23513315618038177,0.38551634550094604
6323,9,0.39184683561325073,0.5439385175704956
6324,9,1.2635140419006348,0.3396786153316498
6325,9,5.558497428894043,2.6145310401916504
6326,9,1.1146223545074463,0.8309407234191895
6327,9,3.110555410385132,1.9048131704330444
6328,9,6.410199165344238,3.467006206512451
6329,9,-1.111736536026001,0.3402668535709381
6330,9,-0.17043781280517578,1.2901346683502197
6331,9,3.3343615531921387,2.2159485816955566
6332,9,0.11720225214958191,0.2442825734615326
6334,9,0.37473925948143005,0.7532215118408203
6335,9,0.8714090585708618,0.454166978597641
6336,9,5.660985946655273,2.8035407066345215
6337,9,1.2231920957565308,0.6299387812614441
6338,9,2.5873632431030273,1.7293182611465454
6339,9,6.0464277267456055,3.2775955200195312
6340,9,-0.7492132782936096,0.3680655360221863
6341,9,0.033863615244627,1.0871307849884033
6342,9,2.324615240097046,1.706972360610962
6343,9,0.1527513712644577,0.19122344255447388
6344,9,0.29562830924987793,0.5110540390014648
6477,9,0.07970309257507324,1.2533905506134033
6478,9,0.07970309257507324,2.6854190826416016
6479,9,0.0,2.778266668319702
6480,9,2.185483932495117,0.637593686580658
6481,9,3.0067968368530273,0.6853796243667603
6482,9,-0.07970309257507324,0.15056557953357697
6516,9,-2.0854196548461914,0.003168415976688266
6517,9,1.0535789728164673,2.264708995819092
6518,9,-1.3274180889129639,1.6984264850616455
